{
  "mask_np": null,
  "depth_np": null,
  "gdino_box": [
    554.199462890625,
    209.58287048339844,
    781.098388671875,
    645.650146484375
  ],
  "sam_score": 0.9628365635871887,
  "similarity": 0.9271363019943237,
  "dets_all": [
    [
      [
        554.199462890625,
        209.58287048339844,
        781.098388671875,
        645.650146484375
      ],
      0.9628365635871887,
      "box"
    ]
  ],
  "detector_used": "sam3",
  "detection_was_skipped": false,
  "state": "FAR",
  "c_A": null,
  "c_B": null,
  "c_C": null,
  "c_D": null,
  "c_fused": null,
  "weights": null,
  "watchdog_alarm": false,
  "plane_normal": null,
  "z_mm": 448.9332275390625,
  "in_frame_fraction": null,
  "best_centroid": [
    667.2728970366971,
    425.723208092794
  ],
  "tilt_deg": null,
  "roll_deg": null,
  "pitch_deg": null,
  "near_plane_normal": null,
  "near_plane_n_inliers": null,
  "ee_mask": null,
  "ee_masking_applied": false,
  "signal_a_is_6dof": false,
  "c_E": null,
  "sam_center_pt": [
    667.64892578125,
    427.61651611328125
  ],
  "bbox_at_border": false,
  "source": "live"
}