{
  "mask_np": null,
  "depth_np": null,
  "gdino_box": [
    512.4693603515625,
    244.24725341796875,
    749.06201171875,
    680.8026123046875
  ],
  "sam_score": 0.9797005653381348,
  "similarity": 0.9136308431625366,
  "dets_all": [
    [
      [
        742.2171630859375,
        349.8518371582031,
        1221.8314208984375,
        668.8709716796875
      ],
      0.9611802697181702,
      "box"
    ],
    [
      [
        132.83203125,
        489.9906921386719,
        506.43914794921875,
        690.1199951171875
      ],
      0.9727545976638794,
      "box"
    ],
    [
      [
        739.6216430664062,
        111.88457489013672,
        1132.853271484375,
        368.3453063964844
      ],
      0.8513756394386292,
      "box"
    ],
    [
      [
        512.4693603515625,
        244.24725341796875,
        749.06201171875,
        680.8026123046875
      ],
      0.9797005653381348,
      "box"
    ],
    [
      [
        131.291015625,
        301.09429931640625,
        509.1497497558594,
        493.9617919921875
      ],
      0.9717267155647278,
      "box"
    ],
    [
      [
        744.2098999023438,
        282.1272888183594,
        1121.5452880859375,
        369.0759582519531
      ],
      0.7022644877433777,
      "box"
    ]
  ],
  "detector_used": "sam3",
  "detection_was_skipped": false,
  "state": "FAR",
  "c_A": null,
  "c_B": null,
  "c_C": null,
  "c_D": null,
  "c_fused": null,
  "weights": null,
  "watchdog_alarm": false,
  "plane_normal": null,
  "z_mm": 449.79296875,
  "in_frame_fraction": null,
  "best_centroid": [
    626.7116701195722,
    463.2813890145022
  ],
  "sam_center_pt": [
    630.7656860351562,
    462.5249328613281
  ],
  "bbox_at_border": false,
  "source": "live"
}