{
  "frame_index": 30,
  "source": "live",
  "detector_used": "sam3",
  "detection_was_skipped": false,
  "candidates": [
    {
      "box_xyxy": [
        546.991943359375,
        341.9393005371094,
        730.7315063476562,
        687.399169921875
      ],
      "score": 0.9461304545402527,
      "label": "box"
    }
  ],
  "chosen_box_xyxy": [
    546.991943359375,
    341.9393005371094,
    730.7315063476562,
    687.399169921875
  ],
  "sam_center_pt": [
    638.8616943359375,
    514.6692504882812
  ],
  "sam_score": 0.9461304545402527,
  "similarity": 0.9104224443435669,
  "best_centroid": [
    637,
    514
  ]
}