{
  "mask_np": null,
  "depth_np": null,
  "gdino_box": [
    525.7540283203125,
    203.3925323486328,
    758.8449096679688,
    633.6700439453125
  ],
  "sam_score": 0.9782273173332214,
  "similarity": 0.9179050326347351,
  "dets_all": [
    [
      [
        756.7752075195312,
        309.602783203125,
        1230.5787353515625,
        624.12890625
      ],
      0.9592810869216919,
      "box"
    ],
    [
      [
        756.2463989257812,
        63.90636444091797,
        1161.2840576171875,
        253.17088317871094
      ],
      0.5154922604560852,
      "box"
    ],
    [
      [
        161.0249481201172,
        448.0820617675781,
        521.7316284179688,
        639.1476440429688
      ],
      0.9710538387298584,
      "box"
    ],
    [
      [
        755.1272583007812,
        63.75786590576172,
        1160.698486328125,
        329.02850341796875
      ],
      0.8260384798049927,
      "box"
    ],
    [
      [
        525.7540283203125,
        203.3925323486328,
        758.8449096679688,
        633.6700439453125
      ],
      0.9782273173332214,
      "box"
    ],
    [
      [
        155.32167053222656,
        260.8321838378906,
        522.189697265625,
        451.4230651855469
      ],
      0.9724861979484558,
      "box"
    ],
    [
      [
        761.2784423828125,
        240.08792114257812,
        1144.9248046875,
        329.4502258300781
      ],
      0.7531753778457642,
      "box"
    ]
  ],
  "detector_used": "sam3",
  "detection_was_skipped": false,
  "state": "FAR",
  "c_A": null,
  "c_B": null,
  "c_C": null,
  "c_D": null,
  "c_fused": null,
  "weights": null,
  "watchdog_alarm": false,
  "plane_normal": null,
  "z_mm": 454.30224609375,
  "in_frame_fraction": null,
  "best_centroid": [
    639.770933445136,
    418.1866782769482
  ],
  "sam_center_pt": [
    642.2994384765625,
    418.5312805175781
  ],
  "bbox_at_border": false,
  "source": "live"
}