{
  "frame_index": 90,
  "source": "live",
  "detector_used": "gdino",
  "detection_was_skipped": false,
  "candidates": [
    {
      "box_xyxy": [
        516.70556640625,
        271.9569396972656,
        756.3604125976562,
        708.7236328125
      ],
      "score": 0.36691370606422424,
      "label": "cardboard box package carton"
    },
    {
      "box_xyxy": [
        476.9205322265625,
        256.8978271484375,
        798.1240234375,
        713.9127197265625
      ],
      "score": 0.2819746732711792,
      "label": "cardboard box package carton"
    },
    {
      "box_xyxy": [
        449.5140075683594,
        235.02059936523438,
        829.419677734375,
        714.4063720703125
      ],
      "score": 0.281276673078537,
      "label": "cardboard box package carton"
    }
  ],
  "chosen_box_xyxy": [
    516.70556640625,
    271.9569396972656,
    756.3604125976562,
    708.7236328125
  ],
  "sam_center_pt": [
    636.532958984375,
    490.34027099609375
  ],
  "sam_score": 0.9945023059844971,
  "similarity": 0.6862497925758362,
  "best_centroid": [
    636,
    497
  ]
}