{
  "frame_index": 30,
  "source": "live",
  "detector_used": "sam3",
  "detection_was_skipped": false,
  "candidates": [
    {
      "box_xyxy": [
        435.0138854980469,
        315.513916015625,
        849.8646240234375,
        541.0726928710938
      ],
      "score": 0.9495381116867065,
      "label": "box"
    },
    {
      "box_xyxy": [
        448.38690185546875,
        530.0368041992188,
        862.5940551757812,
        720.6236572265625
      ],
      "score": 0.9488385319709778,
      "label": "box"
    }
  ],
  "chosen_box_xyxy": [
    435.0138854980469,
    315.513916015625,
    849.8646240234375,
    541.0726928710938
  ],
  "sam_center_pt": [
    642.4392700195312,
    428.2933044433594
  ],
  "sam_score": 0.9495381116867065,
  "similarity": 0.9551759362220764,
  "best_centroid": [
    642,
    427
  ],
  "mask_area_px": 88298,
  "frame_shape": [
    720,
    1280,
    3
  ]
}