{
  "mask_np": null,
  "depth_np": null,
  "gdino_box": [
    528.411376953125,
    240.1021728515625,
    765.02978515625,
    676.6441040039062
  ],
  "sam_score": 0.9796085953712463,
  "similarity": 0.9188166856765747,
  "dets_all": [
    [
      [
        758.235595703125,
        343.8478088378906,
        1237.7489013671875,
        664.6908569335938
      ],
      0.9643571376800537,
      "box"
    ],
    [
      [
        150.99459838867188,
        485.4242858886719,
        522.15625,
        685.42236328125
      ],
      0.9696329832077026,
      "box"
    ],
    [
      [
        753.929931640625,
        107.51725006103516,
        1149.6837158203125,
        364.66961669921875
      ],
      0.9188727140426636,
      "box"
    ],
    [
      [
        528.411376953125,
        240.1021728515625,
        765.02978515625,
        676.6441040039062
      ],
      0.9796085953712463,
      "box"
    ],
    [
      [
        148.95831298828125,
        297.1542663574219,
        524.93994140625,
        490.2044677734375
      ],
      0.9713574051856995,
      "box"
    ]
  ],
  "detector_used": "sam3",
  "detection_was_skipped": false,
  "state": "FAR",
  "c_A": null,
  "c_B": null,
  "c_C": null,
  "c_D": null,
  "c_fused": null,
  "weights": null,
  "watchdog_alarm": false,
  "plane_normal": null,
  "z_mm": 449.3872375488281,
  "in_frame_fraction": null,
  "best_centroid": [
    642.6164782279758,
    458.8952168796234
  ],
  "sam_center_pt": [
    646.7205810546875,
    458.3731384277344
  ],
  "bbox_at_border": false,
  "source": "live"
}