{
  "frame_index": 30,
  "source": "live",
  "detector_used": "sam3",
  "detection_was_skipped": false,
  "candidates": [
    {
      "box_xyxy": [
        517.109130859375,
        289.61029052734375,
        761.2680053710938,
        720.80078125
      ],
      "score": 0.9038354158401489,
      "label": "box"
    }
  ],
  "chosen_box_xyxy": [
    517.109130859375,
    289.61029052734375,
    761.2680053710938,
    720.80078125
  ],
  "sam_center_pt": [
    639.1885986328125,
    505.2055358886719
  ],
  "sam_score": 0.9038354158401489,
  "similarity": 0.9173725843429565,
  "best_centroid": [
    636,
    505
  ]
}