{
  "mask_np": null,
  "depth_np": null,
  "gdino_box": [
    554.7969360351562,
    209.28396606445312,
    781.60498046875,
    645.0750732421875
  ],
  "sam_score": 0.9656038284301758,
  "similarity": 0.9308461546897888,
  "dets_all": [
    [
      [
        554.7969360351562,
        209.28396606445312,
        781.60498046875,
        645.0750732421875
      ],
      0.9656038284301758,
      "box"
    ]
  ],
  "detector_used": "sam3",
  "detection_was_skipped": false,
  "state": "FAR",
  "c_A": null,
  "c_B": null,
  "c_C": null,
  "c_D": null,
  "c_fused": null,
  "weights": null,
  "watchdog_alarm": false,
  "plane_normal": null,
  "z_mm": 449.9028015136719,
  "in_frame_fraction": null,
  "best_centroid": [
    667.7297092638809,
    425.43958106695675
  ],
  "tilt_deg": null,
  "roll_deg": null,
  "pitch_deg": null,
  "near_plane_normal": null,
  "near_plane_n_inliers": null,
  "ee_mask": null,
  "ee_masking_applied": false,
  "signal_a_is_6dof": false,
  "c_E": null,
  "sam_center_pt": [
    668.200927734375,
    427.17950439453125
  ],
  "bbox_at_border": false,
  "source": "live"
}