{
  "frame_index": 60,
  "source": "live",
  "detector_used": "sam3",
  "detection_was_skipped": false,
  "candidates": [
    {
      "box_xyxy": [
        375.737548828125,
        304.14263916015625,
        909.8200073242188,
        596.3616943359375
      ],
      "score": 0.9241009950637817,
      "label": "box"
    },
    {
      "box_xyxy": [
        393.1380920410156,
        577.8508911132812,
        925.9425048828125,
        719.8935546875
      ],
      "score": 0.9211126565933228,
      "label": "box"
    }
  ],
  "chosen_box_xyxy": [
    375.737548828125,
    304.14263916015625,
    909.8200073242188,
    596.3616943359375
  ],
  "sam_center_pt": [
    642.77880859375,
    450.2521667480469
  ],
  "sam_score": 0.9241009950637817,
  "similarity": 0.9547677636146545,
  "best_centroid": [
    642,
    448
  ],
  "mask_area_px": 146450,
  "frame_shape": [
    720,
    1280,
    3
  ]
}