{
  "frame_index": 30,
  "source": "live",
  "detector_used": "sam3",
  "detection_was_skipped": false,
  "candidates": [
    {
      "box_xyxy": [
        531.9443969726562,
        295.77362060546875,
        720.36669921875,
        647.4226684570312
      ],
      "score": 0.9643515348434448,
      "label": "box"
    }
  ],
  "chosen_box_xyxy": [
    531.9443969726562,
    295.77362060546875,
    720.36669921875,
    647.4226684570312
  ],
  "sam_center_pt": [
    626.155517578125,
    471.59814453125
  ],
  "sam_score": 0.9643515348434448,
  "similarity": 0.7654581665992737,
  "best_centroid": [
    625,
    470
  ]
}