{
  "frame_index": 90,
  "source": "live",
  "detector_used": "sam3",
  "detection_was_skipped": false,
  "candidates": [
    {
      "box_xyxy": [
        510.90869140625,
        277.5182800292969,
        770.46826171875,
        720.42822265625
      ],
      "score": 0.878030002117157,
      "label": "box"
    }
  ],
  "chosen_box_xyxy": [
    510.90869140625,
    277.5182800292969,
    770.46826171875,
    720.42822265625
  ],
  "sam_center_pt": [
    640.6884765625,
    498.9732666015625
  ],
  "sam_score": 0.878030002117157,
  "similarity": 0.93044513463974,
  "best_centroid": [
    638,
    500
  ],
  "mask_area_px": 108596,
  "frame_shape": [
    720,
    1280,
    3
  ]
}