{
  "frame_index": 90,
  "source": "live",
  "detector_used": "sam3",
  "detection_was_skipped": false,
  "candidates": [
    {
      "box_xyxy": [
        267.99371337890625,
        284.2068786621094,
        1021.1844482421875,
        698.3944702148438
      ],
      "score": 0.9422492384910583,
      "label": "box"
    },
    {
      "box_xyxy": [
        300.62884521484375,
        665.5650024414062,
        1043.805908203125,
        719.8743286132812
      ],
      "score": 0.8015456199645996,
      "label": "box"
    }
  ],
  "chosen_box_xyxy": [
    267.99371337890625,
    284.2068786621094,
    1021.1844482421875,
    698.3944702148438
  ],
  "sam_center_pt": [
    644.589111328125,
    491.3006591796875
  ],
  "sam_score": 0.9422492384910583,
  "similarity": 0.955891489982605,
  "best_centroid": [
    644,
    487
  ]
}