{
  "frame_index": 150,
  "source": "live",
  "detector_used": "sam3",
  "detection_was_skipped": false,
  "candidates": [
    {
      "box_xyxy": [
        413.61285400390625,
        176.06973266601562,
        860.5422973632812,
        720.0804443359375
      ],
      "score": 0.6344177722930908,
      "label": "box"
    }
  ],
  "chosen_box_xyxy": [
    413.61285400390625,
    176.06973266601562,
    860.5422973632812,
    720.0804443359375
  ],
  "sam_center_pt": [
    637.0775756835938,
    448.0750732421875
  ],
  "sam_score": 0.6344177722930908,
  "similarity": 0.9142010807991028,
  "best_centroid": [
    638,
    450
  ]
}