{
  "frame_index": 0,
  "source": "live",
  "detector_used": "sam3",
  "detection_was_skipped": false,
  "candidates": [
    {
      "box_xyxy": [
        450.1121520996094,
        278.2821960449219,
        624.99462890625,
        606.664794921875
      ],
      "score": 0.9559506177902222,
      "label": "box"
    }
  ],
  "chosen_box_xyxy": [
    450.1121520996094,
    278.2821960449219,
    624.99462890625,
    606.664794921875
  ],
  "sam_center_pt": [
    537.5534057617188,
    442.4735107421875
  ],
  "sam_score": 0.9559506177902222,
  "similarity": 0.9109290838241577,
  "best_centroid": [
    536,
    442
  ],
  "mask_area_px": 54241,
  "frame_shape": [
    720,
    1280,
    3
  ]
}