{
  "mask_np": null,
  "depth_np": null,
  "gdino_box": [
    544.003173828125,
    210.4080352783203,
    771.5365600585938,
    644.3782958984375
  ],
  "sam_score": 0.9633020758628845,
  "similarity": 0.9266817569732666,
  "dets_all": [
    [
      [
        544.003173828125,
        210.4080352783203,
        771.5365600585938,
        644.3782958984375
      ],
      0.9633020758628845,
      "box"
    ]
  ],
  "detector_used": "sam3",
  "detection_was_skipped": false,
  "state": "FAR",
  "c_A": null,
  "c_B": null,
  "c_C": null,
  "c_D": null,
  "c_fused": null,
  "weights": null,
  "watchdog_alarm": false,
  "plane_normal": null,
  "z_mm": 451.8229675292969,
  "in_frame_fraction": null,
  "best_centroid": [
    657.5278078129517,
    425.9429605284287
  ],
  "tilt_deg": null,
  "roll_deg": null,
  "pitch_deg": null,
  "near_plane_normal": null,
  "near_plane_n_inliers": null,
  "ee_mask": null,
  "ee_masking_applied": false,
  "signal_a_is_6dof": false,
  "c_E": null,
  "sam_center_pt": [
    657.7698974609375,
    427.3931579589844
  ],
  "bbox_at_border": false,
  "source": "live"
}