{
  "mask_np": null,
  "depth_np": null,
  "gdino_box": [
    512.9877319335938,
    243.40541076660156,
    749.3521728515625,
    679.9140014648438
  ],
  "sam_score": 0.9798242449760437,
  "similarity": 0.9170520901679993,
  "dets_all": [
    [
      [
        741.8447265625,
        345.9505615234375,
        1222.9447021484375,
        668.2039184570312
      ],
      0.9615515470504761,
      "box"
    ],
    [
      [
        133.63232421875,
        488.2518310546875,
        507.01861572265625,
        688.4072875976562
      ],
      0.9726094603538513,
      "box"
    ],
    [
      [
        739.8016357421875,
        111.01375579833984,
        1134.348876953125,
        368.4351501464844
      ],
      0.8769176602363586,
      "box"
    ],
    [
      [
        512.9877319335938,
        243.40541076660156,
        749.3521728515625,
        679.9140014648438
      ],
      0.9798242449760437,
      "box"
    ],
    [
      [
        132.322509765625,
        300.2959289550781,
        510.01788330078125,
        493.0201416015625
      ],
      0.9723516702651978,
      "box"
    ],
    [
      [
        742.6327514648438,
        281.21099853515625,
        1122.87744140625,
        368.65435791015625
      ],
      0.65744948387146,
      "box"
    ]
  ],
  "detector_used": "sam3",
  "detection_was_skipped": false,
  "state": "FAR",
  "c_A": null,
  "c_B": null,
  "c_C": null,
  "c_D": null,
  "c_fused": null,
  "weights": null,
  "watchdog_alarm": false,
  "plane_normal": null,
  "z_mm": 450.20697021484375,
  "in_frame_fraction": null,
  "best_centroid": [
    627.3328029672402,
    462.1082157571415
  ],
  "sam_center_pt": [
    631.169921875,
    461.6596984863281
  ],
  "source": "live"
}