{
  "mask_np": null,
  "depth_np": null,
  "gdino_box": [
    528.3826293945312,
    240.1087188720703,
    765.17041015625,
    676.1405029296875
  ],
  "sam_score": 0.9807872772216797,
  "similarity": 0.9213075041770935,
  "dets_all": [
    [
      [
        758.5850830078125,
        346.69158935546875,
        1237.9730224609375,
        664.5367431640625
      ],
      0.9612305164337158,
      "box"
    ],
    [
      [
        150.92115783691406,
        485.432373046875,
        522.6123046875,
        685.2721557617188
      ],
      0.9687479138374329,
      "box"
    ],
    [
      [
        753.9586181640625,
        107.63906860351562,
        1150.19482421875,
        364.7371826171875
      ],
      0.9449355006217957,
      "box"
    ],
    [
      [
        528.3826293945312,
        240.1087188720703,
        765.17041015625,
        676.1405029296875
      ],
      0.9807872772216797,
      "box"
    ],
    [
      [
        148.96658325195312,
        297.0660400390625,
        525.2293701171875,
        490.0162353515625
      ],
      0.9730860590934753,
      "box"
    ]
  ],
  "detector_used": "sam3",
  "detection_was_skipped": false,
  "state": "FAR",
  "c_A": null,
  "c_B": null,
  "c_C": null,
  "c_D": null,
  "c_fused": null,
  "weights": null,
  "watchdog_alarm": false,
  "plane_normal": null,
  "z_mm": 449.4174499511719,
  "in_frame_fraction": null,
  "best_centroid": [
    642.599537596553,
    458.81482843781197
  ],
  "sam_center_pt": [
    646.7764892578125,
    458.1246032714844
  ],
  "bbox_at_border": false,
  "source": "live"
}