{
  "mask_np": null,
  "depth_np": null,
  "gdino_box": [
    512.2919311523438,
    244.2151336669922,
    749.158447265625,
    680.9114379882812
  ],
  "sam_score": 0.9795946478843689,
  "similarity": 0.915324330329895,
  "dets_all": [
    [
      [
        740.90478515625,
        349.1800537109375,
        1221.7113037109375,
        669.0381469726562
      ],
      0.9638353586196899,
      "box"
    ],
    [
      [
        132.71170043945312,
        489.8394775390625,
        506.64642333984375,
        689.947265625
      ],
      0.9722254872322083,
      "box"
    ],
    [
      [
        738.8298950195312,
        112.03748321533203,
        1133.1090087890625,
        369.1207275390625
      ],
      0.8318490982055664,
      "box"
    ],
    [
      [
        512.2919311523438,
        244.2151336669922,
        749.158447265625,
        680.9114379882812
      ],
      0.9795946478843689,
      "box"
    ],
    [
      [
        131.16697692871094,
        301.1607971191406,
        509.867919921875,
        493.99462890625
      ],
      0.9723343253135681,
      "box"
    ],
    [
      [
        741.9932861328125,
        282.4607849121094,
        1121.482177734375,
        369.3853759765625
      ],
      0.7580859661102295,
      "box"
    ]
  ],
  "detector_used": "sam3",
  "detection_was_skipped": false,
  "state": "FAR",
  "c_A": null,
  "c_B": null,
  "c_C": null,
  "c_D": null,
  "c_fused": null,
  "weights": null,
  "watchdog_alarm": false,
  "plane_normal": null,
  "z_mm": 449.218994140625,
  "in_frame_fraction": null,
  "best_centroid": [
    626.7854153522608,
    463.2508832807571
  ],
  "sam_center_pt": [
    630.7252197265625,
    462.56329345703125
  ],
  "bbox_at_border": false,
  "source": "live"
}