{
  "frame_index": 60,
  "source": "live",
  "detector_used": "sam3",
  "detection_was_skipped": false,
  "candidates": [
    {
      "box_xyxy": [
        532.8269653320312,
        309.3462829589844,
        748.0235595703125,
        710.876220703125
      ],
      "score": 0.9479226469993591,
      "label": "box"
    }
  ],
  "chosen_box_xyxy": [
    532.8269653320312,
    309.3462829589844,
    748.0235595703125,
    710.876220703125
  ],
  "sam_center_pt": [
    640.42529296875,
    510.11126708984375
  ],
  "sam_score": 0.9479226469993591,
  "similarity": 0.9131649732589722,
  "best_centroid": [
    639,
    516
  ]
}