{
  "frame_index": 90,
  "source": "live",
  "detector_used": "sam3",
  "detection_was_skipped": false,
  "candidates": [
    {
      "box_xyxy": [
        440.0027770996094,
        220.80828857421875,
        843.533447265625,
        720.3146362304688
      ],
      "score": 0.8939046263694763,
      "label": "box"
    }
  ],
  "chosen_box_xyxy": [
    440.0027770996094,
    220.80828857421875,
    843.533447265625,
    720.3146362304688
  ],
  "sam_center_pt": [
    641.7681274414062,
    470.56146240234375
  ],
  "sam_score": 0.8939046263694763,
  "similarity": 0.9174118041992188,
  "best_centroid": [
    641,
    472
  ]
}