{
  "frame_index": 180,
  "source": "live",
  "detector_used": "sam3",
  "detection_was_skipped": false,
  "candidates": [
    {
      "box_xyxy": [
        273.6575622558594,
        68.06238555908203,
        1003.8421630859375,
        720.5792846679688
      ],
      "score": 0.4148579239845276,
      "label": "box"
    }
  ],
  "chosen_box_xyxy": [
    273.6575622558594,
    68.06238555908203,
    1003.8421630859375,
    720.5792846679688
  ],
  "sam_center_pt": [
    638.7498779296875,
    394.3208312988281
  ],
  "sam_score": 0.4148579239845276,
  "similarity": 0.8520234823226929,
  "best_centroid": [
    640,
    397
  ],
  "mask_area_px": 459415,
  "frame_shape": [
    720,
    1280,
    3
  ]
}