{
  "mask_np": null,
  "depth_np": null,
  "gdino_box": [
    530.4252319335938,
    103.09186553955078,
    799.40478515625,
    618.5589599609375
  ],
  "sam_score": 0.9650792479515076,
  "similarity": null,
  "dets_all": null,
  "detector_used": null,
  "detection_was_skipped": false,
  "state": "NEAR",
  "c_A": null,
  "c_B": null,
  "c_C": null,
  "c_D": null,
  "c_fused": null,
  "weights": null,
  "watchdog_alarm": false,
  "plane_normal": null,
  "z_mm": 379.6944274902344,
  "in_frame_fraction": null,
  "best_centroid": [
    664.5950747689021,
    360.00393965377
  ],
  "tilt_deg": 1.0254192949379457,
  "roll_deg": 0.23872716424926949,
  "pitch_deg": -0.9972547759393552,
  "near_plane_normal": [
    -0.017404349488010715,
    0.004165931877109985,
    -0.9998398539918754
  ],
  "near_plane_n_inliers": 25595,
  "ee_mask": null,
  "ee_masking_applied": false,
  "signal_a_is_6dof": false,
  "c_E": [
    664.5950747689021,
    360.00393965377
  ],
  "_tilt": "TiltEstimate(normal=array([-0.01740435,  0.00416593, -0.99983985]), centroid_cam=array([ 1.32926397e+01, -2.67852880e-01,  3.80689327e+02]), tilt_deg=1.0254192949379457, roll_deg=0.23872716424926949, pitch_deg=-0.9972547759393552, n_inliers=25595)",
  "source": "live"
}