{
  "frame_index": 60,
  "source": "live",
  "detector_used": "gdino",
  "detection_was_skipped": false,
  "candidates": [
    {
      "box_xyxy": [
        536.9283447265625,
        291.0077209472656,
        739.09716796875,
        659.4178466796875
      ],
      "score": 0.37358716130256653,
      "label": "cardboard box package carton"
    },
    {
      "box_xyxy": [
        495.2526550292969,
        270.45062255859375,
        788.0156860351562,
        677.3602294921875
      ],
      "score": 0.31075519323349,
      "label": "cardboard box package carton"
    },
    {
      "box_xyxy": [
        468.92547607421875,
        246.25389099121094,
        829.5587158203125,
        692.7779541015625
      ],
      "score": 0.2673516869544983,
      "label": "carton"
    }
  ],
  "chosen_box_xyxy": [
    536.9283447265625,
    291.0077209472656,
    739.09716796875,
    659.4178466796875
  ],
  "sam_center_pt": [
    638.0127563476562,
    475.2127685546875
  ],
  "sam_score": 0.9939582347869873,
  "similarity": 0.6855711936950684,
  "best_centroid": [
    637,
    475
  ],
  "mask_area_px": 67431,
  "frame_shape": [
    720,
    1280,
    3
  ]
}