{
  "frame_index": 0,
  "source": "live",
  "detector_used": "gdino",
  "detection_was_skipped": false,
  "candidates": [
    {
      "box_xyxy": [
        423.10076904296875,
        267.099365234375,
        728.1908569335938,
        430.45831298828125
      ],
      "score": 0.3319054841995239,
      "label": "cardboard box package carton"
    },
    {
      "box_xyxy": [
        421.8214416503906,
        265.8983459472656,
        748.053466796875,
        590.0678100585938
      ],
      "score": 0.3264618515968323,
      "label": "cardboard box package carton parcel"
    },
    {
      "box_xyxy": [
        435.8959655761719,
        422.3432922363281,
        745.247314453125,
        589.1803588867188
      ],
      "score": 0.3198901116847992,
      "label": "cardboard box package carton"
    }
  ],
  "chosen_box_xyxy": [
    423.10076904296875,
    267.099365234375,
    728.1908569335938,
    430.45831298828125
  ],
  "sam_center_pt": [
    575.6458129882812,
    348.7788391113281
  ],
  "sam_score": 0.9925274848937988,
  "similarity": 0.9518406391143799,
  "best_centroid": [
    575,
    350
  ],
  "mask_area_px": 45596,
  "frame_shape": [
    720,
    1280,
    3
  ]
}