{
  "mask_np": null,
  "depth_np": null,
  "gdino_box": [
    555.3312377929688,
    243.98016357421875,
    734.568359375,
    583.6178588867188
  ],
  "sam_score": 0.9702399373054504,
  "similarity": 0.9274467825889587,
  "dets_all": [
    [
      [
        555.3312377929688,
        243.98016357421875,
        734.568359375,
        583.6178588867188
      ],
      0.9702399373054504,
      "box"
    ]
  ],
  "detector_used": "sam3",
  "detection_was_skipped": false,
  "state": "FAR",
  "c_A": null,
  "c_B": null,
  "c_C": null,
  "c_D": null,
  "c_fused": null,
  "weights": null,
  "watchdog_alarm": false,
  "plane_normal": null,
  "z_mm": 577.1817016601562,
  "in_frame_fraction": null,
  "best_centroid": [
    644.4396176480831,
    412.7008740467319
  ],
  "tilt_deg": null,
  "roll_deg": null,
  "pitch_deg": null,
  "near_plane_normal": null,
  "near_plane_n_inliers": null,
  "ee_mask": null,
  "ee_masking_applied": false,
  "signal_a_is_6dof": false,
  "c_E": null,
  "sam_center_pt": [
    644.9498291015625,
    413.79901123046875
  ],
  "bbox_at_border": false,
  "source": "live"
}