{
  "mask_np": null,
  "depth_np": null,
  "gdino_box": [
    553.8190307617188,
    209.14979553222656,
    780.5899658203125,
    644.8423461914062
  ],
  "sam_score": 0.9656559228897095,
  "similarity": 0.9306172132492065,
  "dets_all": [
    [
      [
        553.8190307617188,
        209.14979553222656,
        780.5899658203125,
        644.8423461914062
      ],
      0.9656559228897095,
      "box"
    ]
  ],
  "detector_used": "sam3",
  "detection_was_skipped": false,
  "state": "FAR",
  "c_A": null,
  "c_B": null,
  "c_C": null,
  "c_D": null,
  "c_fused": null,
  "weights": null,
  "watchdog_alarm": false,
  "plane_normal": null,
  "z_mm": 449.35504150390625,
  "in_frame_fraction": null,
  "best_centroid": [
    666.8022335025381,
    425.1532567459257
  ],
  "tilt_deg": null,
  "roll_deg": null,
  "pitch_deg": null,
  "near_plane_normal": null,
  "near_plane_n_inliers": null,
  "ee_mask": null,
  "ee_masking_applied": false,
  "signal_a_is_6dof": false,
  "sam_center_pt": [
    667.2044677734375,
    426.9960632324219
  ],
  "bbox_at_border": false,
  "source": "live"
}