{
  "frame_index": 120,
  "source": "live",
  "detector_used": "sam3",
  "detection_was_skipped": false,
  "candidates": [
    {
      "box_xyxy": [
        476.82208251953125,
        245.81761169433594,
        803.548095703125,
        721.2144165039062
      ],
      "score": 0.7685926556587219,
      "label": "box"
    }
  ],
  "chosen_box_xyxy": [
    476.82208251953125,
    245.81761169433594,
    803.548095703125,
    721.2144165039062
  ],
  "sam_center_pt": [
    640.18505859375,
    483.5160217285156
  ],
  "sam_score": 0.7685926556587219,
  "similarity": 0.9323995113372803,
  "best_centroid": [
    639,
    485
  ]
}