{
  "mask_np": null,
  "depth_np": null,
  "gdino_box": [
    542.4346923828125,
    210.64898681640625,
    769.5053100585938,
    642.7282104492188
  ],
  "sam_score": 0.9580860733985901,
  "similarity": 0.9297240376472473,
  "dets_all": [
    [
      [
        542.4346923828125,
        210.64898681640625,
        769.5053100585938,
        642.7282104492188
      ],
      0.9580860733985901,
      "box"
    ]
  ],
  "detector_used": "sam3",
  "detection_was_skipped": false,
  "state": "FAR",
  "c_A": null,
  "c_B": null,
  "c_C": null,
  "c_D": null,
  "c_fused": null,
  "weights": null,
  "watchdog_alarm": false,
  "plane_normal": null,
  "z_mm": 453.3313293457031,
  "in_frame_fraction": null,
  "best_centroid": [
    655.9460303108585,
    425.7288060793938
  ],
  "tilt_deg": null,
  "roll_deg": null,
  "pitch_deg": null,
  "near_plane_normal": null,
  "near_plane_n_inliers": null,
  "ee_mask": null,
  "ee_masking_applied": false,
  "signal_a_is_6dof": false,
  "c_E": null,
  "sam_center_pt": [
    655.969970703125,
    426.6885986328125
  ],
  "bbox_at_border": false,
  "source": "live"
}