{
  "mask_np": null,
  "depth_np": null,
  "gdino_box": [
    512.578369140625,
    244.165283203125,
    748.6401977539062,
    680.8572387695312
  ],
  "sam_score": 0.9804553985595703,
  "similarity": 0.9158034324645996,
  "dets_all": [
    [
      [
        742.025146484375,
        350.275390625,
        1221.2586669921875,
        668.699951171875
      ],
      0.9620530605316162,
      "box"
    ],
    [
      [
        739.77392578125,
        111.95821380615234,
        1134.353515625,
        293.3736877441406
      ],
      0.5939688682556152,
      "box"
    ],
    [
      [
        132.81777954101562,
        489.7723388671875,
        506.37200927734375,
        690.0340576171875
      ],
      0.974439263343811,
      "box"
    ],
    [
      [
        738.834228515625,
        112.07160949707031,
        1132.625,
        369.22015380859375
      ],
      0.8271625638008118,
      "box"
    ],
    [
      [
        512.578369140625,
        244.165283203125,
        748.6401977539062,
        680.8572387695312
      ],
      0.9804553985595703,
      "box"
    ],
    [
      [
        131.16702270507812,
        300.9627380371094,
        509.230224609375,
        493.86041259765625
      ],
      0.97275710105896,
      "box"
    ],
    [
      [
        741.7675170898438,
        281.6291809082031,
        1121.6934814453125,
        369.48333740234375
      ],
      0.7679056525230408,
      "box"
    ]
  ],
  "detector_used": "sam3",
  "detection_was_skipped": false,
  "state": "FAR",
  "c_A": null,
  "c_B": null,
  "c_C": null,
  "c_D": null,
  "c_fused": null,
  "weights": null,
  "watchdog_alarm": false,
  "plane_normal": null,
  "z_mm": 449.99658203125,
  "in_frame_fraction": null,
  "best_centroid": [
    626.6887630176861,
    463.2199266490821
  ],
  "sam_center_pt": [
    630.6092529296875,
    462.5112609863281
  ],
  "bbox_at_border": false,
  "source": "live"
}