21:17:29.935 [INFO ] Logging to /data/user/akanksha/repo/visual_servoing_for_suction_grippers/logs/servo_lastmile_20260510_211729.log
21:17:29.935 [INFO ] ======================================================================
21:17:29.935 [INFO ] servo_lastmile_v2_ext starting
21:17:29.935 [INFO ]   detector=sam3  prompt=box  ref=None  hand-eye=None
21:17:29.935 [INFO ]   offline=False  debug=False  dry-run=True  no-robot=False
21:17:29.935 [INFO ] ======================================================================
21:17:29.952 [INFO ] PyZED available - will use ZED SDK for capture and SVO recording
21:17:29.952 [INFO ] Ground truth XYZ loaded: [634.121, 3.494, -86.965] mm
21:17:29.952 [INFO ] Robot disabled (--dry-run)
21:17:29.953 [WARNING] Hand-eye: no path supplied; using identity. Signal A (locked-3D projection) will be unreliable. Run a one-time calibrateHandEye to populate.
21:17:29.958 [INFO ] LastMilePipelineV2Ext: detector_name=sam3
21:17:34.934 [INFO ] SAM3 loaded: facebook/sam3 on cuda
21:17:35.414 [INFO ] SAM3: 1 detection(s) for 'box'
21:17:35.415 [INFO ] SAM3: 'box' score=0.96 @ [563 209 775 619]  (top of 1)
21:17:35.415 [INFO ] SAM3: mask obtained (score=0.960, area=84120 px)
21:17:35.805 [DEBUG] Grasp point: robust centroid (669, 414)
21:17:35.813 [INFO ] frame=0 state=FAR       c=(670,413) depth=476.5mm  robot xyz=(nan, nan, nan)mm  tilt=-
21:17:36.070 [INFO ] SAM3: 1 detection(s) for 'box'
21:17:36.070 [INFO ] SAM3: 'box' score=0.96 @ [563 209 775 619]  (top of 1)
21:17:36.070 [INFO ] SAM3: mask obtained (score=0.963, area=84120 px)
21:17:36.101 [DEBUG] Grasp point: robust centroid (669, 414)
21:17:36.108 [INFO ] frame=1 state=FAR       c=(670,413) depth=476.2mm  robot xyz=(nan, nan, nan)mm  tilt=-
21:17:36.363 [INFO ] SAM3: 1 detection(s) for 'box'
21:17:36.363 [INFO ] SAM3: 'box' score=0.96 @ [563 209 775 619]  (top of 1)
21:17:36.363 [INFO ] SAM3: mask obtained (score=0.965, area=84143 px)
21:17:36.390 [DEBUG] Grasp point: robust centroid (669, 414)
21:17:38.654 [INFO ] frame=2 state=NEAR      c=(670,413) depth=476.2mm  robot xyz=(nan, nan, nan)mm  tilt=-
21:17:38.906 [INFO ] SAM3: 1 detection(s) for 'box'
21:17:38.906 [INFO ] SAM3: 'box' score=0.96 @ [563 209 775 619]  (top of 1)
21:17:38.906 [INFO ] SAM3: mask obtained (score=0.961, area=84117 px)
21:17:38.933 [DEBUG] Grasp point: robust centroid (669, 414)
21:17:38.940 [INFO ] frame=3 state=NEAR      c=(670,413) depth=476.1mm  robot xyz=(nan, nan, nan)mm  tilt=-
21:17:39.193 [INFO ] SAM3: 1 detection(s) for 'box'
21:17:39.194 [INFO ] SAM3: 'box' score=0.96 @ [563 209 775 619]  (top of 1)
21:17:39.194 [INFO ] SAM3: mask obtained (score=0.963, area=84147 px)
21:17:39.221 [DEBUG] Grasp point: robust centroid (669, 414)
21:17:39.228 [INFO ] frame=4 state=NEAR      c=(670,413) depth=476.5mm  robot xyz=(nan, nan, nan)mm  tilt=-
21:17:39.487 [INFO ] SAM3: 1 detection(s) for 'box'
21:17:39.487 [INFO ] SAM3: 'box' score=0.96 @ [563 209 775 619]  (top of 1)
21:17:39.487 [INFO ] SAM3: mask obtained (score=0.960, area=84115 px)
21:17:39.514 [DEBUG] Grasp point: robust centroid (669, 414)
21:17:39.514 [INFO ] MaskTracker: anchor locked (IoU streak=5, last IoU=0.999)
21:17:39.521 [INFO ] frame=5 state=NEAR      c=(670,413) depth=476.8mm  robot xyz=(nan, nan, nan)mm  tilt=-
21:17:39.771 [INFO ] SAM3: 1 detection(s) for 'box'
21:17:39.772 [INFO ] SAM3: 'box' score=0.96 @ [563 209 775 619]  (top of 1)
21:17:39.772 [INFO ] SAM3: mask obtained (score=0.961, area=84089 px)
21:17:39.798 [DEBUG] Grasp point: robust centroid (669, 414)
21:17:39.798 [INFO ] MaskTracker: anchor locked (IoU streak=6, last IoU=0.999)
21:17:39.805 [INFO ] frame=6 state=NEAR      c=(670,413) depth=476.7mm  robot xyz=(nan, nan, nan)mm  tilt=-
21:17:40.056 [INFO ] SAM3: 1 detection(s) for 'box'
21:17:40.056 [INFO ] SAM3: 'box' score=0.96 @ [563 209 775 619]  (top of 1)
21:17:40.056 [INFO ] SAM3: mask obtained (score=0.962, area=84179 px)
21:17:40.083 [DEBUG] Grasp point: robust centroid (670, 414)
21:17:40.083 [INFO ] MaskTracker: anchor locked (IoU streak=7, last IoU=0.999)
21:17:40.090 [INFO ] frame=7 state=NEAR      c=(670,413) depth=476.6mm  robot xyz=(nan, nan, nan)mm  tilt=-
21:17:40.346 [INFO ] SAM3: 1 detection(s) for 'box'
21:17:40.346 [INFO ] SAM3: 'box' score=0.96 @ [563 209 775 619]  (top of 1)
21:17:40.346 [INFO ] SAM3: mask obtained (score=0.963, area=84157 px)
21:17:40.373 [DEBUG] Grasp point: robust centroid (669, 414)
21:17:40.374 [INFO ] MaskTracker: anchor locked (IoU streak=8, last IoU=0.999)
21:17:40.380 [INFO ] frame=8 state=NEAR      c=(670,413) depth=476.5mm  robot xyz=(nan, nan, nan)mm  tilt=-
21:17:40.637 [INFO ] SAM3: 1 detection(s) for 'box'
21:17:40.637 [INFO ] SAM3: 'box' score=0.96 @ [563 209 775 619]  (top of 1)
21:17:40.637 [INFO ] SAM3: mask obtained (score=0.959, area=84091 px)
21:17:40.663 [DEBUG] Grasp point: robust centroid (669, 414)
21:17:40.664 [INFO ] MaskTracker: anchor locked (IoU streak=9, last IoU=0.999)
21:17:40.670 [INFO ] frame=9 state=NEAR      c=(670,413) depth=476.6mm  robot xyz=(nan, nan, nan)mm  tilt=-
21:17:40.924 [INFO ] SAM3: 1 detection(s) for 'box'
21:17:40.924 [INFO ] SAM3: 'box' score=0.96 @ [563 209 775 619]  (top of 1)
21:17:40.924 [INFO ] SAM3: mask obtained (score=0.962, area=84121 px)
21:17:40.952 [DEBUG] Grasp point: robust centroid (669, 414)
21:17:40.953 [INFO ] MaskTracker: anchor locked (IoU streak=10, last IoU=0.999)
21:17:40.959 [INFO ] frame=10 state=NEAR      c=(670,413) depth=476.6mm  robot xyz=(nan, nan, nan)mm  tilt=-
21:17:41.207 [INFO ] SAM3: 1 detection(s) for 'box'
21:17:41.208 [INFO ] SAM3: 'box' score=0.96 @ [563 209 775 619]  (top of 1)
21:17:41.208 [INFO ] SAM3: mask obtained (score=0.962, area=84131 px)
21:17:41.235 [DEBUG] Grasp point: robust centroid (669, 414)
21:17:41.236 [INFO ] MaskTracker: anchor locked (IoU streak=11, last IoU=0.999)
21:17:41.243 [INFO ] frame=11 state=NEAR      c=(670,413) depth=476.5mm  robot xyz=(nan, nan, nan)mm  tilt=-
21:17:41.499 [INFO ] SAM3: 1 detection(s) for 'box'
21:17:41.499 [INFO ] SAM3: 'box' score=0.96 @ [563 209 775 619]  (top of 1)
21:17:41.499 [INFO ] SAM3: mask obtained (score=0.965, area=84138 px)
21:17:41.528 [DEBUG] Grasp point: robust centroid (669, 414)
21:17:41.528 [INFO ] MaskTracker: anchor locked (IoU streak=12, last IoU=0.999)
21:17:41.537 [INFO ] frame=12 state=NEAR      c=(670,413) depth=476.5mm  robot xyz=(nan, nan, nan)mm  tilt=-
21:17:41.792 [INFO ] SAM3: 1 detection(s) for 'box'
21:17:41.793 [INFO ] SAM3: 'box' score=0.97 @ [563 209 776 619]  (top of 1)
21:17:41.793 [INFO ] SAM3: mask obtained (score=0.965, area=84143 px)
21:17:41.821 [DEBUG] Grasp point: robust centroid (669, 414)
21:17:41.822 [INFO ] MaskTracker: anchor locked (IoU streak=13, last IoU=0.999)
21:17:41.830 [INFO ] frame=13 state=NEAR      c=(670,413) depth=476.5mm  robot xyz=(nan, nan, nan)mm  tilt=-
21:17:42.082 [INFO ] SAM3: 1 detection(s) for 'box'
21:17:42.082 [INFO ] SAM3: 'box' score=0.96 @ [563 209 775 619]  (top of 1)
21:17:42.083 [INFO ] SAM3: mask obtained (score=0.961, area=84125 px)
21:17:42.109 [DEBUG] Grasp point: robust centroid (669, 414)
21:17:42.109 [INFO ] MaskTracker: anchor locked (IoU streak=14, last IoU=0.999)
21:17:42.116 [INFO ] frame=14 state=NEAR      c=(670,413) depth=476.4mm  robot xyz=(nan, nan, nan)mm  tilt=-
21:17:42.372 [INFO ] SAM3: 1 detection(s) for 'box'
21:17:42.372 [INFO ] SAM3: 'box' score=0.96 @ [563 209 775 619]  (top of 1)
21:17:42.372 [INFO ] SAM3: mask obtained (score=0.958, area=84134 px)
21:17:42.399 [DEBUG] Grasp point: robust centroid (669, 414)
21:17:42.399 [INFO ] MaskTracker: anchor locked (IoU streak=15, last IoU=0.999)
21:17:42.406 [INFO ] frame=15 state=NEAR      c=(670,413) depth=476.5mm  robot xyz=(nan, nan, nan)mm  tilt=-
21:17:42.656 [INFO ] SAM3: 1 detection(s) for 'box'
21:17:42.656 [INFO ] SAM3: 'box' score=0.97 @ [563 209 775 619]  (top of 1)
21:17:42.656 [INFO ] SAM3: mask obtained (score=0.965, area=84077 px)
21:17:42.684 [DEBUG] Grasp point: robust centroid (669, 414)
21:17:42.684 [INFO ] MaskTracker: anchor locked (IoU streak=16, last IoU=0.999)
21:17:42.690 [INFO ] frame=16 state=NEAR      c=(670,413) depth=476.4mm  robot xyz=(nan, nan, nan)mm  tilt=-
21:17:42.946 [INFO ] SAM3: 1 detection(s) for 'box'
21:17:42.946 [INFO ] SAM3: 'box' score=0.96 @ [563 209 776 619]  (top of 1)
21:17:42.946 [INFO ] SAM3: mask obtained (score=0.964, area=84128 px)
21:17:42.974 [DEBUG] Grasp point: robust centroid (669, 414)
21:17:42.974 [INFO ] MaskTracker: anchor locked (IoU streak=17, last IoU=0.999)
21:17:42.981 [INFO ] frame=17 state=NEAR      c=(670,413) depth=476.4mm  robot xyz=(nan, nan, nan)mm  tilt=-
21:17:43.238 [INFO ] SAM3: 1 detection(s) for 'box'
21:17:43.238 [INFO ] SAM3: 'box' score=0.96 @ [563 209 775 619]  (top of 1)
21:17:43.238 [INFO ] SAM3: mask obtained (score=0.961, area=84142 px)
21:17:43.265 [DEBUG] Grasp point: robust centroid (670, 414)
21:17:43.266 [INFO ] MaskTracker: anchor locked (IoU streak=18, last IoU=0.999)
21:17:43.272 [INFO ] frame=18 state=NEAR      c=(670,413) depth=476.4mm  robot xyz=(nan, nan, nan)mm  tilt=-
21:17:43.530 [INFO ] SAM3: 1 detection(s) for 'box'
21:17:43.530 [INFO ] SAM3: 'box' score=0.97 @ [563 209 775 619]  (top of 1)
21:17:43.530 [INFO ] SAM3: mask obtained (score=0.966, area=84142 px)
21:17:43.557 [DEBUG] Grasp point: robust centroid (669, 414)
21:17:43.557 [INFO ] MaskTracker: anchor locked (IoU streak=19, last IoU=0.999)
21:17:43.563 [INFO ] frame=19 state=NEAR      c=(670,413) depth=476.3mm  robot xyz=(nan, nan, nan)mm  tilt=-
21:17:43.812 [INFO ] SAM3: 1 detection(s) for 'box'
21:17:43.813 [INFO ] SAM3: 'box' score=0.96 @ [563 209 775 619]  (top of 1)
21:17:43.813 [INFO ] SAM3: mask obtained (score=0.963, area=84138 px)
21:17:43.841 [DEBUG] Grasp point: robust centroid (669, 414)
21:17:43.841 [INFO ] MaskTracker: anchor locked (IoU streak=20, last IoU=0.999)
21:17:43.848 [INFO ] frame=20 state=NEAR      c=(670,413) depth=476.3mm  robot xyz=(nan, nan, nan)mm  tilt=-
21:17:44.104 [INFO ] SAM3: 1 detection(s) for 'box'
21:17:44.105 [INFO ] SAM3: 'box' score=0.96 @ [563 209 775 619]  (top of 1)
21:17:44.105 [INFO ] SAM3: mask obtained (score=0.964, area=84147 px)
21:17:44.131 [DEBUG] Grasp point: robust centroid (669, 414)
21:17:44.132 [INFO ] MaskTracker: anchor locked (IoU streak=21, last IoU=0.999)
21:17:44.138 [INFO ] frame=21 state=NEAR      c=(670,413) depth=476.3mm  robot xyz=(nan, nan, nan)mm  tilt=-
21:17:44.397 [INFO ] SAM3: 1 detection(s) for 'box'
21:17:44.397 [INFO ] SAM3: 'box' score=0.96 @ [563 209 775 619]  (top of 1)
21:17:44.397 [INFO ] SAM3: mask obtained (score=0.962, area=84147 px)
21:17:44.423 [DEBUG] Grasp point: robust centroid (669, 414)
21:17:44.424 [INFO ] MaskTracker: anchor locked (IoU streak=22, last IoU=0.999)
21:17:44.430 [INFO ] frame=22 state=NEAR      c=(670,413) depth=476.3mm  robot xyz=(nan, nan, nan)mm  tilt=-
21:17:44.685 [INFO ] SAM3: 1 detection(s) for 'box'
21:17:44.685 [INFO ] SAM3: 'box' score=0.96 @ [563 209 775 619]  (top of 1)
21:17:44.686 [INFO ] SAM3: mask obtained (score=0.963, area=84110 px)
21:17:44.712 [DEBUG] Grasp point: robust centroid (669, 414)
21:17:44.712 [INFO ] MaskTracker: anchor locked (IoU streak=23, last IoU=0.999)
21:17:44.718 [INFO ] frame=23 state=NEAR      c=(670,413) depth=476.2mm  robot xyz=(nan, nan, nan)mm  tilt=-
21:17:44.975 [INFO ] SAM3: 1 detection(s) for 'box'
21:17:44.975 [INFO ] SAM3: 'box' score=0.96 @ [563 209 775 619]  (top of 1)
21:17:44.975 [INFO ] SAM3: mask obtained (score=0.961, area=84131 px)
21:17:45.003 [DEBUG] Grasp point: robust centroid (669, 414)
21:17:45.003 [INFO ] MaskTracker: anchor locked (IoU streak=24, last IoU=0.999)
21:17:45.010 [INFO ] frame=24 state=NEAR      c=(670,413) depth=476.4mm  robot xyz=(nan, nan, nan)mm  tilt=-
21:17:45.264 [INFO ] SAM3: 1 detection(s) for 'box'
21:17:45.265 [INFO ] SAM3: 'box' score=0.96 @ [563 209 775 619]  (top of 1)
21:17:45.265 [INFO ] SAM3: mask obtained (score=0.959, area=84123 px)
21:17:45.291 [DEBUG] Grasp point: robust centroid (669, 414)
21:17:45.292 [INFO ] MaskTracker: anchor locked (IoU streak=25, last IoU=0.999)
21:17:45.299 [INFO ] frame=25 state=NEAR      c=(670,413) depth=476.4mm  robot xyz=(nan, nan, nan)mm  tilt=-
21:17:45.554 [INFO ] SAM3: 1 detection(s) for 'box'
21:17:45.554 [INFO ] SAM3: 'box' score=0.96 @ [563 209 775 619]  (top of 1)
21:17:45.554 [INFO ] SAM3: mask obtained (score=0.961, area=84100 px)
21:17:45.581 [DEBUG] Grasp point: robust centroid (669, 414)
21:17:45.581 [INFO ] MaskTracker: anchor locked (IoU streak=26, last IoU=0.999)
21:17:45.588 [INFO ] frame=26 state=NEAR      c=(670,413) depth=476.4mm  robot xyz=(nan, nan, nan)mm  tilt=-
21:17:45.842 [INFO ] SAM3: 1 detection(s) for 'box'
21:17:45.843 [INFO ] SAM3: 'box' score=0.96 @ [563 209 775 619]  (top of 1)
21:17:45.843 [INFO ] SAM3: mask obtained (score=0.960, area=84153 px)
21:17:45.870 [DEBUG] Grasp point: robust centroid (669, 414)
21:17:45.870 [INFO ] MaskTracker: anchor locked (IoU streak=27, last IoU=0.999)
21:17:45.877 [INFO ] frame=27 state=NEAR      c=(670,413) depth=476.4mm  robot xyz=(nan, nan, nan)mm  tilt=-
21:17:46.138 [INFO ] SAM3: 1 detection(s) for 'box'
21:17:46.138 [INFO ] SAM3: 'box' score=0.96 @ [563 209 775 619]  (top of 1)
21:17:46.138 [INFO ] SAM3: mask obtained (score=0.961, area=84136 px)
21:17:46.167 [DEBUG] Grasp point: robust centroid (669, 414)
21:17:46.167 [INFO ] MaskTracker: anchor locked (IoU streak=28, last IoU=0.999)
21:17:46.173 [INFO ] frame=28 state=NEAR      c=(670,413) depth=476.3mm  robot xyz=(nan, nan, nan)mm  tilt=-
21:17:46.441 [INFO ] SAM3: 1 detection(s) for 'box'
21:17:46.441 [INFO ] SAM3: 'box' score=0.96 @ [563 209 775 619]  (top of 1)
21:17:46.441 [INFO ] SAM3: mask obtained (score=0.958, area=84120 px)
21:17:46.470 [DEBUG] Grasp point: robust centroid (669, 414)
21:17:46.470 [INFO ] MaskTracker: anchor locked (IoU streak=29, last IoU=0.999)
21:17:46.476 [INFO ] frame=29 state=NEAR      c=(670,413) depth=476.3mm  robot xyz=(nan, nan, nan)mm  tilt=-
21:17:46.746 [INFO ] SAM3: 1 detection(s) for 'box'
21:17:46.746 [INFO ] SAM3: 'box' score=0.96 @ [563 209 775 619]  (top of 1)
21:17:46.746 [INFO ] SAM3: mask obtained (score=0.965, area=84158 px)
21:17:46.775 [DEBUG] Grasp point: robust centroid (669, 414)
21:17:46.775 [INFO ] MaskTracker: anchor locked (IoU streak=30, last IoU=0.999)
21:17:46.782 [INFO ] frame=30 state=NEAR      c=(670,413) depth=476.4mm  robot xyz=(nan, nan, nan)mm  tilt=-
21:17:47.053 [INFO ] SAM3: 1 detection(s) for 'box'
21:17:47.054 [INFO ] SAM3: 'box' score=0.96 @ [563 209 775 619]  (top of 1)
21:17:47.054 [INFO ] SAM3: mask obtained (score=0.963, area=84097 px)
21:17:47.082 [DEBUG] Grasp point: robust centroid (669, 414)
21:17:47.083 [INFO ] MaskTracker: anchor locked (IoU streak=31, last IoU=0.999)
21:17:47.089 [INFO ] frame=31 state=NEAR      c=(670,413) depth=476.5mm  robot xyz=(nan, nan, nan)mm  tilt=-
21:17:47.349 [INFO ] SAM3: 1 detection(s) for 'box'
21:17:47.349 [INFO ] SAM3: 'box' score=0.96 @ [563 209 775 619]  (top of 1)
21:17:47.349 [INFO ] SAM3: mask obtained (score=0.962, area=84116 px)
21:17:47.375 [DEBUG] Grasp point: robust centroid (669, 414)
21:17:47.375 [INFO ] MaskTracker: anchor locked (IoU streak=32, last IoU=0.999)
21:17:47.382 [INFO ] frame=32 state=NEAR      c=(670,413) depth=476.4mm  robot xyz=(nan, nan, nan)mm  tilt=-
21:17:47.638 [INFO ] SAM3: 1 detection(s) for 'box'
21:17:47.638 [INFO ] SAM3: 'box' score=0.96 @ [563 209 775 619]  (top of 1)
21:17:47.638 [INFO ] SAM3: mask obtained (score=0.965, area=84118 px)
21:17:47.665 [DEBUG] Grasp point: robust centroid (669, 414)
21:17:47.665 [INFO ] MaskTracker: anchor locked (IoU streak=33, last IoU=0.999)
21:17:47.671 [INFO ] frame=33 state=NEAR      c=(670,413) depth=476.5mm  robot xyz=(nan, nan, nan)mm  tilt=-
21:17:47.932 [INFO ] SAM3: 1 detection(s) for 'box'
21:17:47.932 [INFO ] SAM3: 'box' score=0.96 @ [563 209 775 619]  (top of 1)
21:17:47.932 [INFO ] SAM3: mask obtained (score=0.962, area=84121 px)
21:17:47.958 [DEBUG] Grasp point: robust centroid (669, 414)
21:17:47.959 [INFO ] MaskTracker: anchor locked (IoU streak=34, last IoU=0.999)
21:17:47.965 [INFO ] frame=34 state=NEAR      c=(670,413) depth=476.6mm  robot xyz=(nan, nan, nan)mm  tilt=-
21:17:48.224 [INFO ] SAM3: 1 detection(s) for 'box'
21:17:48.224 [INFO ] SAM3: 'box' score=0.96 @ [563 209 775 619]  (top of 1)
21:17:48.225 [INFO ] SAM3: mask obtained (score=0.963, area=84123 px)
21:17:48.252 [DEBUG] Grasp point: robust centroid (669, 414)
21:17:48.252 [INFO ] MaskTracker: anchor locked (IoU streak=35, last IoU=0.999)
21:17:48.258 [INFO ] frame=35 state=NEAR      c=(670,413) depth=476.6mm  robot xyz=(nan, nan, nan)mm  tilt=-
21:17:48.519 [INFO ] SAM3: 1 detection(s) for 'box'
21:17:48.519 [INFO ] SAM3: 'box' score=0.96 @ [563 209 775 619]  (top of 1)
21:17:48.519 [INFO ] SAM3: mask obtained (score=0.964, area=84155 px)
21:17:48.546 [DEBUG] Grasp point: robust centroid (669, 414)
21:17:48.546 [INFO ] MaskTracker: anchor locked (IoU streak=36, last IoU=0.999)
21:17:48.553 [INFO ] frame=36 state=NEAR      c=(670,413) depth=476.5mm  robot xyz=(nan, nan, nan)mm  tilt=-
21:17:48.808 [INFO ] SAM3: 1 detection(s) for 'box'
21:17:48.808 [INFO ] SAM3: 'box' score=0.96 @ [563 209 775 619]  (top of 1)
21:17:48.808 [INFO ] SAM3: mask obtained (score=0.961, area=84144 px)
21:17:48.835 [DEBUG] Grasp point: robust centroid (669, 414)
21:17:48.836 [INFO ] MaskTracker: anchor locked (IoU streak=37, last IoU=0.999)
21:17:48.843 [INFO ] frame=37 state=NEAR      c=(670,413) depth=476.6mm  robot xyz=(nan, nan, nan)mm  tilt=-
21:17:49.105 [INFO ] SAM3: 1 detection(s) for 'box'
21:17:49.105 [INFO ] SAM3: 'box' score=0.97 @ [563 209 775 619]  (top of 1)
21:17:49.105 [INFO ] SAM3: mask obtained (score=0.965, area=84160 px)
21:17:49.132 [DEBUG] Grasp point: robust centroid (670, 414)
21:17:49.133 [INFO ] MaskTracker: anchor locked (IoU streak=38, last IoU=0.999)
21:17:49.140 [INFO ] frame=38 state=NEAR      c=(670,413) depth=476.5mm  robot xyz=(nan, nan, nan)mm  tilt=-
21:17:49.398 [INFO ] SAM3: 1 detection(s) for 'box'
21:17:49.399 [INFO ] SAM3: 'box' score=0.96 @ [563 209 775 619]  (top of 1)
21:17:49.399 [INFO ] SAM3: mask obtained (score=0.962, area=84129 px)
21:17:49.425 [DEBUG] Grasp point: robust centroid (669, 414)
21:17:49.426 [INFO ] MaskTracker: anchor locked (IoU streak=39, last IoU=0.999)
21:17:49.433 [INFO ] frame=39 state=NEAR      c=(670,413) depth=476.5mm  robot xyz=(nan, nan, nan)mm  tilt=-
21:17:49.699 [INFO ] SAM3: 1 detection(s) for 'box'
21:17:49.699 [INFO ] SAM3: 'box' score=0.96 @ [563 209 775 619]  (top of 1)
21:17:49.699 [INFO ] SAM3: mask obtained (score=0.963, area=84230 px)
21:17:49.726 [DEBUG] Grasp point: robust centroid (669, 414)
21:17:49.726 [INFO ] MaskTracker: anchor locked (IoU streak=40, last IoU=0.998)
21:17:49.733 [INFO ] frame=40 state=NEAR      c=(670,413) depth=476.5mm  robot xyz=(nan, nan, nan)mm  tilt=-
21:17:49.990 [INFO ] SAM3: 1 detection(s) for 'box'
21:17:49.990 [INFO ] SAM3: 'box' score=0.96 @ [563 209 775 619]  (top of 1)
21:17:49.990 [INFO ] SAM3: mask obtained (score=0.962, area=84145 px)
21:17:50.018 [DEBUG] Grasp point: robust centroid (669, 414)
21:17:50.018 [INFO ] MaskTracker: anchor locked (IoU streak=41, last IoU=0.999)
21:17:50.024 [INFO ] frame=41 state=NEAR      c=(670,413) depth=476.5mm  robot xyz=(nan, nan, nan)mm  tilt=-
21:17:50.274 [INFO ] SAM3: 1 detection(s) for 'box'
21:17:50.274 [INFO ] SAM3: 'box' score=0.96 @ [563 209 776 619]  (top of 1)
21:17:50.274 [INFO ] SAM3: mask obtained (score=0.962, area=84135 px)
21:17:50.302 [DEBUG] Grasp point: robust centroid (669, 414)
21:17:50.302 [INFO ] MaskTracker: anchor locked (IoU streak=42, last IoU=0.999)
21:17:50.309 [INFO ] frame=42 state=NEAR      c=(670,413) depth=476.5mm  robot xyz=(nan, nan, nan)mm  tilt=-
21:17:50.571 [INFO ] SAM3: 1 detection(s) for 'box'
21:17:50.571 [INFO ] SAM3: 'box' score=0.96 @ [563 209 775 619]  (top of 1)
21:17:50.571 [INFO ] SAM3: mask obtained (score=0.963, area=84159 px)
21:17:50.600 [DEBUG] Grasp point: robust centroid (669, 414)
21:17:50.600 [INFO ] MaskTracker: anchor locked (IoU streak=43, last IoU=0.999)
21:17:50.607 [INFO ] frame=43 state=NEAR      c=(670,413) depth=476.4mm  robot xyz=(nan, nan, nan)mm  tilt=-
21:17:50.868 [INFO ] SAM3: 1 detection(s) for 'box'
21:17:50.869 [INFO ] SAM3: 'box' score=0.96 @ [563 209 775 619]  (top of 1)
21:17:50.869 [INFO ] SAM3: mask obtained (score=0.961, area=84131 px)
21:17:50.896 [DEBUG] Grasp point: robust centroid (669, 414)
21:17:50.897 [INFO ] MaskTracker: anchor locked (IoU streak=44, last IoU=0.999)
21:17:50.903 [INFO ] frame=44 state=NEAR      c=(670,413) depth=476.5mm  robot xyz=(nan, nan, nan)mm  tilt=-
21:17:51.165 [INFO ] SAM3: 1 detection(s) for 'box'
21:17:51.165 [INFO ] SAM3: 'box' score=0.96 @ [563 209 775 619]  (top of 1)
21:17:51.165 [INFO ] SAM3: mask obtained (score=0.959, area=84154 px)
21:17:51.192 [DEBUG] Grasp point: robust centroid (669, 414)
21:17:51.192 [INFO ] MaskTracker: anchor locked (IoU streak=45, last IoU=0.999)
21:17:51.199 [INFO ] frame=45 state=NEAR      c=(670,413) depth=476.5mm  robot xyz=(nan, nan, nan)mm  tilt=-
21:17:51.449 [INFO ] SAM3: 1 detection(s) for 'box'
21:17:51.449 [INFO ] SAM3: 'box' score=0.96 @ [563 209 775 619]  (top of 1)
21:17:51.449 [INFO ] SAM3: mask obtained (score=0.962, area=84142 px)
21:17:51.476 [DEBUG] Grasp point: robust centroid (669, 414)
21:17:51.476 [INFO ] MaskTracker: anchor locked (IoU streak=46, last IoU=0.999)
21:17:51.483 [INFO ] frame=46 state=NEAR      c=(670,413) depth=476.4mm  robot xyz=(nan, nan, nan)mm  tilt=-
21:17:51.743 [INFO ] SAM3: 1 detection(s) for 'box'
21:17:51.743 [INFO ] SAM3: 'box' score=0.96 @ [563 209 775 619]  (top of 1)
21:17:51.743 [INFO ] SAM3: mask obtained (score=0.959, area=84138 px)
21:17:51.771 [DEBUG] Grasp point: robust centroid (669, 414)
21:17:51.771 [INFO ] MaskTracker: anchor locked (IoU streak=47, last IoU=0.999)
21:17:51.777 [INFO ] frame=47 state=NEAR      c=(670,413) depth=476.5mm  robot xyz=(nan, nan, nan)mm  tilt=-
21:17:52.028 [INFO ] SAM3: 1 detection(s) for 'box'
21:17:52.029 [INFO ] SAM3: 'box' score=0.96 @ [563 209 775 619]  (top of 1)
21:17:52.029 [INFO ] SAM3: mask obtained (score=0.965, area=84103 px)
21:17:52.055 [DEBUG] Grasp point: robust centroid (669, 414)
21:17:52.056 [INFO ] MaskTracker: anchor locked (IoU streak=48, last IoU=0.999)
21:17:52.063 [INFO ] frame=48 state=NEAR      c=(670,413) depth=476.4mm  robot xyz=(nan, nan, nan)mm  tilt=-
21:17:52.318 [INFO ] SAM3: 1 detection(s) for 'box'
21:17:52.318 [INFO ] SAM3: 'box' score=0.96 @ [563 209 775 619]  (top of 1)
21:17:52.318 [INFO ] SAM3: mask obtained (score=0.959, area=84143 px)
21:17:52.345 [DEBUG] Grasp point: robust centroid (669, 414)
21:17:52.345 [INFO ] MaskTracker: anchor locked (IoU streak=49, last IoU=0.999)
21:17:52.352 [INFO ] frame=49 state=NEAR      c=(670,413) depth=476.5mm  robot xyz=(nan, nan, nan)mm  tilt=-
21:17:52.613 [INFO ] SAM3: 1 detection(s) for 'box'
21:17:52.613 [INFO ] SAM3: 'box' score=0.96 @ [563 209 775 619]  (top of 1)
21:17:52.614 [INFO ] SAM3: mask obtained (score=0.965, area=84162 px)
21:17:52.641 [DEBUG] Grasp point: robust centroid (669, 414)
21:17:52.641 [INFO ] MaskTracker: anchor locked (IoU streak=50, last IoU=0.999)
21:17:52.648 [INFO ] frame=50 state=NEAR      c=(670,413) depth=476.5mm  robot xyz=(nan, nan, nan)mm  tilt=-
21:17:52.902 [INFO ] SAM3: 1 detection(s) for 'box'
21:17:52.902 [INFO ] SAM3: 'box' score=0.96 @ [563 209 775 619]  (top of 1)
21:17:52.903 [INFO ] SAM3: mask obtained (score=0.958, area=84143 px)
21:17:52.929 [DEBUG] Grasp point: robust centroid (669, 414)
21:17:52.930 [INFO ] MaskTracker: anchor locked (IoU streak=51, last IoU=0.999)
21:17:52.936 [INFO ] frame=51 state=NEAR      c=(670,413) depth=476.7mm  robot xyz=(nan, nan, nan)mm  tilt=-
21:17:53.187 [INFO ] SAM3: 1 detection(s) for 'box'
21:17:53.187 [INFO ] SAM3: 'box' score=0.96 @ [563 209 776 619]  (top of 1)
21:17:53.187 [INFO ] SAM3: mask obtained (score=0.959, area=84098 px)
21:17:53.214 [DEBUG] Grasp point: robust centroid (669, 414)
21:17:53.215 [INFO ] MaskTracker: anchor locked (IoU streak=52, last IoU=0.999)
21:17:53.221 [INFO ] frame=52 state=NEAR      c=(670,413) depth=476.5mm  robot xyz=(nan, nan, nan)mm  tilt=-
21:17:53.478 [INFO ] SAM3: 1 detection(s) for 'box'
21:17:53.478 [INFO ] SAM3: 'box' score=0.96 @ [563 209 775 619]  (top of 1)
21:17:53.478 [INFO ] SAM3: mask obtained (score=0.958, area=84114 px)
21:17:53.505 [DEBUG] Grasp point: robust centroid (669, 414)
21:17:53.506 [INFO ] MaskTracker: anchor locked (IoU streak=53, last IoU=0.999)
21:17:53.512 [INFO ] frame=53 state=NEAR      c=(670,413) depth=476.5mm  robot xyz=(nan, nan, nan)mm  tilt=-
21:17:53.766 [INFO ] SAM3: 1 detection(s) for 'box'
21:17:53.766 [INFO ] SAM3: 'box' score=0.96 @ [563 209 775 619]  (top of 1)
21:17:53.766 [INFO ] SAM3: mask obtained (score=0.962, area=84097 px)
21:17:53.793 [DEBUG] Grasp point: robust centroid (669, 414)
21:17:53.793 [INFO ] MaskTracker: anchor locked (IoU streak=54, last IoU=0.999)
21:17:53.801 [INFO ] frame=54 state=NEAR      c=(670,413) depth=476.6mm  robot xyz=(nan, nan, nan)mm  tilt=-
21:17:54.061 [INFO ] SAM3: 1 detection(s) for 'box'
21:17:54.061 [INFO ] SAM3: 'box' score=0.96 @ [563 209 775 619]  (top of 1)
21:17:54.062 [INFO ] SAM3: mask obtained (score=0.963, area=84104 px)
21:17:54.089 [DEBUG] Grasp point: robust centroid (669, 414)
21:17:54.089 [INFO ] MaskTracker: anchor locked (IoU streak=55, last IoU=0.999)
21:17:54.096 [INFO ] frame=55 state=NEAR      c=(670,413) depth=476.6mm  robot xyz=(nan, nan, nan)mm  tilt=-
21:17:54.351 [INFO ] SAM3: 1 detection(s) for 'box'
21:17:54.351 [INFO ] SAM3: 'box' score=0.96 @ [563 209 775 619]  (top of 1)
21:17:54.351 [INFO ] SAM3: mask obtained (score=0.963, area=84114 px)
21:17:54.378 [DEBUG] Grasp point: robust centroid (669, 414)
21:17:54.379 [INFO ] MaskTracker: anchor locked (IoU streak=56, last IoU=0.999)
21:17:54.385 [INFO ] frame=56 state=NEAR      c=(670,413) depth=476.5mm  robot xyz=(nan, nan, nan)mm  tilt=-
21:17:54.639 [INFO ] SAM3: 1 detection(s) for 'box'
21:17:54.639 [INFO ] SAM3: 'box' score=0.96 @ [563 209 775 619]  (top of 1)
21:17:54.639 [INFO ] SAM3: mask obtained (score=0.961, area=84096 px)
21:17:54.667 [DEBUG] Grasp point: robust centroid (669, 414)
21:17:54.667 [INFO ] MaskTracker: anchor locked (IoU streak=57, last IoU=0.999)
21:17:54.673 [INFO ] frame=57 state=NEAR      c=(670,413) depth=476.6mm  robot xyz=(nan, nan, nan)mm  tilt=-
21:17:54.925 [INFO ] SAM3: 1 detection(s) for 'box'
21:17:54.925 [INFO ] SAM3: 'box' score=0.96 @ [563 209 775 619]  (top of 1)
21:17:54.925 [INFO ] SAM3: mask obtained (score=0.961, area=84127 px)
21:17:54.952 [DEBUG] Grasp point: robust centroid (669, 414)
21:17:54.952 [INFO ] MaskTracker: anchor locked (IoU streak=58, last IoU=0.999)
21:17:54.958 [INFO ] frame=58 state=NEAR      c=(670,413) depth=476.5mm  robot xyz=(nan, nan, nan)mm  tilt=-
21:17:55.207 [INFO ] SAM3: 1 detection(s) for 'box'
21:17:55.208 [INFO ] SAM3: 'box' score=0.96 @ [562 209 776 619]  (top of 1)
21:17:55.208 [INFO ] SAM3: mask obtained (score=0.956, area=84095 px)
21:17:55.234 [DEBUG] Grasp point: robust centroid (669, 414)
21:17:55.235 [INFO ] MaskTracker: anchor locked (IoU streak=59, last IoU=0.999)
21:17:55.241 [INFO ] frame=59 state=NEAR      c=(670,413) depth=476.6mm  robot xyz=(nan, nan, nan)mm  tilt=-
21:17:55.492 [INFO ] SAM3: 1 detection(s) for 'box'
21:17:55.492 [INFO ] SAM3: 'box' score=0.96 @ [563 209 775 619]  (top of 1)
21:17:55.492 [INFO ] SAM3: mask obtained (score=0.961, area=84095 px)
21:17:55.519 [DEBUG] Grasp point: robust centroid (669, 414)
21:17:55.519 [INFO ] MaskTracker: anchor locked (IoU streak=60, last IoU=0.999)
21:17:55.526 [INFO ] frame=60 state=NEAR      c=(670,413) depth=476.6mm  robot xyz=(nan, nan, nan)mm  tilt=-
21:17:55.781 [INFO ] SAM3: 1 detection(s) for 'box'
21:17:55.781 [INFO ] SAM3: 'box' score=0.96 @ [563 209 776 619]  (top of 1)
21:17:55.782 [INFO ] SAM3: mask obtained (score=0.962, area=84105 px)
21:17:55.809 [DEBUG] Grasp point: robust centroid (669, 414)
21:17:55.809 [INFO ] MaskTracker: anchor locked (IoU streak=61, last IoU=0.999)
21:17:55.816 [INFO ] frame=61 state=NEAR      c=(670,413) depth=476.6mm  robot xyz=(nan, nan, nan)mm  tilt=-
21:17:56.074 [INFO ] SAM3: 1 detection(s) for 'box'
21:17:56.074 [INFO ] SAM3: 'box' score=0.97 @ [563 209 775 619]  (top of 1)
21:17:56.074 [INFO ] SAM3: mask obtained (score=0.965, area=84092 px)
21:17:56.101 [DEBUG] Grasp point: robust centroid (669, 414)
21:17:56.101 [INFO ] MaskTracker: anchor locked (IoU streak=62, last IoU=0.999)
21:17:56.108 [INFO ] frame=62 state=NEAR      c=(670,413) depth=476.6mm  robot xyz=(nan, nan, nan)mm  tilt=-
21:17:56.362 [INFO ] SAM3: 1 detection(s) for 'box'
21:17:56.362 [INFO ] SAM3: 'box' score=0.96 @ [563 209 775 619]  (top of 1)
21:17:56.362 [INFO ] SAM3: mask obtained (score=0.960, area=84087 px)
21:17:56.388 [DEBUG] Grasp point: robust centroid (669, 414)
21:17:56.389 [INFO ] MaskTracker: anchor locked (IoU streak=63, last IoU=0.999)
21:17:56.395 [INFO ] frame=63 state=NEAR      c=(670,413) depth=476.5mm  robot xyz=(nan, nan, nan)mm  tilt=-
21:17:56.646 [INFO ] SAM3: 1 detection(s) for 'box'
21:17:56.646 [INFO ] SAM3: 'box' score=0.96 @ [563 209 775 619]  (top of 1)
21:17:56.647 [INFO ] SAM3: mask obtained (score=0.959, area=84136 px)
21:17:56.673 [DEBUG] Grasp point: robust centroid (669, 414)
21:17:56.673 [INFO ] MaskTracker: anchor locked (IoU streak=64, last IoU=0.999)
21:17:56.680 [INFO ] frame=64 state=NEAR      c=(670,413) depth=476.5mm  robot xyz=(nan, nan, nan)mm  tilt=-
21:17:56.935 [INFO ] SAM3: 1 detection(s) for 'box'
21:17:56.935 [INFO ] SAM3: 'box' score=0.96 @ [563 209 775 619]  (top of 1)
21:17:56.935 [INFO ] SAM3: mask obtained (score=0.965, area=84120 px)
21:17:56.963 [DEBUG] Grasp point: robust centroid (669, 414)
21:17:56.963 [INFO ] MaskTracker: anchor locked (IoU streak=65, last IoU=0.999)
21:17:56.970 [INFO ] frame=65 state=NEAR      c=(670,413) depth=476.6mm  robot xyz=(nan, nan, nan)mm  tilt=-
21:17:57.224 [INFO ] SAM3: 1 detection(s) for 'box'
21:17:57.225 [INFO ] SAM3: 'box' score=0.96 @ [563 209 775 619]  (top of 1)
21:17:57.225 [INFO ] SAM3: mask obtained (score=0.960, area=84103 px)
21:17:57.252 [DEBUG] Grasp point: robust centroid (669, 414)
21:17:57.252 [INFO ] MaskTracker: anchor locked (IoU streak=66, last IoU=0.999)
21:17:57.259 [INFO ] frame=66 state=NEAR      c=(670,413) depth=476.6mm  robot xyz=(nan, nan, nan)mm  tilt=-
21:17:57.514 [INFO ] SAM3: 1 detection(s) for 'box'
21:17:57.514 [INFO ] SAM3: 'box' score=0.96 @ [563 209 776 619]  (top of 1)
21:17:57.515 [INFO ] SAM3: mask obtained (score=0.964, area=84106 px)
21:17:57.541 [DEBUG] Grasp point: robust centroid (669, 414)
21:17:57.542 [INFO ] MaskTracker: anchor locked (IoU streak=67, last IoU=0.999)
21:17:57.548 [INFO ] frame=67 state=NEAR      c=(670,413) depth=476.5mm  robot xyz=(nan, nan, nan)mm  tilt=-
21:17:57.810 [INFO ] SAM3: 1 detection(s) for 'box'
21:17:57.810 [INFO ] SAM3: 'box' score=0.96 @ [563 209 775 619]  (top of 1)
21:17:57.810 [INFO ] SAM3: mask obtained (score=0.964, area=84110 px)
21:17:57.837 [DEBUG] Grasp point: robust centroid (669, 414)
21:17:57.837 [INFO ] MaskTracker: anchor locked (IoU streak=68, last IoU=0.999)
21:17:57.844 [INFO ] frame=68 state=NEAR      c=(670,413) depth=476.6mm  robot xyz=(nan, nan, nan)mm  tilt=-
21:17:58.100 [INFO ] SAM3: 1 detection(s) for 'box'
21:17:58.100 [INFO ] SAM3: 'box' score=0.96 @ [563 209 776 619]  (top of 1)
21:17:58.100 [INFO ] SAM3: mask obtained (score=0.962, area=84095 px)
21:17:58.127 [DEBUG] Grasp point: robust centroid (669, 414)
21:17:58.127 [INFO ] MaskTracker: anchor locked (IoU streak=69, last IoU=0.999)
21:17:58.134 [INFO ] frame=69 state=NEAR      c=(670,413) depth=476.6mm  robot xyz=(nan, nan, nan)mm  tilt=-
21:17:58.391 [INFO ] SAM3: 1 detection(s) for 'box'
21:17:58.391 [INFO ] SAM3: 'box' score=0.97 @ [563 209 775 619]  (top of 1)
21:17:58.392 [INFO ] SAM3: mask obtained (score=0.965, area=84121 px)
21:17:58.419 [DEBUG] Grasp point: robust centroid (669, 414)
21:17:58.420 [INFO ] MaskTracker: anchor locked (IoU streak=70, last IoU=0.999)
21:17:58.426 [INFO ] frame=70 state=NEAR      c=(670,413) depth=476.6mm  robot xyz=(nan, nan, nan)mm  tilt=-
21:17:58.680 [INFO ] SAM3: 1 detection(s) for 'box'
21:17:58.680 [INFO ] SAM3: 'box' score=0.96 @ [563 209 775 619]  (top of 1)
21:17:58.680 [INFO ] SAM3: mask obtained (score=0.956, area=84169 px)
21:17:58.707 [DEBUG] Grasp point: robust centroid (669, 414)
21:17:58.707 [INFO ] MaskTracker: anchor locked (IoU streak=71, last IoU=0.999)
21:17:58.714 [INFO ] frame=71 state=NEAR      c=(670,413) depth=476.7mm  robot xyz=(nan, nan, nan)mm  tilt=-
21:17:58.974 [INFO ] SAM3: 1 detection(s) for 'box'
21:17:58.975 [INFO ] SAM3: 'box' score=0.96 @ [563 209 775 619]  (top of 1)
21:17:58.975 [INFO ] SAM3: mask obtained (score=0.960, area=84124 px)
21:17:59.002 [DEBUG] Grasp point: robust centroid (669, 414)
21:17:59.002 [INFO ] MaskTracker: anchor locked (IoU streak=72, last IoU=0.999)
21:17:59.010 [INFO ] frame=72 state=NEAR      c=(670,413) depth=476.6mm  robot xyz=(nan, nan, nan)mm  tilt=-
21:17:59.277 [INFO ] SAM3: 1 detection(s) for 'box'
21:17:59.277 [INFO ] SAM3: 'box' score=0.97 @ [563 209 775 619]  (top of 1)
21:17:59.277 [INFO ] SAM3: mask obtained (score=0.965, area=84125 px)
21:17:59.306 [DEBUG] Grasp point: robust centroid (669, 414)
21:17:59.306 [INFO ] MaskTracker: anchor locked (IoU streak=73, last IoU=0.999)
21:17:59.314 [INFO ] frame=73 state=NEAR      c=(670,413) depth=476.6mm  robot xyz=(nan, nan, nan)mm  tilt=-
21:17:59.590 [INFO ] SAM3: 1 detection(s) for 'box'
21:17:59.590 [INFO ] SAM3: 'box' score=0.96 @ [563 209 775 619]  (top of 1)
21:17:59.590 [INFO ] SAM3: mask obtained (score=0.959, area=84132 px)
21:17:59.619 [DEBUG] Grasp point: robust centroid (669, 414)
21:17:59.619 [INFO ] MaskTracker: anchor locked (IoU streak=74, last IoU=0.999)
21:17:59.626 [INFO ] frame=74 state=NEAR      c=(670,413) depth=476.6mm  robot xyz=(nan, nan, nan)mm  tilt=-
21:17:59.895 [INFO ] SAM3: 1 detection(s) for 'box'
21:17:59.895 [INFO ] SAM3: 'box' score=0.96 @ [563 209 775 619]  (top of 1)
21:17:59.896 [INFO ] SAM3: mask obtained (score=0.962, area=84136 px)
21:17:59.924 [DEBUG] Grasp point: robust centroid (669, 414)
21:17:59.925 [INFO ] MaskTracker: anchor locked (IoU streak=75, last IoU=0.999)
21:17:59.932 [INFO ] frame=75 state=NEAR      c=(670,413) depth=476.6mm  robot xyz=(nan, nan, nan)mm  tilt=-
21:18:00.201 [INFO ] SAM3: 1 detection(s) for 'box'
21:18:00.202 [INFO ] SAM3: 'box' score=0.96 @ [563 209 776 619]  (top of 1)
21:18:00.202 [INFO ] SAM3: mask obtained (score=0.964, area=84081 px)
21:18:00.231 [DEBUG] Grasp point: robust centroid (669, 414)
21:18:00.231 [INFO ] MaskTracker: anchor locked (IoU streak=76, last IoU=0.999)
21:18:00.238 [INFO ] frame=76 state=NEAR      c=(670,413) depth=476.6mm  robot xyz=(nan, nan, nan)mm  tilt=-
21:18:00.497 [INFO ] SAM3: 1 detection(s) for 'box'
21:18:00.497 [INFO ] SAM3: 'box' score=0.96 @ [563 209 775 619]  (top of 1)
21:18:00.498 [INFO ] SAM3: mask obtained (score=0.959, area=84162 px)
21:18:00.525 [DEBUG] Grasp point: robust centroid (669, 414)
21:18:00.526 [INFO ] MaskTracker: anchor locked (IoU streak=77, last IoU=0.999)
21:18:00.533 [INFO ] frame=77 state=NEAR      c=(670,413) depth=476.5mm  robot xyz=(nan, nan, nan)mm  tilt=-
21:18:00.790 [INFO ] SAM3: 1 detection(s) for 'box'
21:18:00.790 [INFO ] SAM3: 'box' score=0.96 @ [563 209 775 619]  (top of 1)
21:18:00.790 [INFO ] SAM3: mask obtained (score=0.956, area=84092 px)
21:18:00.819 [DEBUG] Grasp point: robust centroid (669, 414)
21:18:00.819 [INFO ] MaskTracker: anchor locked (IoU streak=78, last IoU=0.999)
21:18:00.826 [INFO ] frame=78 state=NEAR      c=(670,413) depth=476.6mm  robot xyz=(nan, nan, nan)mm  tilt=-
21:18:01.107 [INFO ] SAM3: 1 detection(s) for 'box'
21:18:01.108 [INFO ] SAM3: 'box' score=0.96 @ [563 209 775 619]  (top of 1)
21:18:01.108 [INFO ] SAM3: mask obtained (score=0.961, area=84122 px)
21:18:01.143 [DEBUG] Grasp point: robust centroid (669, 414)
21:18:01.144 [INFO ] MaskTracker: anchor locked (IoU streak=79, last IoU=0.999)
21:18:01.153 [INFO ] frame=79 state=NEAR      c=(670,413) depth=476.5mm  robot xyz=(nan, nan, nan)mm  tilt=-
21:18:01.443 [INFO ] SAM3: 1 detection(s) for 'box'
21:18:01.444 [INFO ] SAM3: 'box' score=0.96 @ [563 209 775 619]  (top of 1)
21:18:01.444 [INFO ] SAM3: mask obtained (score=0.963, area=84137 px)
21:18:01.479 [DEBUG] Grasp point: robust centroid (669, 414)
21:18:01.480 [INFO ] MaskTracker: anchor locked (IoU streak=80, last IoU=0.999)
21:18:01.489 [INFO ] frame=80 state=NEAR      c=(670,413) depth=476.6mm  robot xyz=(nan, nan, nan)mm  tilt=-
21:18:01.768 [INFO ] SAM3: 1 detection(s) for 'box'
21:18:01.768 [INFO ] SAM3: 'box' score=0.96 @ [563 209 775 619]  (top of 1)
21:18:01.768 [INFO ] SAM3: mask obtained (score=0.965, area=84077 px)
21:18:01.803 [DEBUG] Grasp point: robust centroid (669, 414)
21:18:01.804 [INFO ] MaskTracker: anchor locked (IoU streak=81, last IoU=0.999)
21:18:01.811 [INFO ] frame=81 state=NEAR      c=(670,413) depth=476.5mm  robot xyz=(nan, nan, nan)mm  tilt=-
21:18:02.089 [INFO ] SAM3: 1 detection(s) for 'box'
21:18:02.089 [INFO ] SAM3: 'box' score=0.96 @ [563 209 775 619]  (top of 1)
21:18:02.089 [INFO ] SAM3: mask obtained (score=0.961, area=84132 px)
21:18:02.124 [DEBUG] Grasp point: robust centroid (669, 414)
21:18:02.124 [INFO ] MaskTracker: anchor locked (IoU streak=82, last IoU=0.999)
21:18:02.134 [INFO ] frame=82 state=NEAR      c=(670,413) depth=476.5mm  robot xyz=(nan, nan, nan)mm  tilt=-
21:18:02.414 [INFO ] SAM3: 1 detection(s) for 'box'
21:18:02.414 [INFO ] SAM3: 'box' score=0.96 @ [563 209 776 619]  (top of 1)
21:18:02.415 [INFO ] SAM3: mask obtained (score=0.957, area=84125 px)
21:18:02.445 [DEBUG] Grasp point: robust centroid (669, 414)
21:18:02.445 [INFO ] MaskTracker: anchor locked (IoU streak=83, last IoU=0.999)
21:18:02.453 [INFO ] frame=83 state=NEAR      c=(670,413) depth=476.5mm  robot xyz=(nan, nan, nan)mm  tilt=-
21:18:02.784 [INFO ] SAM3: 1 detection(s) for 'box'
21:18:02.784 [INFO ] SAM3: 'box' score=0.96 @ [563 209 775 619]  (top of 1)
21:18:02.785 [INFO ] SAM3: mask obtained (score=0.962, area=84096 px)
21:18:02.831 [DEBUG] Grasp point: robust centroid (669, 414)
21:18:02.832 [INFO ] MaskTracker: anchor locked (IoU streak=84, last IoU=0.999)
21:18:02.839 [INFO ] frame=84 state=NEAR      c=(670,413) depth=476.5mm  robot xyz=(nan, nan, nan)mm  tilt=-
21:18:03.180 [INFO ] SAM3: 1 detection(s) for 'box'
21:18:03.180 [INFO ] SAM3: 'box' score=0.96 @ [563 209 775 619]  (top of 1)
21:18:03.181 [INFO ] SAM3: mask obtained (score=0.963, area=84112 px)
21:18:03.207 [DEBUG] Grasp point: robust centroid (669, 414)
21:18:03.207 [INFO ] MaskTracker: anchor locked (IoU streak=85, last IoU=0.999)
21:18:03.215 [INFO ] frame=85 state=NEAR      c=(670,413) depth=476.5mm  robot xyz=(nan, nan, nan)mm  tilt=-
21:18:03.475 [INFO ] SAM3: 1 detection(s) for 'box'
21:18:03.475 [INFO ] SAM3: 'box' score=0.96 @ [563 209 775 619]  (top of 1)
21:18:03.475 [INFO ] SAM3: mask obtained (score=0.963, area=84083 px)
21:18:03.503 [DEBUG] Grasp point: robust centroid (669, 414)
21:18:03.503 [INFO ] MaskTracker: anchor locked (IoU streak=86, last IoU=0.999)
21:18:03.510 [INFO ] frame=86 state=NEAR      c=(670,413) depth=476.4mm  robot xyz=(nan, nan, nan)mm  tilt=-
21:18:03.776 [INFO ] SAM3: 1 detection(s) for 'box'
21:18:03.777 [INFO ] SAM3: 'box' score=0.96 @ [563 209 775 619]  (top of 1)
21:18:03.777 [INFO ] SAM3: mask obtained (score=0.963, area=84105 px)
21:18:03.805 [DEBUG] Grasp point: robust centroid (669, 414)
21:18:03.805 [INFO ] MaskTracker: anchor locked (IoU streak=87, last IoU=0.999)
21:18:03.812 [INFO ] frame=87 state=NEAR      c=(670,413) depth=476.6mm  robot xyz=(nan, nan, nan)mm  tilt=-
21:18:04.072 [INFO ] SAM3: 1 detection(s) for 'box'
21:18:04.072 [INFO ] SAM3: 'box' score=0.96 @ [563 209 775 619]  (top of 1)
21:18:04.072 [INFO ] SAM3: mask obtained (score=0.962, area=84104 px)
21:18:04.100 [DEBUG] Grasp point: robust centroid (669, 414)
21:18:04.100 [INFO ] MaskTracker: anchor locked (IoU streak=88, last IoU=0.999)
21:18:04.107 [INFO ] frame=88 state=NEAR      c=(670,413) depth=476.5mm  robot xyz=(nan, nan, nan)mm  tilt=-
21:18:04.366 [INFO ] SAM3: 1 detection(s) for 'box'
21:18:04.367 [INFO ] SAM3: 'box' score=0.96 @ [563 209 775 619]  (top of 1)
21:18:04.367 [INFO ] SAM3: mask obtained (score=0.961, area=84116 px)
21:18:04.394 [DEBUG] Grasp point: robust centroid (669, 414)
21:18:04.395 [INFO ] MaskTracker: anchor locked (IoU streak=89, last IoU=0.999)
21:18:04.402 [INFO ] frame=89 state=NEAR      c=(670,413) depth=476.5mm  robot xyz=(nan, nan, nan)mm  tilt=-
21:18:04.672 [INFO ] SAM3: 1 detection(s) for 'box'
21:18:04.672 [INFO ] SAM3: 'box' score=0.96 @ [563 209 775 619]  (top of 1)
21:18:04.673 [INFO ] SAM3: mask obtained (score=0.961, area=84157 px)
21:18:04.700 [DEBUG] Grasp point: robust centroid (669, 414)
21:18:04.701 [INFO ] MaskTracker: anchor locked (IoU streak=90, last IoU=0.999)
21:18:04.707 [INFO ] frame=90 state=NEAR      c=(670,413) depth=476.6mm  robot xyz=(nan, nan, nan)mm  tilt=-
21:18:04.977 [INFO ] SAM3: 1 detection(s) for 'box'
21:18:04.977 [INFO ] SAM3: 'box' score=0.97 @ [563 209 775 619]  (top of 1)
21:18:04.978 [INFO ] SAM3: mask obtained (score=0.966, area=84103 px)
21:18:05.005 [DEBUG] Grasp point: robust centroid (669, 414)
21:18:05.006 [INFO ] MaskTracker: anchor locked (IoU streak=91, last IoU=0.999)
21:18:05.012 [INFO ] frame=91 state=NEAR      c=(670,413) depth=476.6mm  robot xyz=(nan, nan, nan)mm  tilt=-
21:18:05.282 [INFO ] SAM3: 1 detection(s) for 'box'
21:18:05.282 [INFO ] SAM3: 'box' score=0.96 @ [563 209 775 619]  (top of 1)
21:18:05.282 [INFO ] SAM3: mask obtained (score=0.958, area=84117 px)
21:18:05.309 [DEBUG] Grasp point: robust centroid (669, 414)
21:18:05.310 [INFO ] MaskTracker: anchor locked (IoU streak=92, last IoU=0.999)
21:18:05.316 [INFO ] frame=92 state=NEAR      c=(670,413) depth=476.6mm  robot xyz=(nan, nan, nan)mm  tilt=-
21:18:05.583 [INFO ] SAM3: 1 detection(s) for 'box'
21:18:05.583 [INFO ] SAM3: 'box' score=0.96 @ [563 209 775 619]  (top of 1)
21:18:05.583 [INFO ] SAM3: mask obtained (score=0.962, area=84109 px)
21:18:05.609 [DEBUG] Grasp point: robust centroid (669, 414)
21:18:05.610 [INFO ] MaskTracker: anchor locked (IoU streak=93, last IoU=0.999)
21:18:05.616 [INFO ] frame=93 state=NEAR      c=(670,413) depth=476.6mm  robot xyz=(nan, nan, nan)mm  tilt=-
21:18:05.871 [INFO ] SAM3: 1 detection(s) for 'box'
21:18:05.871 [INFO ] SAM3: 'box' score=0.96 @ [563 209 775 619]  (top of 1)
21:18:05.871 [INFO ] SAM3: mask obtained (score=0.963, area=84106 px)
21:18:05.898 [DEBUG] Grasp point: robust centroid (669, 414)
21:18:05.899 [INFO ] MaskTracker: anchor locked (IoU streak=94, last IoU=0.999)
21:18:05.905 [INFO ] frame=94 state=NEAR      c=(670,413) depth=476.6mm  robot xyz=(nan, nan, nan)mm  tilt=-
21:18:06.164 [INFO ] SAM3: 1 detection(s) for 'box'
21:18:06.165 [INFO ] SAM3: 'box' score=0.97 @ [563 209 775 619]  (top of 1)
21:18:06.165 [INFO ] SAM3: mask obtained (score=0.966, area=84157 px)
21:18:06.192 [DEBUG] Grasp point: robust centroid (670, 414)
21:18:06.192 [INFO ] MaskTracker: anchor locked (IoU streak=95, last IoU=0.999)
21:18:06.199 [INFO ] frame=95 state=NEAR      c=(670,413) depth=476.6mm  robot xyz=(nan, nan, nan)mm  tilt=-
21:18:06.455 [INFO ] SAM3: 1 detection(s) for 'box'
21:18:06.456 [INFO ] SAM3: 'box' score=0.96 @ [563 209 775 619]  (top of 1)
21:18:06.456 [INFO ] SAM3: mask obtained (score=0.962, area=84156 px)
21:18:06.483 [DEBUG] Grasp point: robust centroid (669, 414)
21:18:06.484 [INFO ] MaskTracker: anchor locked (IoU streak=96, last IoU=0.999)
21:18:06.491 [INFO ] frame=96 state=NEAR      c=(670,413) depth=476.6mm  robot xyz=(nan, nan, nan)mm  tilt=-
21:18:06.754 [INFO ] SAM3: 1 detection(s) for 'box'
21:18:06.754 [INFO ] SAM3: 'box' score=0.96 @ [563 209 775 619]  (top of 1)
21:18:06.754 [INFO ] SAM3: mask obtained (score=0.959, area=84125 px)
21:18:06.782 [DEBUG] Grasp point: robust centroid (669, 414)
21:18:06.782 [INFO ] MaskTracker: anchor locked (IoU streak=97, last IoU=0.999)
21:18:06.789 [INFO ] frame=97 state=NEAR      c=(670,413) depth=476.6mm  robot xyz=(nan, nan, nan)mm  tilt=-
21:18:07.049 [INFO ] SAM3: 1 detection(s) for 'box'
21:18:07.049 [INFO ] SAM3: 'box' score=0.96 @ [563 209 776 619]  (top of 1)
21:18:07.050 [INFO ] SAM3: mask obtained (score=0.963, area=84129 px)
21:18:07.076 [DEBUG] Grasp point: robust centroid (669, 414)
21:18:07.077 [INFO ] MaskTracker: anchor locked (IoU streak=98, last IoU=0.999)
21:18:07.084 [INFO ] frame=98 state=NEAR      c=(670,413) depth=476.7mm  robot xyz=(nan, nan, nan)mm  tilt=-
21:18:07.345 [INFO ] SAM3: 1 detection(s) for 'box'
21:18:07.346 [INFO ] SAM3: 'box' score=0.96 @ [563 209 775 619]  (top of 1)
21:18:07.346 [INFO ] SAM3: mask obtained (score=0.961, area=84097 px)
21:18:07.372 [DEBUG] Grasp point: robust centroid (669, 414)
21:18:07.373 [INFO ] MaskTracker: anchor locked (IoU streak=99, last IoU=0.999)
21:18:07.380 [INFO ] frame=99 state=NEAR      c=(670,413) depth=476.7mm  robot xyz=(nan, nan, nan)mm  tilt=-
21:18:07.638 [INFO ] SAM3: 1 detection(s) for 'box'
21:18:07.639 [INFO ] SAM3: 'box' score=0.96 @ [563 209 775 619]  (top of 1)
21:18:07.639 [INFO ] SAM3: mask obtained (score=0.963, area=84121 px)
21:18:07.665 [DEBUG] Grasp point: robust centroid (669, 414)
21:18:07.666 [INFO ] MaskTracker: anchor locked (IoU streak=100, last IoU=0.999)
21:18:07.672 [INFO ] frame=100 state=NEAR      c=(670,413) depth=476.7mm  robot xyz=(nan, nan, nan)mm  tilt=-
21:18:07.937 [INFO ] SAM3: 1 detection(s) for 'box'
21:18:07.937 [INFO ] SAM3: 'box' score=0.96 @ [563 209 775 619]  (top of 1)
21:18:07.937 [INFO ] SAM3: mask obtained (score=0.960, area=84104 px)
21:18:07.966 [DEBUG] Grasp point: robust centroid (669, 414)
21:18:07.966 [INFO ] MaskTracker: anchor locked (IoU streak=101, last IoU=0.999)
21:18:07.973 [INFO ] frame=101 state=NEAR      c=(670,413) depth=476.7mm  robot xyz=(nan, nan, nan)mm  tilt=-
21:18:08.228 [INFO ] SAM3: 1 detection(s) for 'box'
21:18:08.228 [INFO ] SAM3: 'box' score=0.96 @ [563 209 776 619]  (top of 1)
21:18:08.228 [INFO ] SAM3: mask obtained (score=0.963, area=84155 px)
21:18:08.254 [DEBUG] Grasp point: robust centroid (670, 414)
21:18:08.255 [INFO ] MaskTracker: anchor locked (IoU streak=102, last IoU=0.999)
21:18:08.261 [INFO ] frame=102 state=NEAR      c=(670,413) depth=476.6mm  robot xyz=(nan, nan, nan)mm  tilt=-
21:18:08.521 [INFO ] SAM3: 1 detection(s) for 'box'
21:18:08.521 [INFO ] SAM3: 'box' score=0.96 @ [563 209 776 619]  (top of 1)
21:18:08.521 [INFO ] SAM3: mask obtained (score=0.963, area=84148 px)
21:18:08.548 [DEBUG] Grasp point: robust centroid (669, 414)
21:18:08.549 [INFO ] MaskTracker: anchor locked (IoU streak=103, last IoU=0.999)
21:18:08.555 [INFO ] frame=103 state=NEAR      c=(670,413) depth=476.6mm  robot xyz=(nan, nan, nan)mm  tilt=-
21:18:08.807 [INFO ] SAM3: 1 detection(s) for 'box'
21:18:08.807 [INFO ] SAM3: 'box' score=0.96 @ [563 209 775 619]  (top of 1)
21:18:08.807 [INFO ] SAM3: mask obtained (score=0.964, area=84145 px)
21:18:08.836 [DEBUG] Grasp point: robust centroid (670, 414)
21:18:08.836 [INFO ] MaskTracker: anchor locked (IoU streak=104, last IoU=0.999)
21:18:08.842 [INFO ] frame=104 state=NEAR      c=(670,413) depth=476.7mm  robot xyz=(nan, nan, nan)mm  tilt=-
21:18:09.107 [INFO ] SAM3: 1 detection(s) for 'box'
21:18:09.108 [INFO ] SAM3: 'box' score=0.96 @ [563 209 775 619]  (top of 1)
21:18:09.108 [INFO ] SAM3: mask obtained (score=0.959, area=84150 px)
21:18:09.137 [DEBUG] Grasp point: robust centroid (669, 414)
21:18:09.137 [INFO ] MaskTracker: anchor locked (IoU streak=105, last IoU=0.999)
21:18:09.144 [INFO ] frame=105 state=NEAR      c=(670,413) depth=476.7mm  robot xyz=(nan, nan, nan)mm  tilt=-
21:18:09.405 [INFO ] SAM3: 1 detection(s) for 'box'
21:18:09.405 [INFO ] SAM3: 'box' score=0.96 @ [563 209 775 619]  (top of 1)
21:18:09.406 [INFO ] SAM3: mask obtained (score=0.957, area=84145 px)
21:18:09.432 [DEBUG] Grasp point: robust centroid (669, 414)
21:18:09.433 [INFO ] MaskTracker: anchor locked (IoU streak=106, last IoU=0.999)
21:18:09.439 [INFO ] frame=106 state=NEAR      c=(670,413) depth=476.6mm  robot xyz=(nan, nan, nan)mm  tilt=-
21:18:09.699 [INFO ] SAM3: 1 detection(s) for 'box'
21:18:09.699 [INFO ] SAM3: 'box' score=0.96 @ [563 209 775 619]  (top of 1)
21:18:09.699 [INFO ] SAM3: mask obtained (score=0.963, area=84103 px)
21:18:09.727 [DEBUG] Grasp point: robust centroid (669, 414)
21:18:09.728 [INFO ] MaskTracker: anchor locked (IoU streak=107, last IoU=0.999)
21:18:09.735 [INFO ] frame=107 state=NEAR      c=(670,413) depth=476.7mm  robot xyz=(nan, nan, nan)mm  tilt=-
21:18:09.987 [INFO ] SAM3: 1 detection(s) for 'box'
21:18:09.987 [INFO ] SAM3: 'box' score=0.96 @ [563 209 775 619]  (top of 1)
21:18:09.988 [INFO ] SAM3: mask obtained (score=0.963, area=84104 px)
21:18:10.015 [DEBUG] Grasp point: robust centroid (669, 414)
21:18:10.015 [INFO ] MaskTracker: anchor locked (IoU streak=108, last IoU=0.999)
21:18:10.022 [INFO ] frame=108 state=NEAR      c=(670,413) depth=476.4mm  robot xyz=(nan, nan, nan)mm  tilt=-
21:18:10.284 [INFO ] SAM3: 1 detection(s) for 'box'
21:18:10.284 [INFO ] SAM3: 'box' score=0.96 @ [563 209 775 619]  (top of 1)
21:18:10.285 [INFO ] SAM3: mask obtained (score=0.963, area=84137 px)
21:18:10.313 [DEBUG] Grasp point: robust centroid (669, 414)
21:18:10.314 [INFO ] MaskTracker: anchor locked (IoU streak=109, last IoU=0.999)
21:18:10.321 [INFO ] frame=109 state=NEAR      c=(670,413) depth=476.3mm  robot xyz=(nan, nan, nan)mm  tilt=-
21:18:10.582 [INFO ] SAM3: 1 detection(s) for 'box'
21:18:10.582 [INFO ] SAM3: 'box' score=0.97 @ [563 209 775 619]  (top of 1)
21:18:10.582 [INFO ] SAM3: mask obtained (score=0.965, area=84146 px)
21:18:10.609 [DEBUG] Grasp point: robust centroid (669, 414)
21:18:10.609 [INFO ] MaskTracker: anchor locked (IoU streak=110, last IoU=0.999)
21:18:10.616 [INFO ] frame=110 state=NEAR      c=(670,413) depth=476.3mm  robot xyz=(nan, nan, nan)mm  tilt=-
21:18:10.876 [INFO ] SAM3: 1 detection(s) for 'box'
21:18:10.877 [INFO ] SAM3: 'box' score=0.96 @ [563 209 775 619]  (top of 1)
21:18:10.877 [INFO ] SAM3: mask obtained (score=0.958, area=84160 px)
21:18:10.904 [DEBUG] Grasp point: robust centroid (669, 414)
21:18:10.904 [INFO ] MaskTracker: anchor locked (IoU streak=111, last IoU=0.999)
21:18:10.911 [INFO ] frame=111 state=NEAR      c=(670,413) depth=476.4mm  robot xyz=(nan, nan, nan)mm  tilt=-
21:18:11.174 [INFO ] SAM3: 1 detection(s) for 'box'
21:18:11.174 [INFO ] SAM3: 'box' score=0.97 @ [563 209 775 619]  (top of 1)
21:18:11.174 [INFO ] SAM3: mask obtained (score=0.965, area=84108 px)
21:18:11.202 [DEBUG] Grasp point: robust centroid (669, 414)
21:18:11.203 [INFO ] MaskTracker: anchor locked (IoU streak=112, last IoU=0.999)
21:18:11.209 [INFO ] frame=112 state=NEAR      c=(670,413) depth=476.5mm  robot xyz=(nan, nan, nan)mm  tilt=-
21:18:11.467 [INFO ] SAM3: 1 detection(s) for 'box'
21:18:11.468 [INFO ] SAM3: 'box' score=0.96 @ [563 209 775 619]  (top of 1)
21:18:11.468 [INFO ] SAM3: mask obtained (score=0.958, area=84140 px)
21:18:11.495 [DEBUG] Grasp point: robust centroid (669, 414)
21:18:11.495 [INFO ] MaskTracker: anchor locked (IoU streak=113, last IoU=0.999)
21:18:11.502 [INFO ] frame=113 state=NEAR      c=(670,413) depth=476.4mm  robot xyz=(nan, nan, nan)mm  tilt=-
21:18:11.761 [INFO ] SAM3: 1 detection(s) for 'box'
21:18:11.762 [INFO ] SAM3: 'box' score=0.96 @ [563 209 775 619]  (top of 1)
21:18:11.762 [INFO ] SAM3: mask obtained (score=0.959, area=84120 px)
21:18:11.789 [DEBUG] Grasp point: robust centroid (669, 414)
21:18:11.790 [INFO ] MaskTracker: anchor locked (IoU streak=114, last IoU=0.999)
21:18:11.796 [INFO ] frame=114 state=NEAR      c=(670,413) depth=476.4mm  robot xyz=(nan, nan, nan)mm  tilt=-
21:18:12.057 [INFO ] SAM3: 1 detection(s) for 'box'
21:18:12.057 [INFO ] SAM3: 'box' score=0.96 @ [563 209 775 619]  (top of 1)
21:18:12.058 [INFO ] SAM3: mask obtained (score=0.964, area=84143 px)
21:18:12.085 [DEBUG] Grasp point: robust centroid (669, 414)
21:18:12.086 [INFO ] MaskTracker: anchor locked (IoU streak=115, last IoU=0.999)
21:18:12.092 [INFO ] frame=115 state=NEAR      c=(670,413) depth=476.4mm  robot xyz=(nan, nan, nan)mm  tilt=-
21:18:12.351 [INFO ] SAM3: 1 detection(s) for 'box'
21:18:12.351 [INFO ] SAM3: 'box' score=0.96 @ [563 209 775 619]  (top of 1)
21:18:12.351 [INFO ] SAM3: mask obtained (score=0.963, area=84094 px)
21:18:12.378 [DEBUG] Grasp point: robust centroid (669, 414)
21:18:12.379 [INFO ] MaskTracker: anchor locked (IoU streak=116, last IoU=0.999)
21:18:12.385 [INFO ] frame=116 state=NEAR      c=(670,413) depth=476.4mm  robot xyz=(nan, nan, nan)mm  tilt=-
21:18:12.643 [INFO ] SAM3: 1 detection(s) for 'box'
21:18:12.643 [INFO ] SAM3: 'box' score=0.96 @ [563 209 775 619]  (top of 1)
21:18:12.643 [INFO ] SAM3: mask obtained (score=0.963, area=84126 px)
21:18:12.670 [DEBUG] Grasp point: robust centroid (669, 414)
21:18:12.671 [INFO ] MaskTracker: anchor locked (IoU streak=117, last IoU=0.999)
21:18:12.677 [INFO ] frame=117 state=NEAR      c=(670,413) depth=476.4mm  robot xyz=(nan, nan, nan)mm  tilt=-
21:18:12.937 [INFO ] SAM3: 1 detection(s) for 'box'
21:18:12.937 [INFO ] SAM3: 'box' score=0.96 @ [563 209 775 619]  (top of 1)
21:18:12.937 [INFO ] SAM3: mask obtained (score=0.961, area=84107 px)
21:18:12.964 [DEBUG] Grasp point: robust centroid (670, 414)
21:18:12.965 [INFO ] MaskTracker: anchor locked (IoU streak=118, last IoU=0.999)
21:18:12.971 [INFO ] frame=118 state=NEAR      c=(670,413) depth=476.3mm  robot xyz=(nan, nan, nan)mm  tilt=-
21:18:13.233 [INFO ] SAM3: 1 detection(s) for 'box'
21:18:13.233 [INFO ] SAM3: 'box' score=0.96 @ [563 209 775 619]  (top of 1)
21:18:13.233 [INFO ] SAM3: mask obtained (score=0.961, area=84134 px)
21:18:13.259 [DEBUG] Grasp point: robust centroid (669, 414)
21:18:13.260 [INFO ] MaskTracker: anchor locked (IoU streak=119, last IoU=0.999)
21:18:13.267 [INFO ] frame=119 state=NEAR      c=(670,413) depth=476.5mm  robot xyz=(nan, nan, nan)mm  tilt=-
21:18:13.518 [INFO ] SAM3: 1 detection(s) for 'box'
21:18:13.518 [INFO ] SAM3: 'box' score=0.96 @ [563 209 775 619]  (top of 1)
21:18:13.518 [INFO ] SAM3: mask obtained (score=0.958, area=84115 px)
21:18:13.544 [DEBUG] Grasp point: robust centroid (670, 414)
21:18:13.545 [INFO ] MaskTracker: anchor locked (IoU streak=120, last IoU=0.999)
21:18:13.552 [INFO ] frame=120 state=NEAR      c=(670,413) depth=476.5mm  robot xyz=(nan, nan, nan)mm  tilt=-
21:18:13.808 [INFO ] SAM3: 1 detection(s) for 'box'
21:18:13.808 [INFO ] SAM3: 'box' score=0.97 @ [563 209 775 619]  (top of 1)
21:18:13.808 [INFO ] SAM3: mask obtained (score=0.965, area=84129 px)
21:18:13.835 [DEBUG] Grasp point: robust centroid (669, 414)
21:18:13.836 [INFO ] MaskTracker: anchor locked (IoU streak=121, last IoU=0.999)
21:18:13.843 [INFO ] frame=121 state=NEAR      c=(670,413) depth=476.5mm  robot xyz=(nan, nan, nan)mm  tilt=-
21:18:14.102 [INFO ] SAM3: 1 detection(s) for 'box'
21:18:14.102 [INFO ] SAM3: 'box' score=0.96 @ [563 209 775 619]  (top of 1)
21:18:14.102 [INFO ] SAM3: mask obtained (score=0.963, area=84103 px)
21:18:14.131 [DEBUG] Grasp point: robust centroid (669, 414)
21:18:14.131 [INFO ] MaskTracker: anchor locked (IoU streak=122, last IoU=0.999)
21:18:14.138 [INFO ] frame=122 state=NEAR      c=(670,413) depth=476.5mm  robot xyz=(nan, nan, nan)mm  tilt=-
21:18:14.397 [INFO ] SAM3: 1 detection(s) for 'box'
21:18:14.397 [INFO ] SAM3: 'box' score=0.96 @ [563 209 775 619]  (top of 1)
21:18:14.397 [INFO ] SAM3: mask obtained (score=0.962, area=84143 px)
21:18:14.425 [DEBUG] Grasp point: robust centroid (669, 414)
21:18:14.426 [INFO ] MaskTracker: anchor locked (IoU streak=123, last IoU=0.999)
21:18:14.434 [INFO ] frame=123 state=NEAR      c=(670,413) depth=476.5mm  robot xyz=(nan, nan, nan)mm  tilt=-
21:18:14.693 [INFO ] SAM3: 1 detection(s) for 'box'
21:18:14.693 [INFO ] SAM3: 'box' score=0.97 @ [563 209 775 619]  (top of 1)
21:18:14.693 [INFO ] SAM3: mask obtained (score=0.966, area=84112 px)
21:18:14.721 [DEBUG] Grasp point: robust centroid (669, 414)
21:18:14.721 [INFO ] MaskTracker: anchor locked (IoU streak=124, last IoU=0.999)
21:18:14.728 [INFO ] frame=124 state=NEAR      c=(670,413) depth=476.5mm  robot xyz=(nan, nan, nan)mm  tilt=-
21:18:14.989 [INFO ] SAM3: 1 detection(s) for 'box'
21:18:14.989 [INFO ] SAM3: 'box' score=0.96 @ [563 209 775 619]  (top of 1)
21:18:14.990 [INFO ] SAM3: mask obtained (score=0.961, area=84131 px)
21:18:15.017 [DEBUG] Grasp point: robust centroid (669, 414)
21:18:15.017 [INFO ] MaskTracker: anchor locked (IoU streak=125, last IoU=0.999)
21:18:15.023 [INFO ] frame=125 state=NEAR      c=(670,413) depth=476.5mm  robot xyz=(nan, nan, nan)mm  tilt=-
21:18:15.276 [INFO ] SAM3: 1 detection(s) for 'box'
21:18:15.277 [INFO ] SAM3: 'box' score=0.96 @ [563 209 775 619]  (top of 1)
21:18:15.277 [INFO ] SAM3: mask obtained (score=0.958, area=84081 px)
21:18:15.305 [DEBUG] Grasp point: robust centroid (669, 414)
21:18:15.306 [INFO ] MaskTracker: anchor locked (IoU streak=126, last IoU=0.999)
21:18:15.312 [INFO ] frame=126 state=NEAR      c=(670,413) depth=476.5mm  robot xyz=(nan, nan, nan)mm  tilt=-
21:18:15.573 [INFO ] SAM3: 1 detection(s) for 'box'
21:18:15.573 [INFO ] SAM3: 'box' score=0.96 @ [563 209 775 619]  (top of 1)
21:18:15.573 [INFO ] SAM3: mask obtained (score=0.963, area=84117 px)
21:18:15.602 [DEBUG] Grasp point: robust centroid (669, 414)
21:18:15.602 [INFO ] MaskTracker: anchor locked (IoU streak=127, last IoU=0.999)
21:18:15.609 [INFO ] frame=127 state=NEAR      c=(670,413) depth=476.5mm  robot xyz=(nan, nan, nan)mm  tilt=-
21:18:15.864 [INFO ] SAM3: 1 detection(s) for 'box'
21:18:15.864 [INFO ] SAM3: 'box' score=0.96 @ [563 209 775 619]  (top of 1)
21:18:15.864 [INFO ] SAM3: mask obtained (score=0.965, area=84133 px)
21:18:15.891 [DEBUG] Grasp point: robust centroid (669, 414)
21:18:15.891 [INFO ] MaskTracker: anchor locked (IoU streak=128, last IoU=0.999)
21:18:15.898 [INFO ] frame=128 state=NEAR      c=(670,413) depth=476.5mm  robot xyz=(nan, nan, nan)mm  tilt=-
21:18:16.160 [INFO ] SAM3: 1 detection(s) for 'box'
21:18:16.160 [INFO ] SAM3: 'box' score=0.96 @ [563 209 775 619]  (top of 1)
21:18:16.161 [INFO ] SAM3: mask obtained (score=0.964, area=84111 px)
21:18:16.190 [DEBUG] Grasp point: robust centroid (669, 414)
21:18:16.190 [INFO ] MaskTracker: anchor locked (IoU streak=129, last IoU=0.999)
21:18:16.197 [INFO ] frame=129 state=NEAR      c=(670,413) depth=476.5mm  robot xyz=(nan, nan, nan)mm  tilt=-
21:18:16.455 [INFO ] SAM3: 1 detection(s) for 'box'
21:18:16.455 [INFO ] SAM3: 'box' score=0.96 @ [563 209 775 619]  (top of 1)
21:18:16.455 [INFO ] SAM3: mask obtained (score=0.961, area=84094 px)
21:18:16.482 [DEBUG] Grasp point: robust centroid (669, 414)
21:18:16.482 [INFO ] MaskTracker: anchor locked (IoU streak=130, last IoU=0.999)
21:18:16.489 [INFO ] frame=130 state=NEAR      c=(670,413) depth=476.5mm  robot xyz=(nan, nan, nan)mm  tilt=-
21:18:16.749 [INFO ] SAM3: 1 detection(s) for 'box'
21:18:16.749 [INFO ] SAM3: 'box' score=0.96 @ [563 209 775 619]  (top of 1)
21:18:16.749 [INFO ] SAM3: mask obtained (score=0.962, area=84135 px)
21:18:16.776 [DEBUG] Grasp point: robust centroid (669, 414)
21:18:16.776 [INFO ] MaskTracker: anchor locked (IoU streak=131, last IoU=0.999)
21:18:16.783 [INFO ] frame=131 state=NEAR      c=(670,413) depth=476.5mm  robot xyz=(nan, nan, nan)mm  tilt=-
21:18:17.043 [INFO ] SAM3: 1 detection(s) for 'box'
21:18:17.044 [INFO ] SAM3: 'box' score=0.96 @ [563 209 775 619]  (top of 1)
21:18:17.044 [INFO ] SAM3: mask obtained (score=0.962, area=84131 px)
21:18:17.071 [DEBUG] Grasp point: robust centroid (669, 414)
21:18:17.071 [INFO ] MaskTracker: anchor locked (IoU streak=132, last IoU=0.999)
21:18:17.078 [INFO ] frame=132 state=NEAR      c=(670,413) depth=476.5mm  robot xyz=(nan, nan, nan)mm  tilt=-
21:18:17.340 [INFO ] SAM3: 1 detection(s) for 'box'
21:18:17.340 [INFO ] SAM3: 'box' score=0.96 @ [563 209 775 619]  (top of 1)
21:18:17.341 [INFO ] SAM3: mask obtained (score=0.963, area=84099 px)
21:18:17.369 [DEBUG] Grasp point: robust centroid (669, 414)
21:18:17.370 [INFO ] MaskTracker: anchor locked (IoU streak=133, last IoU=0.999)
21:18:17.377 [INFO ] frame=133 state=NEAR      c=(670,413) depth=476.6mm  robot xyz=(nan, nan, nan)mm  tilt=-
21:18:17.637 [INFO ] SAM3: 1 detection(s) for 'box'
21:18:17.638 [INFO ] SAM3: 'box' score=0.96 @ [563 209 775 619]  (top of 1)
21:18:17.638 [INFO ] SAM3: mask obtained (score=0.964, area=84122 px)
21:18:17.665 [DEBUG] Grasp point: robust centroid (669, 414)
21:18:17.665 [INFO ] MaskTracker: anchor locked (IoU streak=134, last IoU=0.999)
21:18:17.672 [INFO ] frame=134 state=NEAR      c=(670,413) depth=476.6mm  robot xyz=(nan, nan, nan)mm  tilt=-
21:18:17.931 [INFO ] SAM3: 1 detection(s) for 'box'
21:18:17.931 [INFO ] SAM3: 'box' score=0.96 @ [563 209 775 619]  (top of 1)
21:18:17.931 [INFO ] SAM3: mask obtained (score=0.965, area=84140 px)
21:18:17.958 [DEBUG] Grasp point: robust centroid (669, 414)
21:18:17.959 [INFO ] MaskTracker: anchor locked (IoU streak=135, last IoU=0.999)
21:18:17.966 [INFO ] frame=135 state=NEAR      c=(670,413) depth=476.6mm  robot xyz=(nan, nan, nan)mm  tilt=-
21:18:18.219 [INFO ] SAM3: 1 detection(s) for 'box'
21:18:18.220 [INFO ] SAM3: 'box' score=0.97 @ [563 209 775 619]  (top of 1)
21:18:18.220 [INFO ] SAM3: mask obtained (score=0.965, area=84148 px)
21:18:18.247 [DEBUG] Grasp point: robust centroid (669, 414)
21:18:18.248 [INFO ] MaskTracker: anchor locked (IoU streak=136, last IoU=0.999)
21:18:18.254 [INFO ] frame=136 state=NEAR      c=(670,413) depth=476.6mm  robot xyz=(nan, nan, nan)mm  tilt=-
21:18:18.515 [INFO ] SAM3: 1 detection(s) for 'box'
21:18:18.515 [INFO ] SAM3: 'box' score=0.96 @ [563 209 775 619]  (top of 1)
21:18:18.516 [INFO ] SAM3: mask obtained (score=0.964, area=84143 px)
21:18:18.542 [DEBUG] Grasp point: robust centroid (669, 414)
21:18:18.542 [INFO ] MaskTracker: anchor locked (IoU streak=137, last IoU=0.999)
21:18:18.549 [INFO ] frame=137 state=NEAR      c=(670,413) depth=476.6mm  robot xyz=(nan, nan, nan)mm  tilt=-
21:18:18.803 [INFO ] SAM3: 1 detection(s) for 'box'
21:18:18.803 [INFO ] SAM3: 'box' score=0.96 @ [563 209 775 619]  (top of 1)
21:18:18.804 [INFO ] SAM3: mask obtained (score=0.961, area=84141 px)
21:18:18.831 [DEBUG] Grasp point: robust centroid (669, 414)
21:18:18.832 [INFO ] MaskTracker: anchor locked (IoU streak=138, last IoU=0.999)
21:18:18.838 [INFO ] frame=138 state=NEAR      c=(670,413) depth=476.6mm  robot xyz=(nan, nan, nan)mm  tilt=-
21:18:19.103 [INFO ] SAM3: 1 detection(s) for 'box'
21:18:19.103 [INFO ] SAM3: 'box' score=0.97 @ [563 209 775 619]  (top of 1)
21:18:19.104 [INFO ] SAM3: mask obtained (score=0.967, area=84102 px)
21:18:19.133 [DEBUG] Grasp point: robust centroid (669, 414)
21:18:19.133 [INFO ] MaskTracker: anchor locked (IoU streak=139, last IoU=0.999)
21:18:19.139 [INFO ] frame=139 state=NEAR      c=(670,413) depth=476.5mm  robot xyz=(nan, nan, nan)mm  tilt=-
21:18:19.397 [INFO ] SAM3: 1 detection(s) for 'box'
21:18:19.397 [INFO ] SAM3: 'box' score=0.96 @ [563 209 775 619]  (top of 1)
21:18:19.397 [INFO ] SAM3: mask obtained (score=0.961, area=84132 px)
21:18:19.424 [DEBUG] Grasp point: robust centroid (669, 414)
21:18:19.424 [INFO ] MaskTracker: anchor locked (IoU streak=140, last IoU=0.999)
21:18:19.432 [INFO ] frame=140 state=NEAR      c=(670,413) depth=476.5mm  robot xyz=(nan, nan, nan)mm  tilt=-
21:18:19.690 [INFO ] SAM3: 1 detection(s) for 'box'
21:18:19.690 [INFO ] SAM3: 'box' score=0.96 @ [563 209 775 619]  (top of 1)
21:18:19.690 [INFO ] SAM3: mask obtained (score=0.962, area=84122 px)
21:18:19.720 [DEBUG] Grasp point: robust centroid (669, 414)
21:18:19.720 [INFO ] MaskTracker: anchor locked (IoU streak=141, last IoU=0.999)
21:18:19.727 [INFO ] frame=141 state=NEAR      c=(670,413) depth=476.5mm  robot xyz=(nan, nan, nan)mm  tilt=-
21:18:19.983 [INFO ] SAM3: 1 detection(s) for 'box'
21:18:19.983 [INFO ] SAM3: 'box' score=0.97 @ [563 209 775 619]  (top of 1)
21:18:19.983 [INFO ] SAM3: mask obtained (score=0.966, area=84130 px)
21:18:20.010 [DEBUG] Grasp point: robust centroid (669, 414)
21:18:20.010 [INFO ] MaskTracker: anchor locked (IoU streak=142, last IoU=0.999)
21:18:20.017 [INFO ] frame=142 state=NEAR      c=(670,413) depth=476.5mm  robot xyz=(nan, nan, nan)mm  tilt=-
21:18:20.275 [INFO ] SAM3: 1 detection(s) for 'box'
21:18:20.275 [INFO ] SAM3: 'box' score=0.96 @ [563 209 775 619]  (top of 1)
21:18:20.275 [INFO ] SAM3: mask obtained (score=0.961, area=84125 px)
21:18:20.305 [DEBUG] Grasp point: robust centroid (670, 414)
21:18:20.306 [INFO ] MaskTracker: anchor locked (IoU streak=143, last IoU=0.999)
21:18:20.313 [INFO ] frame=143 state=NEAR      c=(670,413) depth=476.5mm  robot xyz=(nan, nan, nan)mm  tilt=-
21:18:20.571 [INFO ] SAM3: 1 detection(s) for 'box'
21:18:20.571 [INFO ] SAM3: 'box' score=0.96 @ [563 209 775 619]  (top of 1)
21:18:20.571 [INFO ] SAM3: mask obtained (score=0.963, area=84143 px)
21:18:20.599 [DEBUG] Grasp point: robust centroid (669, 414)
21:18:20.599 [INFO ] MaskTracker: anchor locked (IoU streak=144, last IoU=0.999)
21:18:20.606 [INFO ] frame=144 state=NEAR      c=(670,413) depth=476.5mm  robot xyz=(nan, nan, nan)mm  tilt=-
21:18:20.858 [INFO ] SAM3: 1 detection(s) for 'box'
21:18:20.858 [INFO ] SAM3: 'box' score=0.96 @ [563 209 775 619]  (top of 1)
21:18:20.858 [INFO ] SAM3: mask obtained (score=0.957, area=84169 px)
21:18:20.887 [DEBUG] Grasp point: robust centroid (670, 414)
21:18:20.888 [INFO ] MaskTracker: anchor locked (IoU streak=145, last IoU=0.999)
21:18:20.895 [INFO ] frame=145 state=NEAR      c=(670,413) depth=476.5mm  robot xyz=(nan, nan, nan)mm  tilt=-
21:18:21.153 [INFO ] SAM3: 1 detection(s) for 'box'
21:18:21.154 [INFO ] SAM3: 'box' score=0.96 @ [563 209 775 619]  (top of 1)
21:18:21.154 [INFO ] SAM3: mask obtained (score=0.961, area=84147 px)
21:18:21.182 [DEBUG] Grasp point: robust centroid (669, 414)
21:18:21.182 [INFO ] MaskTracker: anchor locked (IoU streak=146, last IoU=0.999)
21:18:21.189 [INFO ] frame=146 state=NEAR      c=(670,413) depth=476.6mm  robot xyz=(nan, nan, nan)mm  tilt=-
21:18:21.449 [INFO ] SAM3: 1 detection(s) for 'box'
21:18:21.449 [INFO ] SAM3: 'box' score=0.96 @ [563 209 775 619]  (top of 1)
21:18:21.449 [INFO ] SAM3: mask obtained (score=0.962, area=84149 px)
21:18:21.476 [DEBUG] Grasp point: robust centroid (669, 414)
21:18:21.476 [INFO ] MaskTracker: anchor locked (IoU streak=147, last IoU=0.999)
21:18:21.483 [INFO ] frame=147 state=NEAR      c=(670,413) depth=476.6mm  robot xyz=(nan, nan, nan)mm  tilt=-
21:18:21.742 [INFO ] SAM3: 1 detection(s) for 'box'
21:18:21.742 [INFO ] SAM3: 'box' score=0.96 @ [563 209 775 619]  (top of 1)
21:18:21.742 [INFO ] SAM3: mask obtained (score=0.963, area=84123 px)
21:18:21.772 [DEBUG] Grasp point: robust centroid (669, 414)
21:18:21.772 [INFO ] MaskTracker: anchor locked (IoU streak=148, last IoU=0.999)
21:18:21.780 [INFO ] frame=148 state=NEAR      c=(670,413) depth=476.6mm  robot xyz=(nan, nan, nan)mm  tilt=-
21:18:22.041 [INFO ] SAM3: 1 detection(s) for 'box'
21:18:22.041 [INFO ] SAM3: 'box' score=0.96 @ [563 209 775 619]  (top of 1)
21:18:22.042 [INFO ] SAM3: mask obtained (score=0.965, area=84139 px)
21:18:22.071 [DEBUG] Grasp point: robust centroid (669, 414)
21:18:22.071 [INFO ] MaskTracker: anchor locked (IoU streak=149, last IoU=0.999)
21:18:22.078 [INFO ] frame=149 state=NEAR      c=(670,413) depth=476.5mm  robot xyz=(nan, nan, nan)mm  tilt=-
21:18:22.336 [INFO ] SAM3: 1 detection(s) for 'box'
21:18:22.336 [INFO ] SAM3: 'box' score=0.96 @ [563 209 775 619]  (top of 1)
21:18:22.336 [INFO ] SAM3: mask obtained (score=0.957, area=84117 px)
21:18:22.363 [DEBUG] Grasp point: robust centroid (669, 414)
21:18:22.364 [INFO ] MaskTracker: anchor locked (IoU streak=150, last IoU=0.999)
21:18:22.370 [INFO ] frame=150 state=NEAR      c=(670,413) depth=476.6mm  robot xyz=(nan, nan, nan)mm  tilt=-
21:18:22.630 [INFO ] SAM3: 1 detection(s) for 'box'
21:18:22.631 [INFO ] SAM3: 'box' score=0.96 @ [563 209 776 619]  (top of 1)
21:18:22.631 [INFO ] SAM3: mask obtained (score=0.963, area=84189 px)
21:18:22.657 [DEBUG] Grasp point: robust centroid (669, 414)
21:18:22.657 [INFO ] MaskTracker: anchor locked (IoU streak=151, last IoU=0.999)
21:18:22.664 [INFO ] frame=151 state=NEAR      c=(670,413) depth=476.7mm  robot xyz=(nan, nan, nan)mm  tilt=-
21:18:22.923 [INFO ] SAM3: 1 detection(s) for 'box'
21:18:22.924 [INFO ] SAM3: 'box' score=0.96 @ [563 209 775 619]  (top of 1)
21:18:22.924 [INFO ] SAM3: mask obtained (score=0.960, area=84133 px)
21:18:22.953 [DEBUG] Grasp point: robust centroid (669, 414)
21:18:22.953 [INFO ] MaskTracker: anchor locked (IoU streak=152, last IoU=0.999)
21:18:22.960 [INFO ] frame=152 state=NEAR      c=(670,413) depth=476.6mm  robot xyz=(nan, nan, nan)mm  tilt=-
21:18:23.219 [INFO ] SAM3: 1 detection(s) for 'box'
21:18:23.219 [INFO ] SAM3: 'box' score=0.96 @ [563 209 775 619]  (top of 1)
21:18:23.219 [INFO ] SAM3: mask obtained (score=0.963, area=84121 px)
21:18:23.246 [DEBUG] Grasp point: robust centroid (669, 414)
21:18:23.246 [INFO ] MaskTracker: anchor locked (IoU streak=153, last IoU=0.999)
21:18:23.253 [INFO ] frame=153 state=NEAR      c=(670,413) depth=476.7mm  robot xyz=(nan, nan, nan)mm  tilt=-
21:18:23.507 [INFO ] SAM3: 1 detection(s) for 'box'
21:18:23.507 [INFO ] SAM3: 'box' score=0.96 @ [563 209 775 619]  (top of 1)
21:18:23.507 [INFO ] SAM3: mask obtained (score=0.960, area=84137 px)
21:18:23.535 [DEBUG] Grasp point: robust centroid (669, 414)
21:18:23.535 [INFO ] MaskTracker: anchor locked (IoU streak=154, last IoU=0.999)
21:18:23.542 [INFO ] frame=154 state=NEAR      c=(670,413) depth=476.7mm  robot xyz=(nan, nan, nan)mm  tilt=-
21:18:23.799 [INFO ] SAM3: 1 detection(s) for 'box'
21:18:23.800 [INFO ] SAM3: 'box' score=0.96 @ [563 209 775 619]  (top of 1)
21:18:23.800 [INFO ] SAM3: mask obtained (score=0.961, area=84122 px)
21:18:23.826 [DEBUG] Grasp point: robust centroid (669, 414)
21:18:23.826 [INFO ] MaskTracker: anchor locked (IoU streak=155, last IoU=0.999)
21:18:23.833 [INFO ] frame=155 state=NEAR      c=(670,413) depth=476.7mm  robot xyz=(nan, nan, nan)mm  tilt=-
21:18:24.096 [INFO ] SAM3: 1 detection(s) for 'box'
21:18:24.097 [INFO ] SAM3: 'box' score=0.96 @ [563 209 776 619]  (top of 1)
21:18:24.097 [INFO ] SAM3: mask obtained (score=0.960, area=84089 px)
21:18:24.123 [DEBUG] Grasp point: robust centroid (669, 414)
21:18:24.123 [INFO ] MaskTracker: anchor locked (IoU streak=156, last IoU=0.999)
21:18:24.131 [INFO ] frame=156 state=NEAR      c=(670,413) depth=476.7mm  robot xyz=(nan, nan, nan)mm  tilt=-
21:18:24.390 [INFO ] SAM3: 1 detection(s) for 'box'
21:18:24.390 [INFO ] SAM3: 'box' score=0.96 @ [563 209 775 619]  (top of 1)
21:18:24.391 [INFO ] SAM3: mask obtained (score=0.962, area=84154 px)
21:18:24.417 [DEBUG] Grasp point: robust centroid (669, 414)
21:18:24.418 [INFO ] MaskTracker: anchor locked (IoU streak=157, last IoU=0.999)
21:18:24.425 [INFO ] frame=157 state=NEAR      c=(670,413) depth=476.8mm  robot xyz=(nan, nan, nan)mm  tilt=-
21:18:24.680 [INFO ] SAM3: 1 detection(s) for 'box'
21:18:24.680 [INFO ] SAM3: 'box' score=0.96 @ [563 209 775 619]  (top of 1)
21:18:24.680 [INFO ] SAM3: mask obtained (score=0.957, area=84113 px)
21:18:24.706 [DEBUG] Grasp point: robust centroid (669, 414)
21:18:24.707 [INFO ] MaskTracker: anchor locked (IoU streak=158, last IoU=0.999)
21:18:24.713 [INFO ] frame=158 state=NEAR      c=(670,413) depth=476.8mm  robot xyz=(nan, nan, nan)mm  tilt=-
21:18:24.977 [INFO ] SAM3: 1 detection(s) for 'box'
21:18:24.977 [INFO ] SAM3: 'box' score=0.96 @ [562 209 775 619]  (top of 1)
21:18:24.978 [INFO ] SAM3: mask obtained (score=0.957, area=84178 px)
21:18:25.006 [DEBUG] Grasp point: robust centroid (669, 414)
21:18:25.007 [INFO ] MaskTracker: anchor locked (IoU streak=159, last IoU=0.999)
21:18:25.014 [INFO ] frame=159 state=NEAR      c=(670,413) depth=476.8mm  robot xyz=(nan, nan, nan)mm  tilt=-
21:18:25.269 [INFO ] SAM3: 1 detection(s) for 'box'
21:18:25.269 [INFO ] SAM3: 'box' score=0.96 @ [563 209 776 619]  (top of 1)
21:18:25.269 [INFO ] SAM3: mask obtained (score=0.961, area=84142 px)
21:18:25.297 [DEBUG] Grasp point: robust centroid (669, 414)
21:18:25.297 [INFO ] MaskTracker: anchor locked (IoU streak=160, last IoU=0.999)
21:18:25.304 [INFO ] frame=160 state=NEAR      c=(670,413) depth=476.9mm  robot xyz=(nan, nan, nan)mm  tilt=-
21:18:25.564 [INFO ] SAM3: 1 detection(s) for 'box'
21:18:25.564 [INFO ] SAM3: 'box' score=0.96 @ [563 209 775 619]  (top of 1)
21:18:25.564 [INFO ] SAM3: mask obtained (score=0.964, area=84097 px)
21:18:25.593 [DEBUG] Grasp point: robust centroid (669, 414)
21:18:25.594 [INFO ] MaskTracker: anchor locked (IoU streak=161, last IoU=0.999)
21:18:25.600 [INFO ] frame=161 state=NEAR      c=(670,413) depth=476.9mm  robot xyz=(nan, nan, nan)mm  tilt=-
21:18:25.858 [INFO ] SAM3: 1 detection(s) for 'box'
21:18:25.858 [INFO ] SAM3: 'box' score=0.96 @ [563 209 775 619]  (top of 1)
21:18:25.858 [INFO ] SAM3: mask obtained (score=0.960, area=84142 px)
21:18:25.885 [DEBUG] Grasp point: robust centroid (669, 414)
21:18:25.885 [INFO ] MaskTracker: anchor locked (IoU streak=162, last IoU=0.999)
21:18:25.892 [INFO ] frame=162 state=NEAR      c=(670,413) depth=476.8mm  robot xyz=(nan, nan, nan)mm  tilt=-
21:18:26.154 [INFO ] SAM3: 1 detection(s) for 'box'
21:18:26.154 [INFO ] SAM3: 'box' score=0.96 @ [563 209 775 619]  (top of 1)
21:18:26.154 [INFO ] SAM3: mask obtained (score=0.963, area=84161 px)
21:18:26.183 [DEBUG] Grasp point: robust centroid (669, 414)
21:18:26.183 [INFO ] MaskTracker: anchor locked (IoU streak=163, last IoU=0.999)
21:18:26.190 [INFO ] frame=163 state=NEAR      c=(670,413) depth=476.8mm  robot xyz=(nan, nan, nan)mm  tilt=-
21:18:26.446 [INFO ] SAM3: 1 detection(s) for 'box'
21:18:26.446 [INFO ] SAM3: 'box' score=0.96 @ [563 209 776 619]  (top of 1)
21:18:26.446 [INFO ] SAM3: mask obtained (score=0.961, area=84152 px)
21:18:26.473 [DEBUG] Grasp point: robust centroid (669, 414)
21:18:26.473 [INFO ] MaskTracker: anchor locked (IoU streak=164, last IoU=0.999)
21:18:26.480 [INFO ] frame=164 state=NEAR      c=(670,413) depth=476.8mm  robot xyz=(nan, nan, nan)mm  tilt=-
21:18:26.738 [INFO ] SAM3: 1 detection(s) for 'box'
21:18:26.738 [INFO ] SAM3: 'box' score=0.96 @ [563 209 775 619]  (top of 1)
21:18:26.738 [INFO ] SAM3: mask obtained (score=0.961, area=84137 px)
21:18:26.767 [DEBUG] Grasp point: robust centroid (669, 414)
21:18:26.767 [INFO ] MaskTracker: anchor locked (IoU streak=165, last IoU=0.999)
21:18:26.774 [INFO ] frame=165 state=NEAR      c=(670,413) depth=476.8mm  robot xyz=(nan, nan, nan)mm  tilt=-
21:18:27.032 [INFO ] SAM3: 1 detection(s) for 'box'
21:18:27.033 [INFO ] SAM3: 'box' score=0.97 @ [563 209 775 619]  (top of 1)
21:18:27.033 [INFO ] SAM3: mask obtained (score=0.966, area=84098 px)
21:18:27.059 [DEBUG] Grasp point: robust centroid (669, 414)
21:18:27.060 [INFO ] MaskTracker: anchor locked (IoU streak=166, last IoU=0.999)
21:18:27.066 [INFO ] frame=166 state=NEAR      c=(670,413) depth=476.9mm  robot xyz=(nan, nan, nan)mm  tilt=-
21:18:27.323 [INFO ] SAM3: 1 detection(s) for 'box'
21:18:27.323 [INFO ] SAM3: 'box' score=0.96 @ [563 209 775 619]  (top of 1)
21:18:27.324 [INFO ] SAM3: mask obtained (score=0.961, area=84169 px)
21:18:27.352 [DEBUG] Grasp point: robust centroid (669, 414)
21:18:27.353 [INFO ] MaskTracker: anchor locked (IoU streak=167, last IoU=0.999)
21:18:27.359 [INFO ] frame=167 state=NEAR      c=(670,413) depth=476.8mm  robot xyz=(nan, nan, nan)mm  tilt=-
21:18:27.619 [INFO ] SAM3: 1 detection(s) for 'box'
21:18:27.619 [INFO ] SAM3: 'box' score=0.96 @ [563 209 775 619]  (top of 1)
21:18:27.619 [INFO ] SAM3: mask obtained (score=0.964, area=84124 px)
21:18:27.647 [DEBUG] Grasp point: robust centroid (669, 414)
21:18:27.647 [INFO ] MaskTracker: anchor locked (IoU streak=168, last IoU=0.999)
21:18:27.655 [INFO ] frame=168 state=NEAR      c=(670,413) depth=476.8mm  robot xyz=(nan, nan, nan)mm  tilt=-
21:18:27.917 [INFO ] SAM3: 1 detection(s) for 'box'
21:18:27.918 [INFO ] SAM3: 'box' score=0.96 @ [563 209 775 619]  (top of 1)
21:18:27.918 [INFO ] SAM3: mask obtained (score=0.964, area=84108 px)
21:18:27.948 [DEBUG] Grasp point: robust centroid (669, 414)
21:18:27.948 [INFO ] MaskTracker: anchor locked (IoU streak=169, last IoU=0.999)
21:18:27.955 [INFO ] frame=169 state=NEAR      c=(670,413) depth=476.9mm  robot xyz=(nan, nan, nan)mm  tilt=-
21:18:28.215 [INFO ] SAM3: 1 detection(s) for 'box'
21:18:28.216 [INFO ] SAM3: 'box' score=0.96 @ [563 209 775 619]  (top of 1)
21:18:28.216 [INFO ] SAM3: mask obtained (score=0.962, area=84103 px)
21:18:28.243 [DEBUG] Grasp point: robust centroid (669, 414)
21:18:28.243 [INFO ] MaskTracker: anchor locked (IoU streak=170, last IoU=0.999)
21:18:28.250 [INFO ] frame=170 state=NEAR      c=(670,413) depth=476.9mm  robot xyz=(nan, nan, nan)mm  tilt=-
21:18:28.510 [INFO ] SAM3: 1 detection(s) for 'box'
21:18:28.510 [INFO ] SAM3: 'box' score=0.96 @ [563 209 775 619]  (top of 1)
21:18:28.510 [INFO ] SAM3: mask obtained (score=0.964, area=84130 px)
21:18:28.537 [DEBUG] Grasp point: robust centroid (669, 414)
21:18:28.538 [INFO ] MaskTracker: anchor locked (IoU streak=171, last IoU=0.999)
21:18:28.544 [INFO ] frame=171 state=NEAR      c=(670,413) depth=476.8mm  robot xyz=(nan, nan, nan)mm  tilt=-
21:18:28.797 [INFO ] SAM3: 1 detection(s) for 'box'
21:18:28.797 [INFO ] SAM3: 'box' score=0.96 @ [563 209 775 619]  (top of 1)
21:18:28.798 [INFO ] SAM3: mask obtained (score=0.963, area=84121 px)
21:18:28.825 [DEBUG] Grasp point: robust centroid (669, 414)
21:18:28.826 [INFO ] MaskTracker: anchor locked (IoU streak=172, last IoU=0.999)
21:18:28.833 [INFO ] frame=172 state=NEAR      c=(670,413) depth=476.9mm  robot xyz=(nan, nan, nan)mm  tilt=-
21:18:29.095 [INFO ] SAM3: 1 detection(s) for 'box'
21:18:29.095 [INFO ] SAM3: 'box' score=0.96 @ [563 209 775 619]  (top of 1)
21:18:29.095 [INFO ] SAM3: mask obtained (score=0.963, area=84132 px)
21:18:29.122 [DEBUG] Grasp point: robust centroid (669, 414)
21:18:29.122 [INFO ] MaskTracker: anchor locked (IoU streak=173, last IoU=0.999)
21:18:29.129 [INFO ] frame=173 state=NEAR      c=(670,413) depth=476.9mm  robot xyz=(nan, nan, nan)mm  tilt=-
21:18:29.386 [INFO ] SAM3: 1 detection(s) for 'box'
21:18:29.386 [INFO ] SAM3: 'box' score=0.96 @ [563 209 775 619]  (top of 1)
21:18:29.387 [INFO ] SAM3: mask obtained (score=0.962, area=84168 px)
21:18:29.415 [DEBUG] Grasp point: robust centroid (669, 414)
21:18:29.415 [INFO ] MaskTracker: anchor locked (IoU streak=174, last IoU=0.999)
21:18:29.421 [INFO ] frame=174 state=NEAR      c=(670,413) depth=476.9mm  robot xyz=(nan, nan, nan)mm  tilt=-
21:18:29.679 [INFO ] SAM3: 1 detection(s) for 'box'
21:18:29.679 [INFO ] SAM3: 'box' score=0.96 @ [563 209 775 619]  (top of 1)
21:18:29.679 [INFO ] SAM3: mask obtained (score=0.962, area=84097 px)
21:18:29.706 [DEBUG] Grasp point: robust centroid (669, 414)
21:18:29.706 [INFO ] MaskTracker: anchor locked (IoU streak=175, last IoU=0.999)
21:18:29.713 [INFO ] frame=175 state=NEAR      c=(670,413) depth=476.8mm  robot xyz=(nan, nan, nan)mm  tilt=-
21:18:29.974 [INFO ] SAM3: 1 detection(s) for 'box'
21:18:29.974 [INFO ] SAM3: 'box' score=0.97 @ [563 209 775 619]  (top of 1)
21:18:29.975 [INFO ] SAM3: mask obtained (score=0.966, area=84096 px)
21:18:30.001 [DEBUG] Grasp point: robust centroid (669, 414)
21:18:30.001 [INFO ] MaskTracker: anchor locked (IoU streak=176, last IoU=0.999)
21:18:30.007 [INFO ] frame=176 state=NEAR      c=(670,413) depth=476.8mm  robot xyz=(nan, nan, nan)mm  tilt=-
21:18:30.259 [INFO ] SAM3: 1 detection(s) for 'box'
21:18:30.259 [INFO ] SAM3: 'box' score=0.96 @ [563 209 775 619]  (top of 1)
21:18:30.259 [INFO ] SAM3: mask obtained (score=0.963, area=84095 px)
21:18:30.287 [DEBUG] Grasp point: robust centroid (669, 414)
21:18:30.287 [INFO ] MaskTracker: anchor locked (IoU streak=177, last IoU=0.999)
21:18:30.294 [INFO ] frame=177 state=NEAR      c=(670,413) depth=476.8mm  robot xyz=(nan, nan, nan)mm  tilt=-
21:18:30.554 [INFO ] SAM3: 1 detection(s) for 'box'
21:18:30.555 [INFO ] SAM3: 'box' score=0.96 @ [563 209 775 619]  (top of 1)
21:18:30.555 [INFO ] SAM3: mask obtained (score=0.963, area=84085 px)
21:18:30.582 [DEBUG] Grasp point: robust centroid (669, 414)
21:18:30.582 [INFO ] MaskTracker: anchor locked (IoU streak=178, last IoU=0.999)
21:18:30.588 [INFO ] frame=178 state=NEAR      c=(670,413) depth=476.9mm  robot xyz=(nan, nan, nan)mm  tilt=-
21:18:30.847 [INFO ] SAM3: 1 detection(s) for 'box'
21:18:30.847 [INFO ] SAM3: 'box' score=0.96 @ [563 209 775 619]  (top of 1)
21:18:30.847 [INFO ] SAM3: mask obtained (score=0.963, area=84165 px)
21:18:30.873 [DEBUG] Grasp point: robust centroid (669, 414)
21:18:30.874 [INFO ] MaskTracker: anchor locked (IoU streak=179, last IoU=0.999)
21:18:30.880 [INFO ] frame=179 state=NEAR      c=(670,413) depth=476.8mm  robot xyz=(nan, nan, nan)mm  tilt=-
21:18:31.145 [INFO ] SAM3: 1 detection(s) for 'box'
21:18:31.145 [INFO ] SAM3: 'box' score=0.96 @ [563 209 775 619]  (top of 1)
21:18:31.145 [INFO ] SAM3: mask obtained (score=0.960, area=84164 px)
21:18:31.173 [DEBUG] Grasp point: robust centroid (669, 414)
21:18:31.173 [INFO ] MaskTracker: anchor locked (IoU streak=180, last IoU=0.999)
21:18:31.180 [INFO ] frame=180 state=NEAR      c=(670,413) depth=476.8mm  robot xyz=(nan, nan, nan)mm  tilt=-
21:18:31.439 [INFO ] SAM3: 1 detection(s) for 'box'
21:18:31.439 [INFO ] SAM3: 'box' score=0.96 @ [563 209 775 619]  (top of 1)
21:18:31.439 [INFO ] SAM3: mask obtained (score=0.964, area=84148 px)
21:18:31.466 [DEBUG] Grasp point: robust centroid (669, 414)
21:18:31.467 [INFO ] MaskTracker: anchor locked (IoU streak=181, last IoU=0.999)
21:18:31.474 [INFO ] frame=181 state=NEAR      c=(670,413) depth=476.9mm  robot xyz=(nan, nan, nan)mm  tilt=-
21:18:31.732 [INFO ] SAM3: 1 detection(s) for 'box'
21:18:31.732 [INFO ] SAM3: 'box' score=0.96 @ [563 209 775 619]  (top of 1)
21:18:31.733 [INFO ] SAM3: mask obtained (score=0.962, area=84108 px)
21:18:31.759 [DEBUG] Grasp point: robust centroid (669, 414)
21:18:31.759 [INFO ] MaskTracker: anchor locked (IoU streak=182, last IoU=0.999)
21:18:31.766 [INFO ] frame=182 state=NEAR      c=(670,413) depth=476.9mm  robot xyz=(nan, nan, nan)mm  tilt=-
21:18:32.027 [INFO ] SAM3: 1 detection(s) for 'box'
21:18:32.027 [INFO ] SAM3: 'box' score=0.96 @ [563 209 775 619]  (top of 1)
21:18:32.027 [INFO ] SAM3: mask obtained (score=0.960, area=84130 px)
21:18:32.055 [DEBUG] Grasp point: robust centroid (669, 414)
21:18:32.056 [INFO ] MaskTracker: anchor locked (IoU streak=183, last IoU=0.999)
21:18:32.062 [INFO ] frame=183 state=NEAR      c=(670,413) depth=476.9mm  robot xyz=(nan, nan, nan)mm  tilt=-
21:18:32.315 [INFO ] SAM3: 1 detection(s) for 'box'
21:18:32.315 [INFO ] SAM3: 'box' score=0.96 @ [563 209 775 619]  (top of 1)
21:18:32.315 [INFO ] SAM3: mask obtained (score=0.960, area=84117 px)
21:18:32.342 [DEBUG] Grasp point: robust centroid (669, 414)
21:18:32.343 [INFO ] MaskTracker: anchor locked (IoU streak=184, last IoU=0.999)
21:18:32.350 [INFO ] frame=184 state=NEAR      c=(670,413) depth=476.9mm  robot xyz=(nan, nan, nan)mm  tilt=-
21:18:32.606 [INFO ] SAM3: 1 detection(s) for 'box'
21:18:32.606 [INFO ] SAM3: 'box' score=0.96 @ [563 209 775 619]  (top of 1)
21:18:32.606 [INFO ] SAM3: mask obtained (score=0.963, area=84120 px)
21:18:32.634 [DEBUG] Grasp point: robust centroid (669, 414)
21:18:32.634 [INFO ] MaskTracker: anchor locked (IoU streak=185, last IoU=0.999)
21:18:32.640 [INFO ] frame=185 state=NEAR      c=(670,413) depth=477.0mm  robot xyz=(nan, nan, nan)mm  tilt=-
21:18:32.903 [INFO ] SAM3: 1 detection(s) for 'box'
21:18:32.903 [INFO ] SAM3: 'box' score=0.96 @ [563 209 775 619]  (top of 1)
21:18:32.903 [INFO ] SAM3: mask obtained (score=0.962, area=84121 px)
21:18:32.931 [DEBUG] Grasp point: robust centroid (669, 414)
21:18:32.931 [INFO ] MaskTracker: anchor locked (IoU streak=186, last IoU=0.999)
21:18:32.938 [INFO ] frame=186 state=NEAR      c=(670,413) depth=476.9mm  robot xyz=(nan, nan, nan)mm  tilt=-
21:18:33.199 [INFO ] SAM3: 1 detection(s) for 'box'
21:18:33.199 [INFO ] SAM3: 'box' score=0.97 @ [563 209 775 619]  (top of 1)
21:18:33.200 [INFO ] SAM3: mask obtained (score=0.966, area=84154 px)
21:18:33.227 [DEBUG] Grasp point: robust centroid (669, 414)
21:18:33.228 [INFO ] MaskTracker: anchor locked (IoU streak=187, last IoU=0.999)
21:18:33.234 [INFO ] frame=187 state=NEAR      c=(670,413) depth=476.9mm  robot xyz=(nan, nan, nan)mm  tilt=-
21:18:33.497 [INFO ] SAM3: 1 detection(s) for 'box'
21:18:33.497 [INFO ] SAM3: 'box' score=0.96 @ [563 209 775 619]  (top of 1)
21:18:33.498 [INFO ] SAM3: mask obtained (score=0.963, area=84112 px)
21:18:33.527 [DEBUG] Grasp point: robust centroid (669, 414)
21:18:33.527 [INFO ] MaskTracker: anchor locked (IoU streak=188, last IoU=0.999)
21:18:33.534 [INFO ] frame=188 state=NEAR      c=(670,413) depth=476.9mm  robot xyz=(nan, nan, nan)mm  tilt=-
21:18:33.795 [INFO ] SAM3: 1 detection(s) for 'box'
21:18:33.795 [INFO ] SAM3: 'box' score=0.96 @ [563 209 775 619]  (top of 1)
21:18:33.796 [INFO ] SAM3: mask obtained (score=0.963, area=84119 px)
21:18:33.823 [DEBUG] Grasp point: robust centroid (669, 414)
21:18:33.823 [INFO ] MaskTracker: anchor locked (IoU streak=189, last IoU=0.999)
21:18:33.830 [INFO ] frame=189 state=NEAR      c=(670,413) depth=476.8mm  robot xyz=(nan, nan, nan)mm  tilt=-
21:18:34.093 [INFO ] SAM3: 1 detection(s) for 'box'
21:18:34.093 [INFO ] SAM3: 'box' score=0.96 @ [563 209 775 619]  (top of 1)
21:18:34.093 [INFO ] SAM3: mask obtained (score=0.964, area=84133 px)
21:18:34.123 [DEBUG] Grasp point: robust centroid (669, 414)
21:18:34.123 [INFO ] MaskTracker: anchor locked (IoU streak=190, last IoU=0.999)
21:18:34.130 [INFO ] frame=190 state=NEAR      c=(670,413) depth=476.8mm  robot xyz=(nan, nan, nan)mm  tilt=-
21:18:34.389 [INFO ] SAM3: 1 detection(s) for 'box'
21:18:34.389 [INFO ] SAM3: 'box' score=0.96 @ [563 209 775 619]  (top of 1)
21:18:34.389 [INFO ] SAM3: mask obtained (score=0.960, area=84147 px)
21:18:34.418 [DEBUG] Grasp point: robust centroid (669, 414)
21:18:34.418 [INFO ] MaskTracker: anchor locked (IoU streak=191, last IoU=0.999)
21:18:34.424 [INFO ] frame=191 state=NEAR      c=(670,413) depth=476.9mm  robot xyz=(nan, nan, nan)mm  tilt=-
21:18:34.686 [INFO ] SAM3: 1 detection(s) for 'box'
21:18:34.686 [INFO ] SAM3: 'box' score=0.96 @ [563 209 775 619]  (top of 1)
21:18:34.686 [INFO ] SAM3: mask obtained (score=0.962, area=84184 px)
21:18:34.715 [DEBUG] Grasp point: robust centroid (669, 414)
21:18:34.715 [INFO ] MaskTracker: anchor locked (IoU streak=192, last IoU=0.999)
21:18:34.722 [INFO ] frame=192 state=NEAR      c=(670,413) depth=476.9mm  robot xyz=(nan, nan, nan)mm  tilt=-
21:18:34.982 [INFO ] SAM3: 1 detection(s) for 'box'
21:18:34.982 [INFO ] SAM3: 'box' score=0.97 @ [563 209 775 619]  (top of 1)
21:18:34.982 [INFO ] SAM3: mask obtained (score=0.966, area=84113 px)
21:18:35.009 [DEBUG] Grasp point: robust centroid (669, 414)
21:18:35.009 [INFO ] MaskTracker: anchor locked (IoU streak=193, last IoU=0.999)
21:18:35.016 [INFO ] frame=193 state=NEAR      c=(670,413) depth=476.9mm  robot xyz=(nan, nan, nan)mm  tilt=-
21:18:35.273 [INFO ] SAM3: 1 detection(s) for 'box'
21:18:35.273 [INFO ] SAM3: 'box' score=0.96 @ [563 209 775 619]  (top of 1)
21:18:35.273 [INFO ] SAM3: mask obtained (score=0.962, area=84113 px)
21:18:35.302 [DEBUG] Grasp point: robust centroid (669, 414)
21:18:35.302 [INFO ] MaskTracker: anchor locked (IoU streak=194, last IoU=0.999)
21:18:35.309 [INFO ] frame=194 state=NEAR      c=(670,413) depth=476.9mm  robot xyz=(nan, nan, nan)mm  tilt=-
21:18:35.569 [INFO ] SAM3: 1 detection(s) for 'box'
21:18:35.570 [INFO ] SAM3: 'box' score=0.97 @ [563 209 775 619]  (top of 1)
21:18:35.570 [INFO ] SAM3: mask obtained (score=0.966, area=84130 px)
21:18:35.597 [DEBUG] Grasp point: robust centroid (669, 414)
21:18:35.598 [INFO ] MaskTracker: anchor locked (IoU streak=195, last IoU=0.999)
21:18:35.604 [INFO ] frame=195 state=NEAR      c=(670,413) depth=477.0mm  robot xyz=(nan, nan, nan)mm  tilt=-
21:18:35.861 [INFO ] SAM3: 1 detection(s) for 'box'
21:18:35.862 [INFO ] SAM3: 'box' score=0.97 @ [563 209 775 619]  (top of 1)
21:18:35.862 [INFO ] SAM3: mask obtained (score=0.967, area=84090 px)
21:18:35.888 [DEBUG] Grasp point: robust centroid (669, 414)
21:18:35.889 [INFO ] MaskTracker: anchor locked (IoU streak=196, last IoU=0.999)
21:18:35.895 [INFO ] frame=196 state=NEAR      c=(670,413) depth=476.9mm  robot xyz=(nan, nan, nan)mm  tilt=-
21:18:36.159 [INFO ] SAM3: 1 detection(s) for 'box'
21:18:36.160 [INFO ] SAM3: 'box' score=0.96 @ [563 209 775 619]  (top of 1)
21:18:36.160 [INFO ] SAM3: mask obtained (score=0.962, area=84110 px)
21:18:36.186 [DEBUG] Grasp point: robust centroid (669, 414)
21:18:36.187 [INFO ] MaskTracker: anchor locked (IoU streak=197, last IoU=0.999)
21:18:36.193 [INFO ] frame=197 state=NEAR      c=(670,413) depth=476.9mm  robot xyz=(nan, nan, nan)mm  tilt=-
21:18:36.458 [INFO ] SAM3: 1 detection(s) for 'box'
21:18:36.458 [INFO ] SAM3: 'box' score=0.97 @ [563 209 775 619]  (top of 1)
21:18:36.458 [INFO ] SAM3: mask obtained (score=0.966, area=84150 px)
21:18:36.486 [DEBUG] Grasp point: robust centroid (669, 414)
21:18:36.487 [INFO ] MaskTracker: anchor locked (IoU streak=198, last IoU=0.999)
21:18:36.493 [INFO ] frame=198 state=NEAR      c=(670,413) depth=476.9mm  robot xyz=(nan, nan, nan)mm  tilt=-
21:18:36.756 [INFO ] SAM3: 1 detection(s) for 'box'
21:18:36.756 [INFO ] SAM3: 'box' score=0.96 @ [563 209 775 619]  (top of 1)
21:18:36.756 [INFO ] SAM3: mask obtained (score=0.964, area=84107 px)
21:18:36.784 [DEBUG] Grasp point: robust centroid (669, 414)
21:18:36.784 [INFO ] MaskTracker: anchor locked (IoU streak=199, last IoU=0.999)
21:18:36.790 [INFO ] frame=199 state=NEAR      c=(670,413) depth=476.9mm  robot xyz=(nan, nan, nan)mm  tilt=-
21:18:37.050 [INFO ] SAM3: 1 detection(s) for 'box'
21:18:37.050 [INFO ] SAM3: 'box' score=0.96 @ [563 209 775 619]  (top of 1)
21:18:37.050 [INFO ] SAM3: mask obtained (score=0.962, area=84105 px)
21:18:37.077 [DEBUG] Grasp point: robust centroid (669, 414)
21:18:37.077 [INFO ] MaskTracker: anchor locked (IoU streak=200, last IoU=0.999)
21:18:37.084 [INFO ] frame=200 state=NEAR      c=(670,413) depth=476.9mm  robot xyz=(nan, nan, nan)mm  tilt=-
21:18:37.340 [INFO ] SAM3: 1 detection(s) for 'box'
21:18:37.341 [INFO ] SAM3: 'box' score=0.96 @ [563 209 775 619]  (top of 1)
21:18:37.341 [INFO ] SAM3: mask obtained (score=0.961, area=84114 px)
21:18:37.371 [DEBUG] Grasp point: robust centroid (669, 414)
21:18:37.371 [INFO ] MaskTracker: anchor locked (IoU streak=201, last IoU=0.999)
21:18:37.378 [INFO ] frame=201 state=NEAR      c=(670,413) depth=476.8mm  robot xyz=(nan, nan, nan)mm  tilt=-
21:18:37.632 [INFO ] SAM3: 1 detection(s) for 'box'
21:18:37.632 [INFO ] SAM3: 'box' score=0.96 @ [563 209 775 619]  (top of 1)
21:18:37.633 [INFO ] SAM3: mask obtained (score=0.964, area=84102 px)
21:18:37.659 [DEBUG] Grasp point: robust centroid (669, 414)
21:18:37.660 [INFO ] MaskTracker: anchor locked (IoU streak=202, last IoU=0.999)
21:18:37.666 [INFO ] frame=202 state=NEAR      c=(670,413) depth=476.9mm  robot xyz=(nan, nan, nan)mm  tilt=-
21:18:37.927 [INFO ] SAM3: 1 detection(s) for 'box'
21:18:37.927 [INFO ] SAM3: 'box' score=0.96 @ [563 209 775 619]  (top of 1)
21:18:37.928 [INFO ] SAM3: mask obtained (score=0.961, area=84132 px)
21:18:37.956 [DEBUG] Grasp point: robust centroid (669, 414)
21:18:37.957 [INFO ] MaskTracker: anchor locked (IoU streak=203, last IoU=0.999)
21:18:37.964 [INFO ] frame=203 state=NEAR      c=(670,413) depth=476.9mm  robot xyz=(nan, nan, nan)mm  tilt=-
21:18:38.219 [INFO ] SAM3: 1 detection(s) for 'box'
21:18:38.219 [INFO ] SAM3: 'box' score=0.96 @ [563 209 775 619]  (top of 1)
21:18:38.219 [INFO ] SAM3: mask obtained (score=0.962, area=84142 px)
21:18:38.247 [DEBUG] Grasp point: robust centroid (669, 414)
21:18:38.247 [INFO ] MaskTracker: anchor locked (IoU streak=204, last IoU=0.999)
21:18:38.255 [INFO ] frame=204 state=NEAR      c=(670,413) depth=477.0mm  robot xyz=(nan, nan, nan)mm  tilt=-
21:18:38.518 [INFO ] SAM3: 1 detection(s) for 'box'
21:18:38.518 [INFO ] SAM3: 'box' score=0.97 @ [563 209 775 619]  (top of 1)
21:18:38.519 [INFO ] SAM3: mask obtained (score=0.967, area=84072 px)
21:18:38.548 [DEBUG] Grasp point: robust centroid (669, 414)
21:18:38.548 [INFO ] MaskTracker: anchor locked (IoU streak=205, last IoU=0.999)
21:18:38.555 [INFO ] frame=205 state=NEAR      c=(670,413) depth=476.9mm  robot xyz=(nan, nan, nan)mm  tilt=-
21:18:38.812 [INFO ] SAM3: 1 detection(s) for 'box'
21:18:38.812 [INFO ] SAM3: 'box' score=0.96 @ [563 209 775 619]  (top of 1)
21:18:38.812 [INFO ] SAM3: mask obtained (score=0.963, area=84093 px)
21:18:38.839 [DEBUG] Grasp point: robust centroid (669, 414)
21:18:38.839 [INFO ] MaskTracker: anchor locked (IoU streak=206, last IoU=0.999)
21:18:38.846 [INFO ] frame=206 state=NEAR      c=(670,413) depth=476.9mm  robot xyz=(nan, nan, nan)mm  tilt=-
21:18:39.106 [INFO ] SAM3: 1 detection(s) for 'box'
21:18:39.106 [INFO ] SAM3: 'box' score=0.97 @ [563 209 776 619]  (top of 1)
21:18:39.106 [INFO ] SAM3: mask obtained (score=0.965, area=84164 px)
21:18:39.133 [DEBUG] Grasp point: robust centroid (670, 414)
21:18:39.134 [INFO ] MaskTracker: anchor locked (IoU streak=207, last IoU=0.999)
21:18:39.141 [INFO ] frame=207 state=NEAR      c=(670,413) depth=476.8mm  robot xyz=(nan, nan, nan)mm  tilt=-
21:18:39.401 [INFO ] SAM3: 1 detection(s) for 'box'
21:18:39.401 [INFO ] SAM3: 'box' score=0.96 @ [563 209 775 619]  (top of 1)
21:18:39.401 [INFO ] SAM3: mask obtained (score=0.960, area=84139 px)
21:18:39.428 [DEBUG] Grasp point: robust centroid (669, 414)
21:18:39.428 [INFO ] MaskTracker: anchor locked (IoU streak=208, last IoU=0.999)
21:18:39.435 [INFO ] frame=208 state=NEAR      c=(670,413) depth=476.9mm  robot xyz=(nan, nan, nan)mm  tilt=-
21:18:39.694 [INFO ] SAM3: 1 detection(s) for 'box'
21:18:39.694 [INFO ] SAM3: 'box' score=0.96 @ [563 209 776 619]  (top of 1)
21:18:39.694 [INFO ] SAM3: mask obtained (score=0.963, area=84118 px)
21:18:39.722 [DEBUG] Grasp point: robust centroid (669, 414)
21:18:39.722 [INFO ] MaskTracker: anchor locked (IoU streak=209, last IoU=0.999)
21:18:39.729 [INFO ] frame=209 state=NEAR      c=(670,413) depth=476.8mm  robot xyz=(nan, nan, nan)mm  tilt=-
21:18:39.991 [INFO ] SAM3: 1 detection(s) for 'box'
21:18:39.991 [INFO ] SAM3: 'box' score=0.96 @ [563 209 775 619]  (top of 1)
21:18:39.991 [INFO ] SAM3: mask obtained (score=0.961, area=84128 px)
21:18:40.018 [DEBUG] Grasp point: robust centroid (669, 414)
21:18:40.019 [INFO ] MaskTracker: anchor locked (IoU streak=210, last IoU=0.999)
21:18:40.025 [INFO ] frame=210 state=NEAR      c=(670,413) depth=476.9mm  robot xyz=(nan, nan, nan)mm  tilt=-
21:18:40.284 [INFO ] SAM3: 1 detection(s) for 'box'
21:18:40.284 [INFO ] SAM3: 'box' score=0.96 @ [563 209 775 619]  (top of 1)
21:18:40.284 [INFO ] SAM3: mask obtained (score=0.964, area=84118 px)
21:18:40.313 [DEBUG] Grasp point: robust centroid (669, 414)
21:18:40.314 [INFO ] MaskTracker: anchor locked (IoU streak=211, last IoU=0.999)
21:18:40.320 [INFO ] frame=211 state=NEAR      c=(670,413) depth=476.8mm  robot xyz=(nan, nan, nan)mm  tilt=-
21:18:40.576 [INFO ] SAM3: 1 detection(s) for 'box'
21:18:40.577 [INFO ] SAM3: 'box' score=0.96 @ [563 209 775 619]  (top of 1)
21:18:40.577 [INFO ] SAM3: mask obtained (score=0.963, area=84094 px)
21:18:40.604 [DEBUG] Grasp point: robust centroid (669, 414)
21:18:40.604 [INFO ] MaskTracker: anchor locked (IoU streak=212, last IoU=0.999)
21:18:40.611 [INFO ] frame=212 state=NEAR      c=(670,413) depth=476.6mm  robot xyz=(nan, nan, nan)mm  tilt=-
21:18:40.875 [INFO ] SAM3: 1 detection(s) for 'box'
21:18:40.875 [INFO ] SAM3: 'box' score=0.96 @ [563 209 775 619]  (top of 1)
21:18:40.875 [INFO ] SAM3: mask obtained (score=0.963, area=84117 px)
21:18:40.902 [DEBUG] Grasp point: robust centroid (669, 414)
21:18:40.903 [INFO ] MaskTracker: anchor locked (IoU streak=213, last IoU=0.999)
21:18:40.909 [INFO ] frame=213 state=NEAR      c=(670,413) depth=476.7mm  robot xyz=(nan, nan, nan)mm  tilt=-
21:18:41.164 [INFO ] SAM3: 1 detection(s) for 'box'
21:18:41.165 [INFO ] SAM3: 'box' score=0.96 @ [563 209 775 619]  (top of 1)
21:18:41.165 [INFO ] SAM3: mask obtained (score=0.964, area=84115 px)
21:18:41.191 [DEBUG] Grasp point: robust centroid (669, 414)
21:18:41.192 [INFO ] MaskTracker: anchor locked (IoU streak=214, last IoU=0.999)
21:18:41.198 [INFO ] frame=214 state=NEAR      c=(670,413) depth=476.7mm  robot xyz=(nan, nan, nan)mm  tilt=-
21:18:41.460 [INFO ] SAM3: 1 detection(s) for 'box'
21:18:41.461 [INFO ] SAM3: 'box' score=0.96 @ [563 209 775 619]  (top of 1)
21:18:41.461 [INFO ] SAM3: mask obtained (score=0.964, area=84114 px)
21:18:41.487 [DEBUG] Grasp point: robust centroid (669, 414)
21:18:41.487 [INFO ] MaskTracker: anchor locked (IoU streak=215, last IoU=0.999)
21:18:41.494 [INFO ] frame=215 state=NEAR      c=(670,413) depth=476.7mm  robot xyz=(nan, nan, nan)mm  tilt=-
21:18:41.755 [INFO ] SAM3: 1 detection(s) for 'box'
21:18:41.755 [INFO ] SAM3: 'box' score=0.96 @ [563 209 775 619]  (top of 1)
21:18:41.755 [INFO ] SAM3: mask obtained (score=0.963, area=84119 px)
21:18:41.784 [DEBUG] Grasp point: robust centroid (669, 414)
21:18:41.784 [INFO ] MaskTracker: anchor locked (IoU streak=216, last IoU=0.999)
21:18:41.791 [INFO ] frame=216 state=NEAR      c=(670,413) depth=476.7mm  robot xyz=(nan, nan, nan)mm  tilt=-
21:18:42.055 [INFO ] SAM3: 1 detection(s) for 'box'
21:18:42.055 [INFO ] SAM3: 'box' score=0.96 @ [563 209 775 619]  (top of 1)
21:18:42.055 [INFO ] SAM3: mask obtained (score=0.962, area=84118 px)
21:18:42.082 [DEBUG] Grasp point: robust centroid (669, 414)
21:18:42.082 [INFO ] MaskTracker: anchor locked (IoU streak=217, last IoU=0.999)
21:18:42.089 [INFO ] frame=217 state=NEAR      c=(670,413) depth=476.7mm  robot xyz=(nan, nan, nan)mm  tilt=-
21:18:42.351 [INFO ] SAM3: 1 detection(s) for 'box'
21:18:42.351 [INFO ] SAM3: 'box' score=0.96 @ [563 209 775 619]  (top of 1)
21:18:42.351 [INFO ] SAM3: mask obtained (score=0.963, area=84129 px)
21:18:42.378 [DEBUG] Grasp point: robust centroid (669, 414)
21:18:42.378 [INFO ] MaskTracker: anchor locked (IoU streak=218, last IoU=0.999)
21:18:42.385 [INFO ] frame=218 state=NEAR      c=(670,413) depth=476.4mm  robot xyz=(nan, nan, nan)mm  tilt=-
21:18:42.646 [INFO ] SAM3: 1 detection(s) for 'box'
21:18:42.647 [INFO ] SAM3: 'box' score=0.96 @ [563 209 776 619]  (top of 1)
21:18:42.647 [INFO ] SAM3: mask obtained (score=0.961, area=84151 px)
21:18:42.674 [DEBUG] Grasp point: robust centroid (669, 414)
21:18:42.674 [INFO ] MaskTracker: anchor locked (IoU streak=219, last IoU=0.999)
21:18:42.681 [INFO ] frame=219 state=NEAR      c=(670,413) depth=476.4mm  robot xyz=(nan, nan, nan)mm  tilt=-
21:18:42.940 [INFO ] SAM3: 1 detection(s) for 'box'
21:18:42.941 [INFO ] SAM3: 'box' score=0.96 @ [563 209 775 619]  (top of 1)
21:18:42.941 [INFO ] SAM3: mask obtained (score=0.959, area=84104 px)
21:18:42.970 [DEBUG] Grasp point: robust centroid (669, 414)
21:18:42.970 [INFO ] MaskTracker: anchor locked (IoU streak=220, last IoU=0.999)
21:18:42.977 [INFO ] frame=220 state=NEAR      c=(670,413) depth=476.6mm  robot xyz=(nan, nan, nan)mm  tilt=-
21:18:43.233 [INFO ] SAM3: 1 detection(s) for 'box'
21:18:43.233 [INFO ] SAM3: 'box' score=0.96 @ [563 209 775 619]  (top of 1)
21:18:43.234 [INFO ] SAM3: mask obtained (score=0.961, area=84138 px)
21:18:43.261 [DEBUG] Grasp point: robust centroid (669, 414)
21:18:43.261 [INFO ] MaskTracker: anchor locked (IoU streak=221, last IoU=0.999)
21:18:43.267 [INFO ] frame=221 state=NEAR      c=(670,413) depth=476.8mm  robot xyz=(nan, nan, nan)mm  tilt=-
21:18:43.529 [INFO ] SAM3: 1 detection(s) for 'box'
21:18:43.529 [INFO ] SAM3: 'box' score=0.96 @ [563 209 775 619]  (top of 1)
21:18:43.529 [INFO ] SAM3: mask obtained (score=0.964, area=84135 px)
21:18:43.556 [DEBUG] Grasp point: robust centroid (669, 414)
21:18:43.556 [INFO ] MaskTracker: anchor locked (IoU streak=222, last IoU=0.999)
21:18:43.563 [INFO ] frame=222 state=NEAR      c=(670,413) depth=476.6mm  robot xyz=(nan, nan, nan)mm  tilt=-
21:18:43.819 [INFO ] SAM3: 1 detection(s) for 'box'
21:18:43.819 [INFO ] SAM3: 'box' score=0.96 @ [563 209 775 619]  (top of 1)
21:18:43.819 [INFO ] SAM3: mask obtained (score=0.964, area=84163 px)
21:18:43.847 [DEBUG] Grasp point: robust centroid (669, 414)
21:18:43.847 [INFO ] MaskTracker: anchor locked (IoU streak=223, last IoU=0.999)
21:18:43.853 [INFO ] frame=223 state=NEAR      c=(670,413) depth=476.9mm  robot xyz=(nan, nan, nan)mm  tilt=-
21:18:44.113 [INFO ] SAM3: 1 detection(s) for 'box'
21:18:44.113 [INFO ] SAM3: 'box' score=0.96 @ [563 209 775 619]  (top of 1)
21:18:44.114 [INFO ] SAM3: mask obtained (score=0.960, area=84157 px)
21:18:44.140 [DEBUG] Grasp point: robust centroid (669, 414)
21:18:44.140 [INFO ] MaskTracker: anchor locked (IoU streak=224, last IoU=0.999)
21:18:44.147 [INFO ] frame=224 state=NEAR      c=(670,413) depth=476.6mm  robot xyz=(nan, nan, nan)mm  tilt=-
21:18:44.405 [INFO ] SAM3: 1 detection(s) for 'box'
21:18:44.405 [INFO ] SAM3: 'box' score=0.96 @ [563 209 775 619]  (top of 1)
21:18:44.405 [INFO ] SAM3: mask obtained (score=0.960, area=84133 px)
21:18:44.434 [DEBUG] Grasp point: robust centroid (669, 414)
21:18:44.435 [INFO ] MaskTracker: anchor locked (IoU streak=225, last IoU=0.999)
21:18:44.441 [INFO ] frame=225 state=NEAR      c=(670,413) depth=476.6mm  robot xyz=(nan, nan, nan)mm  tilt=-
21:18:44.695 [INFO ] SAM3: 1 detection(s) for 'box'
21:18:44.695 [INFO ] SAM3: 'box' score=0.96 @ [563 209 775 619]  (top of 1)
21:18:44.695 [INFO ] SAM3: mask obtained (score=0.964, area=84148 px)
21:18:44.722 [DEBUG] Grasp point: robust centroid (669, 414)
21:18:44.723 [INFO ] MaskTracker: anchor locked (IoU streak=226, last IoU=0.999)
21:18:44.729 [INFO ] frame=226 state=NEAR      c=(670,413) depth=476.7mm  robot xyz=(nan, nan, nan)mm  tilt=-
21:18:44.993 [INFO ] SAM3: 1 detection(s) for 'box'
21:18:44.994 [INFO ] SAM3: 'box' score=0.96 @ [563 209 775 619]  (top of 1)
21:18:44.994 [INFO ] SAM3: mask obtained (score=0.962, area=84146 px)
21:18:45.021 [DEBUG] Grasp point: robust centroid (669, 414)
21:18:45.022 [INFO ] MaskTracker: anchor locked (IoU streak=227, last IoU=0.999)
21:18:45.029 [INFO ] frame=227 state=NEAR      c=(670,413) depth=476.7mm  robot xyz=(nan, nan, nan)mm  tilt=-
21:18:45.286 [INFO ] SAM3: 1 detection(s) for 'box'
21:18:45.286 [INFO ] SAM3: 'box' score=0.96 @ [563 209 775 619]  (top of 1)
21:18:45.286 [INFO ] SAM3: mask obtained (score=0.963, area=84128 px)
21:18:45.314 [DEBUG] Grasp point: robust centroid (669, 414)
21:18:45.315 [INFO ] MaskTracker: anchor locked (IoU streak=228, last IoU=0.999)
21:18:45.321 [INFO ] frame=228 state=NEAR      c=(670,413) depth=476.7mm  robot xyz=(nan, nan, nan)mm  tilt=-
21:18:45.579 [INFO ] SAM3: 1 detection(s) for 'box'
21:18:45.580 [INFO ] SAM3: 'box' score=0.96 @ [563 209 775 619]  (top of 1)
21:18:45.580 [INFO ] SAM3: mask obtained (score=0.962, area=84194 px)
21:18:45.608 [DEBUG] Grasp point: robust centroid (669, 414)
21:18:45.608 [INFO ] MaskTracker: anchor locked (IoU streak=229, last IoU=0.999)
21:18:45.615 [INFO ] frame=229 state=NEAR      c=(670,413) depth=476.7mm  robot xyz=(nan, nan, nan)mm  tilt=-
21:18:45.874 [INFO ] SAM3: 1 detection(s) for 'box'
21:18:45.874 [INFO ] SAM3: 'box' score=0.96 @ [563 209 775 619]  (top of 1)
21:18:45.874 [INFO ] SAM3: mask obtained (score=0.964, area=84126 px)
21:18:45.903 [DEBUG] Grasp point: robust centroid (669, 414)
21:18:45.903 [INFO ] MaskTracker: anchor locked (IoU streak=230, last IoU=0.999)
21:18:45.911 [INFO ] frame=230 state=NEAR      c=(670,413) depth=476.8mm  robot xyz=(nan, nan, nan)mm  tilt=-
21:18:46.170 [INFO ] SAM3: 1 detection(s) for 'box'
21:18:46.170 [INFO ] SAM3: 'box' score=0.96 @ [563 209 775 619]  (top of 1)
21:18:46.171 [INFO ] SAM3: mask obtained (score=0.963, area=84116 px)
21:18:46.198 [DEBUG] Grasp point: robust centroid (669, 414)
21:18:46.199 [INFO ] MaskTracker: anchor locked (IoU streak=231, last IoU=0.999)
21:18:46.205 [INFO ] frame=231 state=NEAR      c=(670,413) depth=476.8mm  robot xyz=(nan, nan, nan)mm  tilt=-
21:18:46.462 [INFO ] SAM3: 1 detection(s) for 'box'
21:18:46.462 [INFO ] SAM3: 'box' score=0.96 @ [563 209 775 619]  (top of 1)
21:18:46.462 [INFO ] SAM3: mask obtained (score=0.964, area=84134 px)
21:18:46.490 [DEBUG] Grasp point: robust centroid (669, 414)
21:18:46.491 [INFO ] MaskTracker: anchor locked (IoU streak=232, last IoU=0.999)
21:18:46.498 [INFO ] frame=232 state=NEAR      c=(670,413) depth=476.8mm  robot xyz=(nan, nan, nan)mm  tilt=-
21:18:46.757 [INFO ] SAM3: 1 detection(s) for 'box'
21:18:46.758 [INFO ] SAM3: 'box' score=0.96 @ [563 209 775 619]  (top of 1)
21:18:46.758 [INFO ] SAM3: mask obtained (score=0.964, area=84171 px)
21:18:46.785 [DEBUG] Grasp point: robust centroid (669, 414)
21:18:46.786 [INFO ] MaskTracker: anchor locked (IoU streak=233, last IoU=0.999)
21:18:46.792 [INFO ] frame=233 state=NEAR      c=(670,413) depth=476.9mm  robot xyz=(nan, nan, nan)mm  tilt=-
21:18:47.050 [INFO ] SAM3: 1 detection(s) for 'box'
21:18:47.051 [INFO ] SAM3: 'box' score=0.96 @ [563 209 775 619]  (top of 1)
21:18:47.051 [INFO ] SAM3: mask obtained (score=0.962, area=84172 px)
21:18:47.080 [DEBUG] Grasp point: robust centroid (669, 414)
21:18:47.080 [INFO ] MaskTracker: anchor locked (IoU streak=234, last IoU=0.999)
21:18:47.086 [INFO ] frame=234 state=NEAR      c=(670,413) depth=476.9mm  robot xyz=(nan, nan, nan)mm  tilt=-
21:18:47.347 [INFO ] SAM3: 1 detection(s) for 'box'
21:18:47.347 [INFO ] SAM3: 'box' score=0.96 @ [563 209 775 619]  (top of 1)
21:18:47.348 [INFO ] SAM3: mask obtained (score=0.964, area=84103 px)
21:18:47.374 [DEBUG] Grasp point: robust centroid (669, 414)
21:18:47.374 [INFO ] MaskTracker: anchor locked (IoU streak=235, last IoU=0.999)
21:18:47.381 [INFO ] frame=235 state=NEAR      c=(670,413) depth=476.8mm  robot xyz=(nan, nan, nan)mm  tilt=-
21:18:47.636 [INFO ] SAM3: 1 detection(s) for 'box'
21:18:47.636 [INFO ] SAM3: 'box' score=0.96 @ [563 209 776 619]  (top of 1)
21:18:47.636 [INFO ] SAM3: mask obtained (score=0.959, area=84119 px)
21:18:47.666 [DEBUG] Grasp point: robust centroid (669, 414)
21:18:47.667 [INFO ] MaskTracker: anchor locked (IoU streak=236, last IoU=0.999)
21:18:47.673 [INFO ] frame=236 state=NEAR      c=(670,413) depth=476.4mm  robot xyz=(nan, nan, nan)mm  tilt=-
21:18:47.935 [INFO ] SAM3: 1 detection(s) for 'box'
21:18:47.935 [INFO ] SAM3: 'box' score=0.96 @ [563 209 776 619]  (top of 1)
21:18:47.935 [INFO ] SAM3: mask obtained (score=0.963, area=84113 px)
21:18:47.964 [DEBUG] Grasp point: robust centroid (669, 414)
21:18:47.964 [INFO ] MaskTracker: anchor locked (IoU streak=237, last IoU=0.999)
21:18:47.971 [INFO ] frame=237 state=NEAR      c=(670,413) depth=476.7mm  robot xyz=(nan, nan, nan)mm  tilt=-
21:18:48.228 [INFO ] SAM3: 1 detection(s) for 'box'
21:18:48.229 [INFO ] SAM3: 'box' score=0.96 @ [563 209 775 619]  (top of 1)
21:18:48.229 [INFO ] SAM3: mask obtained (score=0.962, area=84160 px)
21:18:48.256 [DEBUG] Grasp point: robust centroid (669, 414)
21:18:48.257 [INFO ] MaskTracker: anchor locked (IoU streak=238, last IoU=0.999)
21:18:48.263 [INFO ] frame=238 state=NEAR      c=(670,413) depth=476.5mm  robot xyz=(nan, nan, nan)mm  tilt=-
21:18:48.528 [INFO ] SAM3: 1 detection(s) for 'box'
21:18:48.528 [INFO ] SAM3: 'box' score=0.96 @ [563 209 775 619]  (top of 1)
21:18:48.528 [INFO ] SAM3: mask obtained (score=0.964, area=84115 px)
21:18:48.556 [DEBUG] Grasp point: robust centroid (669, 414)
21:18:48.556 [INFO ] MaskTracker: anchor locked (IoU streak=239, last IoU=0.999)
21:18:48.562 [INFO ] frame=239 state=NEAR      c=(670,413) depth=476.6mm  robot xyz=(nan, nan, nan)mm  tilt=-
21:18:48.821 [INFO ] SAM3: 1 detection(s) for 'box'
21:18:48.821 [INFO ] SAM3: 'box' score=0.96 @ [563 209 776 619]  (top of 1)
21:18:48.822 [INFO ] SAM3: mask obtained (score=0.964, area=84099 px)
21:18:48.849 [DEBUG] Grasp point: robust centroid (669, 414)
21:18:48.849 [INFO ] MaskTracker: anchor locked (IoU streak=240, last IoU=0.999)
21:18:48.856 [INFO ] frame=240 state=NEAR      c=(670,413) depth=476.6mm  robot xyz=(nan, nan, nan)mm  tilt=-
21:18:49.112 [INFO ] SAM3: 1 detection(s) for 'box'
21:18:49.112 [INFO ] SAM3: 'box' score=0.96 @ [563 209 775 619]  (top of 1)
21:18:49.112 [INFO ] SAM3: mask obtained (score=0.962, area=84112 px)
21:18:49.139 [DEBUG] Grasp point: robust centroid (669, 414)
21:18:49.139 [INFO ] MaskTracker: anchor locked (IoU streak=241, last IoU=0.999)
21:18:49.147 [INFO ] frame=241 state=NEAR      c=(670,413) depth=476.7mm  robot xyz=(nan, nan, nan)mm  tilt=-
21:18:49.407 [INFO ] SAM3: 1 detection(s) for 'box'
21:18:49.408 [INFO ] SAM3: 'box' score=0.96 @ [563 209 775 619]  (top of 1)
21:18:49.408 [INFO ] SAM3: mask obtained (score=0.957, area=84115 px)
21:18:49.436 [DEBUG] Grasp point: robust centroid (669, 414)
21:18:49.436 [INFO ] MaskTracker: anchor locked (IoU streak=242, last IoU=0.999)
21:18:49.443 [INFO ] frame=242 state=NEAR      c=(670,413) depth=476.7mm  robot xyz=(nan, nan, nan)mm  tilt=-
21:18:49.704 [INFO ] SAM3: 1 detection(s) for 'box'
21:18:49.704 [INFO ] SAM3: 'box' score=0.97 @ [563 209 775 619]  (top of 1)
21:18:49.704 [INFO ] SAM3: mask obtained (score=0.965, area=84148 px)
21:18:49.732 [DEBUG] Grasp point: robust centroid (669, 414)
21:18:49.732 [INFO ] MaskTracker: anchor locked (IoU streak=243, last IoU=0.999)
21:18:49.739 [INFO ] frame=243 state=NEAR      c=(670,413) depth=477.0mm  robot xyz=(nan, nan, nan)mm  tilt=-
21:18:50.002 [INFO ] SAM3: 1 detection(s) for 'box'
21:18:50.002 [INFO ] SAM3: 'box' score=0.96 @ [563 209 775 619]  (top of 1)
21:18:50.002 [INFO ] SAM3: mask obtained (score=0.959, area=84139 px)
21:18:50.029 [DEBUG] Grasp point: robust centroid (669, 414)
21:18:50.030 [INFO ] MaskTracker: anchor locked (IoU streak=244, last IoU=0.999)
21:18:50.036 [INFO ] frame=244 state=NEAR      c=(670,413) depth=476.7mm  robot xyz=(nan, nan, nan)mm  tilt=-
21:18:50.295 [INFO ] SAM3: 1 detection(s) for 'box'
21:18:50.295 [INFO ] SAM3: 'box' score=0.96 @ [563 209 775 619]  (top of 1)
21:18:50.295 [INFO ] SAM3: mask obtained (score=0.963, area=84134 px)
21:18:50.325 [DEBUG] Grasp point: robust centroid (669, 414)
21:18:50.325 [INFO ] MaskTracker: anchor locked (IoU streak=245, last IoU=0.999)
21:18:50.332 [INFO ] frame=245 state=NEAR      c=(670,413) depth=476.8mm  robot xyz=(nan, nan, nan)mm  tilt=-
21:18:50.590 [INFO ] SAM3: 1 detection(s) for 'box'
21:18:50.590 [INFO ] SAM3: 'box' score=0.96 @ [563 209 775 619]  (top of 1)
21:18:50.590 [INFO ] SAM3: mask obtained (score=0.963, area=84155 px)
21:18:50.618 [DEBUG] Grasp point: robust centroid (669, 414)
21:18:50.618 [INFO ] MaskTracker: anchor locked (IoU streak=246, last IoU=0.999)
21:18:50.624 [INFO ] frame=246 state=NEAR      c=(670,413) depth=477.1mm  robot xyz=(nan, nan, nan)mm  tilt=-
21:18:50.884 [INFO ] SAM3: 1 detection(s) for 'box'
21:18:50.884 [INFO ] SAM3: 'box' score=0.96 @ [563 209 775 619]  (top of 1)
21:18:50.884 [INFO ] SAM3: mask obtained (score=0.963, area=84167 px)
21:18:50.913 [DEBUG] Grasp point: robust centroid (669, 414)
21:18:50.913 [INFO ] MaskTracker: anchor locked (IoU streak=247, last IoU=0.999)
21:18:50.920 [INFO ] frame=247 state=NEAR      c=(670,413) depth=476.9mm  robot xyz=(nan, nan, nan)mm  tilt=-
21:18:51.179 [INFO ] SAM3: 1 detection(s) for 'box'
21:18:51.179 [INFO ] SAM3: 'box' score=0.96 @ [563 209 775 619]  (top of 1)
21:18:51.180 [INFO ] SAM3: mask obtained (score=0.963, area=84104 px)
21:18:51.206 [DEBUG] Grasp point: robust centroid (669, 414)
21:18:51.206 [INFO ] MaskTracker: anchor locked (IoU streak=248, last IoU=0.999)
21:18:51.213 [INFO ] frame=248 state=NEAR      c=(670,413) depth=476.9mm  robot xyz=(nan, nan, nan)mm  tilt=-
21:18:51.469 [INFO ] SAM3: 1 detection(s) for 'box'
21:18:51.469 [INFO ] SAM3: 'box' score=0.97 @ [563 209 775 619]  (top of 1)
21:18:51.470 [INFO ] SAM3: mask obtained (score=0.966, area=84131 px)
21:18:51.498 [DEBUG] Grasp point: robust centroid (669, 414)
21:18:51.498 [INFO ] MaskTracker: anchor locked (IoU streak=249, last IoU=0.999)
21:18:51.504 [INFO ] frame=249 state=NEAR      c=(670,413) depth=477.1mm  robot xyz=(nan, nan, nan)mm  tilt=-
21:18:51.764 [INFO ] SAM3: 1 detection(s) for 'box'
21:18:51.764 [INFO ] SAM3: 'box' score=0.96 @ [563 209 775 619]  (top of 1)
21:18:51.764 [INFO ] SAM3: mask obtained (score=0.959, area=84117 px)
21:18:51.790 [DEBUG] Grasp point: robust centroid (669, 414)
21:18:51.791 [INFO ] MaskTracker: anchor locked (IoU streak=250, last IoU=0.999)
21:18:51.797 [INFO ] frame=250 state=NEAR      c=(670,413) depth=476.9mm  robot xyz=(nan, nan, nan)mm  tilt=-
21:18:52.054 [INFO ] SAM3: 1 detection(s) for 'box'
21:18:52.054 [INFO ] SAM3: 'box' score=0.96 @ [563 209 775 619]  (top of 1)
21:18:52.055 [INFO ] SAM3: mask obtained (score=0.964, area=84169 px)
21:18:52.084 [DEBUG] Grasp point: robust centroid (670, 414)
21:18:52.084 [INFO ] MaskTracker: anchor locked (IoU streak=251, last IoU=0.999)
21:18:52.090 [INFO ] frame=251 state=NEAR      c=(670,413) depth=476.9mm  robot xyz=(nan, nan, nan)mm  tilt=-
21:18:52.349 [INFO ] SAM3: 1 detection(s) for 'box'
21:18:52.349 [INFO ] SAM3: 'box' score=0.96 @ [563 209 775 619]  (top of 1)
21:18:52.349 [INFO ] SAM3: mask obtained (score=0.964, area=84112 px)
21:18:52.376 [DEBUG] Grasp point: robust centroid (669, 414)
21:18:52.377 [INFO ] MaskTracker: anchor locked (IoU streak=252, last IoU=0.999)
21:18:52.384 [INFO ] frame=252 state=NEAR      c=(670,413) depth=476.9mm  robot xyz=(nan, nan, nan)mm  tilt=-
21:18:52.643 [INFO ] SAM3: 1 detection(s) for 'box'
21:18:52.643 [INFO ] SAM3: 'box' score=0.96 @ [563 209 775 619]  (top of 1)
21:18:52.644 [INFO ] SAM3: mask obtained (score=0.960, area=84144 px)
21:18:52.673 [DEBUG] Grasp point: robust centroid (669, 414)
21:18:52.673 [INFO ] MaskTracker: anchor locked (IoU streak=253, last IoU=0.999)
21:18:52.680 [INFO ] frame=253 state=NEAR      c=(670,413) depth=477.1mm  robot xyz=(nan, nan, nan)mm  tilt=-
21:18:52.938 [INFO ] SAM3: 1 detection(s) for 'box'
21:18:52.939 [INFO ] SAM3: 'box' score=0.96 @ [563 209 775 619]  (top of 1)
21:18:52.939 [INFO ] SAM3: mask obtained (score=0.964, area=84129 px)
21:18:52.968 [DEBUG] Grasp point: robust centroid (669, 414)
21:18:52.968 [INFO ] MaskTracker: anchor locked (IoU streak=254, last IoU=0.999)
21:18:52.975 [INFO ] frame=254 state=NEAR      c=(670,413) depth=477.0mm  robot xyz=(nan, nan, nan)mm  tilt=-
21:18:53.228 [INFO ] SAM3: 1 detection(s) for 'box'
21:18:53.229 [INFO ] SAM3: 'box' score=0.96 @ [563 209 776 619]  (top of 1)
21:18:53.229 [INFO ] SAM3: mask obtained (score=0.964, area=84103 px)
21:18:53.256 [DEBUG] Grasp point: robust centroid (669, 414)
21:18:53.256 [INFO ] MaskTracker: anchor locked (IoU streak=255, last IoU=0.999)
21:18:53.264 [INFO ] frame=255 state=NEAR      c=(670,413) depth=476.9mm  robot xyz=(nan, nan, nan)mm  tilt=-
21:18:53.527 [INFO ] SAM3: 1 detection(s) for 'box'
21:18:53.527 [INFO ] SAM3: 'box' score=0.96 @ [563 209 775 619]  (top of 1)
21:18:53.527 [INFO ] SAM3: mask obtained (score=0.963, area=84099 px)
21:18:53.554 [DEBUG] Grasp point: robust centroid (669, 414)
21:18:53.554 [INFO ] MaskTracker: anchor locked (IoU streak=256, last IoU=0.999)
21:18:53.561 [INFO ] frame=256 state=NEAR      c=(670,413) depth=477.1mm  robot xyz=(nan, nan, nan)mm  tilt=-
21:18:53.819 [INFO ] SAM3: 1 detection(s) for 'box'
21:18:53.820 [INFO ] SAM3: 'box' score=0.96 @ [563 209 776 619]  (top of 1)
21:18:53.820 [INFO ] SAM3: mask obtained (score=0.960, area=84143 px)
21:18:53.847 [DEBUG] Grasp point: robust centroid (669, 414)
21:18:53.847 [INFO ] MaskTracker: anchor locked (IoU streak=257, last IoU=0.999)
21:18:53.854 [INFO ] frame=257 state=NEAR      c=(670,413) depth=476.9mm  robot xyz=(nan, nan, nan)mm  tilt=-
21:18:54.113 [INFO ] SAM3: 1 detection(s) for 'box'
21:18:54.113 [INFO ] SAM3: 'box' score=0.96 @ [563 209 775 619]  (top of 1)
21:18:54.113 [INFO ] SAM3: mask obtained (score=0.963, area=84121 px)
21:18:54.140 [DEBUG] Grasp point: robust centroid (669, 414)
21:18:54.140 [INFO ] MaskTracker: anchor locked (IoU streak=258, last IoU=0.999)
21:18:54.147 [INFO ] frame=258 state=NEAR      c=(670,413) depth=476.9mm  robot xyz=(nan, nan, nan)mm  tilt=-
21:18:54.406 [INFO ] SAM3: 1 detection(s) for 'box'
21:18:54.407 [INFO ] SAM3: 'box' score=0.97 @ [563 209 775 619]  (top of 1)
21:18:54.407 [INFO ] SAM3: mask obtained (score=0.967, area=84150 px)
21:18:54.434 [DEBUG] Grasp point: robust centroid (669, 414)
21:18:54.434 [INFO ] MaskTracker: anchor locked (IoU streak=259, last IoU=0.999)
21:18:54.440 [INFO ] frame=259 state=NEAR      c=(670,413) depth=476.9mm  robot xyz=(nan, nan, nan)mm  tilt=-
21:18:54.699 [INFO ] SAM3: 1 detection(s) for 'box'
21:18:54.699 [INFO ] SAM3: 'box' score=0.96 @ [563 209 775 619]  (top of 1)
21:18:54.699 [INFO ] SAM3: mask obtained (score=0.961, area=84133 px)
21:18:54.726 [DEBUG] Grasp point: robust centroid (669, 414)
21:18:54.726 [INFO ] MaskTracker: anchor locked (IoU streak=260, last IoU=0.999)
21:18:54.733 [INFO ] frame=260 state=NEAR      c=(670,413) depth=476.9mm  robot xyz=(nan, nan, nan)mm  tilt=-
21:18:54.990 [INFO ] SAM3: 1 detection(s) for 'box'
21:18:54.990 [INFO ] SAM3: 'box' score=0.97 @ [563 209 775 619]  (top of 1)
21:18:54.990 [INFO ] SAM3: mask obtained (score=0.966, area=84142 px)
21:18:55.017 [DEBUG] Grasp point: robust centroid (669, 414)
21:18:55.018 [INFO ] MaskTracker: anchor locked (IoU streak=261, last IoU=0.999)
21:18:55.024 [INFO ] frame=261 state=NEAR      c=(670,413) depth=476.9mm  robot xyz=(nan, nan, nan)mm  tilt=-
21:18:55.283 [INFO ] SAM3: 1 detection(s) for 'box'
21:18:55.283 [INFO ] SAM3: 'box' score=0.96 @ [563 209 775 619]  (top of 1)
21:18:55.283 [INFO ] SAM3: mask obtained (score=0.960, area=84101 px)
21:18:55.310 [DEBUG] Grasp point: robust centroid (669, 414)
21:18:55.311 [INFO ] MaskTracker: anchor locked (IoU streak=262, last IoU=0.999)
21:18:55.317 [INFO ] frame=262 state=NEAR      c=(670,413) depth=477.0mm  robot xyz=(nan, nan, nan)mm  tilt=-
21:18:55.579 [INFO ] SAM3: 1 detection(s) for 'box'
21:18:55.579 [INFO ] SAM3: 'box' score=0.96 @ [563 209 775 619]  (top of 1)
21:18:55.579 [INFO ] SAM3: mask obtained (score=0.958, area=84130 px)
21:18:55.606 [DEBUG] Grasp point: robust centroid (669, 414)
21:18:55.606 [INFO ] MaskTracker: anchor locked (IoU streak=263, last IoU=0.999)
21:18:55.613 [INFO ] frame=263 state=NEAR      c=(670,413) depth=477.1mm  robot xyz=(nan, nan, nan)mm  tilt=-
21:18:55.872 [INFO ] SAM3: 1 detection(s) for 'box'
21:18:55.872 [INFO ] SAM3: 'box' score=0.96 @ [563 209 775 619]  (top of 1)
21:18:55.872 [INFO ] SAM3: mask obtained (score=0.960, area=84147 px)
21:18:55.899 [DEBUG] Grasp point: robust centroid (669, 414)
21:18:55.900 [INFO ] MaskTracker: anchor locked (IoU streak=264, last IoU=0.999)
21:18:55.907 [INFO ] frame=264 state=NEAR      c=(670,413) depth=477.1mm  robot xyz=(nan, nan, nan)mm  tilt=-
21:18:56.165 [INFO ] SAM3: 1 detection(s) for 'box'
21:18:56.165 [INFO ] SAM3: 'box' score=0.96 @ [563 209 775 619]  (top of 1)
21:18:56.165 [INFO ] SAM3: mask obtained (score=0.962, area=84132 px)
21:18:56.192 [DEBUG] Grasp point: robust centroid (669, 414)
21:18:56.193 [INFO ] MaskTracker: anchor locked (IoU streak=265, last IoU=0.999)
21:18:56.200 [INFO ] frame=265 state=NEAR      c=(670,413) depth=476.9mm  robot xyz=(nan, nan, nan)mm  tilt=-
21:18:56.459 [INFO ] SAM3: 1 detection(s) for 'box'
21:18:56.459 [INFO ] SAM3: 'box' score=0.96 @ [563 209 776 619]  (top of 1)
21:18:56.459 [INFO ] SAM3: mask obtained (score=0.964, area=84140 px)
21:18:56.486 [DEBUG] Grasp point: robust centroid (669, 414)
21:18:56.487 [INFO ] MaskTracker: anchor locked (IoU streak=266, last IoU=0.999)
21:18:56.494 [INFO ] frame=266 state=NEAR      c=(670,413) depth=476.9mm  robot xyz=(nan, nan, nan)mm  tilt=-
21:18:56.753 [INFO ] SAM3: 1 detection(s) for 'box'
21:18:56.754 [INFO ] SAM3: 'box' score=0.96 @ [563 209 775 619]  (top of 1)
21:18:56.754 [INFO ] SAM3: mask obtained (score=0.964, area=84144 px)
21:18:56.781 [DEBUG] Grasp point: robust centroid (669, 414)
21:18:56.781 [INFO ] MaskTracker: anchor locked (IoU streak=267, last IoU=0.999)
21:18:56.788 [INFO ] frame=267 state=NEAR      c=(670,413) depth=476.9mm  robot xyz=(nan, nan, nan)mm  tilt=-
21:18:57.045 [INFO ] SAM3: 1 detection(s) for 'box'
21:18:57.045 [INFO ] SAM3: 'box' score=0.96 @ [563 209 775 619]  (top of 1)
21:18:57.045 [INFO ] SAM3: mask obtained (score=0.960, area=84148 px)
21:18:57.072 [DEBUG] Grasp point: robust centroid (669, 414)
21:18:57.073 [INFO ] MaskTracker: anchor locked (IoU streak=268, last IoU=0.999)
21:18:57.079 [INFO ] frame=268 state=NEAR      c=(670,413) depth=476.9mm  robot xyz=(nan, nan, nan)mm  tilt=-
21:18:57.342 [INFO ] SAM3: 1 detection(s) for 'box'
21:18:57.343 [INFO ] SAM3: 'box' score=0.96 @ [563 209 775 619]  (top of 1)
21:18:57.343 [INFO ] SAM3: mask obtained (score=0.958, area=84112 px)
21:18:57.370 [DEBUG] Grasp point: robust centroid (669, 414)
21:18:57.370 [INFO ] MaskTracker: anchor locked (IoU streak=269, last IoU=0.999)
21:18:57.377 [INFO ] frame=269 state=NEAR      c=(670,413) depth=477.2mm  robot xyz=(nan, nan, nan)mm  tilt=-
21:18:57.633 [INFO ] SAM3: 1 detection(s) for 'box'
21:18:57.634 [INFO ] SAM3: 'box' score=0.97 @ [563 209 775 619]  (top of 1)
21:18:57.634 [INFO ] SAM3: mask obtained (score=0.965, area=84154 px)
21:18:57.661 [DEBUG] Grasp point: robust centroid (669, 414)
21:18:57.662 [INFO ] MaskTracker: anchor locked (IoU streak=270, last IoU=0.999)
21:18:57.668 [INFO ] frame=270 state=NEAR      c=(670,413) depth=476.9mm  robot xyz=(nan, nan, nan)mm  tilt=-
21:18:57.923 [INFO ] SAM3: 1 detection(s) for 'box'
21:18:57.924 [INFO ] SAM3: 'box' score=0.96 @ [563 209 775 619]  (top of 1)
21:18:57.924 [INFO ] SAM3: mask obtained (score=0.962, area=84132 px)
21:18:57.954 [DEBUG] Grasp point: robust centroid (669, 414)
21:18:57.954 [INFO ] MaskTracker: anchor locked (IoU streak=271, last IoU=0.999)
21:18:57.961 [INFO ] frame=271 state=NEAR      c=(670,413) depth=477.1mm  robot xyz=(nan, nan, nan)mm  tilt=-
21:18:58.221 [INFO ] SAM3: 1 detection(s) for 'box'
21:18:58.221 [INFO ] SAM3: 'box' score=0.97 @ [563 209 775 619]  (top of 1)
21:18:58.221 [INFO ] SAM3: mask obtained (score=0.966, area=84115 px)
21:18:58.249 [DEBUG] Grasp point: robust centroid (669, 414)
21:18:58.249 [INFO ] MaskTracker: anchor locked (IoU streak=272, last IoU=0.999)
21:18:58.255 [INFO ] frame=272 state=NEAR      c=(670,413) depth=476.9mm  robot xyz=(nan, nan, nan)mm  tilt=-
21:18:58.516 [INFO ] SAM3: 1 detection(s) for 'box'
21:18:58.516 [INFO ] SAM3: 'box' score=0.96 @ [563 209 775 619]  (top of 1)
21:18:58.516 [INFO ] SAM3: mask obtained (score=0.962, area=84140 px)
21:18:58.544 [DEBUG] Grasp point: robust centroid (669, 414)
21:18:58.545 [INFO ] MaskTracker: anchor locked (IoU streak=273, last IoU=0.999)
21:18:58.551 [INFO ] frame=273 state=NEAR      c=(670,413) depth=476.9mm  robot xyz=(nan, nan, nan)mm  tilt=-
21:18:58.811 [INFO ] SAM3: 1 detection(s) for 'box'
21:18:58.811 [INFO ] SAM3: 'box' score=0.96 @ [563 209 775 619]  (top of 1)
21:18:58.811 [INFO ] SAM3: mask obtained (score=0.961, area=84097 px)
21:18:58.844 [DEBUG] Grasp point: robust centroid (669, 414)
21:18:58.845 [INFO ] MaskTracker: anchor locked (IoU streak=274, last IoU=0.999)
21:18:58.851 [INFO ] frame=274 state=NEAR      c=(670,413) depth=476.8mm  robot xyz=(nan, nan, nan)mm  tilt=-
21:18:59.111 [INFO ] SAM3: 1 detection(s) for 'box'
21:18:59.111 [INFO ] SAM3: 'box' score=0.96 @ [563 209 775 619]  (top of 1)
21:18:59.111 [INFO ] SAM3: mask obtained (score=0.958, area=84116 px)
21:18:59.138 [DEBUG] Grasp point: robust centroid (669, 414)
21:18:59.138 [INFO ] MaskTracker: anchor locked (IoU streak=275, last IoU=0.999)
21:18:59.145 [INFO ] frame=275 state=NEAR      c=(670,413) depth=476.9mm  robot xyz=(nan, nan, nan)mm  tilt=-
21:18:59.403 [INFO ] SAM3: 1 detection(s) for 'box'
21:18:59.403 [INFO ] SAM3: 'box' score=0.96 @ [563 209 775 619]  (top of 1)
21:18:59.404 [INFO ] SAM3: mask obtained (score=0.963, area=84144 px)
21:18:59.432 [DEBUG] Grasp point: robust centroid (669, 414)
21:18:59.432 [INFO ] MaskTracker: anchor locked (IoU streak=276, last IoU=0.999)
21:18:59.439 [INFO ] frame=276 state=NEAR      c=(670,413) depth=477.1mm  robot xyz=(nan, nan, nan)mm  tilt=-
21:18:59.700 [INFO ] SAM3: 1 detection(s) for 'box'
21:18:59.700 [INFO ] SAM3: 'box' score=0.96 @ [563 209 775 619]  (top of 1)
21:18:59.701 [INFO ] SAM3: mask obtained (score=0.963, area=84158 px)
21:18:59.728 [DEBUG] Grasp point: robust centroid (669, 414)
21:18:59.728 [INFO ] MaskTracker: anchor locked (IoU streak=277, last IoU=0.999)
21:18:59.736 [INFO ] frame=277 state=NEAR      c=(670,413) depth=476.9mm  robot xyz=(nan, nan, nan)mm  tilt=-
21:18:59.995 [INFO ] SAM3: 1 detection(s) for 'box'
21:18:59.996 [INFO ] SAM3: 'box' score=0.96 @ [563 209 775 619]  (top of 1)
21:18:59.996 [INFO ] SAM3: mask obtained (score=0.962, area=84150 px)
21:19:00.023 [DEBUG] Grasp point: robust centroid (669, 414)
21:19:00.024 [INFO ] MaskTracker: anchor locked (IoU streak=278, last IoU=0.999)
21:19:00.031 [INFO ] frame=278 state=NEAR      c=(670,413) depth=477.1mm  robot xyz=(nan, nan, nan)mm  tilt=-
21:19:00.289 [INFO ] SAM3: 1 detection(s) for 'box'
21:19:00.289 [INFO ] SAM3: 'box' score=0.96 @ [563 209 775 619]  (top of 1)
21:19:00.290 [INFO ] SAM3: mask obtained (score=0.963, area=84123 px)
21:19:00.319 [DEBUG] Grasp point: robust centroid (670, 414)
21:19:00.319 [INFO ] MaskTracker: anchor locked (IoU streak=279, last IoU=0.999)
21:19:00.327 [INFO ] frame=279 state=NEAR      c=(670,413) depth=476.9mm  robot xyz=(nan, nan, nan)mm  tilt=-
21:19:00.589 [INFO ] SAM3: 1 detection(s) for 'box'
21:19:00.589 [INFO ] SAM3: 'box' score=0.96 @ [563 209 775 619]  (top of 1)
21:19:00.589 [INFO ] SAM3: mask obtained (score=0.964, area=84148 px)
21:19:00.617 [DEBUG] Grasp point: robust centroid (669, 414)
21:19:00.618 [INFO ] MaskTracker: anchor locked (IoU streak=280, last IoU=0.999)
21:19:00.625 [INFO ] frame=280 state=NEAR      c=(670,413) depth=476.9mm  robot xyz=(nan, nan, nan)mm  tilt=-
21:19:00.885 [INFO ] SAM3: 1 detection(s) for 'box'
21:19:00.885 [INFO ] SAM3: 'box' score=0.96 @ [563 209 775 619]  (top of 1)
21:19:00.886 [INFO ] SAM3: mask obtained (score=0.964, area=84140 px)
21:19:00.913 [DEBUG] Grasp point: robust centroid (669, 414)
21:19:00.914 [INFO ] MaskTracker: anchor locked (IoU streak=281, last IoU=0.999)
21:19:00.920 [INFO ] frame=281 state=NEAR      c=(670,413) depth=477.1mm  robot xyz=(nan, nan, nan)mm  tilt=-
21:19:01.181 [INFO ] SAM3: 1 detection(s) for 'box'
21:19:01.181 [INFO ] SAM3: 'box' score=0.96 @ [563 209 775 619]  (top of 1)
21:19:01.182 [INFO ] SAM3: mask obtained (score=0.964, area=84158 px)
21:19:01.210 [DEBUG] Grasp point: robust centroid (669, 414)
21:19:01.211 [INFO ] MaskTracker: anchor locked (IoU streak=282, last IoU=0.999)
21:19:01.218 [INFO ] frame=282 state=NEAR      c=(670,413) depth=477.0mm  robot xyz=(nan, nan, nan)mm  tilt=-
21:19:01.477 [INFO ] SAM3: 1 detection(s) for 'box'
21:19:01.477 [INFO ] SAM3: 'box' score=0.96 @ [563 209 775 619]  (top of 1)
21:19:01.478 [INFO ] SAM3: mask obtained (score=0.957, area=84117 px)
21:19:01.504 [DEBUG] Grasp point: robust centroid (669, 414)
21:19:01.505 [INFO ] MaskTracker: anchor locked (IoU streak=283, last IoU=0.999)
21:19:01.512 [INFO ] frame=283 state=NEAR      c=(670,413) depth=476.9mm  robot xyz=(nan, nan, nan)mm  tilt=-
21:19:01.772 [INFO ] SAM3: 1 detection(s) for 'box'
21:19:01.772 [INFO ] SAM3: 'box' score=0.96 @ [563 209 775 619]  (top of 1)
21:19:01.772 [INFO ] SAM3: mask obtained (score=0.963, area=84113 px)
21:19:01.800 [DEBUG] Grasp point: robust centroid (669, 414)
21:19:01.800 [INFO ] MaskTracker: anchor locked (IoU streak=284, last IoU=0.999)
21:19:01.806 [INFO ] frame=284 state=NEAR      c=(670,413) depth=477.0mm  robot xyz=(nan, nan, nan)mm  tilt=-
21:19:02.065 [INFO ] SAM3: 1 detection(s) for 'box'
21:19:02.065 [INFO ] SAM3: 'box' score=0.96 @ [563 209 775 619]  (top of 1)
21:19:02.065 [INFO ] SAM3: mask obtained (score=0.963, area=84102 px)
21:19:02.094 [DEBUG] Grasp point: robust centroid (669, 414)
21:19:02.094 [INFO ] MaskTracker: anchor locked (IoU streak=285, last IoU=0.999)
21:19:02.101 [INFO ] frame=285 state=NEAR      c=(670,413) depth=477.0mm  robot xyz=(nan, nan, nan)mm  tilt=-
21:19:02.358 [INFO ] SAM3: 1 detection(s) for 'box'
21:19:02.358 [INFO ] SAM3: 'box' score=0.96 @ [563 209 775 619]  (top of 1)
21:19:02.358 [INFO ] SAM3: mask obtained (score=0.964, area=84096 px)
21:19:02.385 [DEBUG] Grasp point: robust centroid (669, 414)
21:19:02.386 [INFO ] MaskTracker: anchor locked (IoU streak=286, last IoU=0.999)
21:19:02.392 [INFO ] frame=286 state=NEAR      c=(670,413) depth=477.0mm  robot xyz=(nan, nan, nan)mm  tilt=-
21:19:02.648 [INFO ] SAM3: 1 detection(s) for 'box'
21:19:02.648 [INFO ] SAM3: 'box' score=0.96 @ [563 209 775 619]  (top of 1)
21:19:02.649 [INFO ] SAM3: mask obtained (score=0.961, area=84140 px)
21:19:02.677 [DEBUG] Grasp point: robust centroid (669, 414)
21:19:02.678 [INFO ] MaskTracker: anchor locked (IoU streak=287, last IoU=0.999)
21:19:02.684 [INFO ] frame=287 state=NEAR      c=(670,413) depth=476.9mm  robot xyz=(nan, nan, nan)mm  tilt=-
21:19:02.945 [INFO ] SAM3: 1 detection(s) for 'box'
21:19:02.945 [INFO ] SAM3: 'box' score=0.96 @ [563 209 775 619]  (top of 1)
21:19:02.946 [INFO ] SAM3: mask obtained (score=0.964, area=84158 px)
21:19:02.972 [DEBUG] Grasp point: robust centroid (669, 414)
21:19:02.973 [INFO ] MaskTracker: anchor locked (IoU streak=288, last IoU=0.999)
21:19:02.980 [INFO ] frame=288 state=NEAR      c=(670,413) depth=476.9mm  robot xyz=(nan, nan, nan)mm  tilt=-
21:19:03.242 [INFO ] SAM3: 1 detection(s) for 'box'
21:19:03.243 [INFO ] SAM3: 'box' score=0.96 @ [563 209 775 619]  (top of 1)
21:19:03.243 [INFO ] SAM3: mask obtained (score=0.963, area=84134 px)
21:19:03.270 [DEBUG] Grasp point: robust centroid (669, 414)
21:19:03.271 [INFO ] MaskTracker: anchor locked (IoU streak=289, last IoU=0.999)
21:19:03.279 [INFO ] frame=289 state=NEAR      c=(670,413) depth=476.9mm  robot xyz=(nan, nan, nan)mm  tilt=-
21:19:03.543 [INFO ] SAM3: 1 detection(s) for 'box'
21:19:03.543 [INFO ] SAM3: 'box' score=0.96 @ [563 209 776 619]  (top of 1)
21:19:03.543 [INFO ] SAM3: mask obtained (score=0.964, area=84149 px)
21:19:03.570 [DEBUG] Grasp point: robust centroid (669, 414)
21:19:03.571 [INFO ] MaskTracker: anchor locked (IoU streak=290, last IoU=0.999)
21:19:03.578 [INFO ] frame=290 state=NEAR      c=(670,413) depth=477.1mm  robot xyz=(nan, nan, nan)mm  tilt=-
21:19:03.835 [INFO ] SAM3: 1 detection(s) for 'box'
21:19:03.835 [INFO ] SAM3: 'box' score=0.96 @ [563 209 775 619]  (top of 1)
21:19:03.835 [INFO ] SAM3: mask obtained (score=0.960, area=84093 px)
21:19:03.864 [DEBUG] Grasp point: robust centroid (669, 414)
21:19:03.865 [INFO ] MaskTracker: anchor locked (IoU streak=291, last IoU=0.999)
21:19:03.871 [INFO ] frame=291 state=NEAR      c=(670,413) depth=477.0mm  robot xyz=(nan, nan, nan)mm  tilt=-
21:19:04.129 [INFO ] SAM3: 1 detection(s) for 'box'
21:19:04.129 [INFO ] SAM3: 'box' score=0.96 @ [563 209 775 619]  (top of 1)
21:19:04.129 [INFO ] SAM3: mask obtained (score=0.961, area=84151 px)
21:19:04.156 [DEBUG] Grasp point: robust centroid (669, 414)
21:19:04.157 [INFO ] MaskTracker: anchor locked (IoU streak=292, last IoU=0.999)
21:19:04.164 [INFO ] frame=292 state=NEAR      c=(670,413) depth=477.2mm  robot xyz=(nan, nan, nan)mm  tilt=-
21:19:04.426 [INFO ] SAM3: 1 detection(s) for 'box'
21:19:04.426 [INFO ] SAM3: 'box' score=0.96 @ [563 209 775 619]  (top of 1)
21:19:04.426 [INFO ] SAM3: mask obtained (score=0.963, area=84119 px)
21:19:04.453 [DEBUG] Grasp point: robust centroid (669, 414)
21:19:04.454 [INFO ] MaskTracker: anchor locked (IoU streak=293, last IoU=0.999)
21:19:04.461 [INFO ] frame=293 state=NEAR      c=(670,413) depth=477.1mm  robot xyz=(nan, nan, nan)mm  tilt=-
21:19:04.721 [INFO ] SAM3: 1 detection(s) for 'box'
21:19:04.721 [INFO ] SAM3: 'box' score=0.96 @ [563 209 775 619]  (top of 1)
21:19:04.722 [INFO ] SAM3: mask obtained (score=0.961, area=84090 px)
21:19:04.749 [DEBUG] Grasp point: robust centroid (669, 414)
21:19:04.750 [INFO ] MaskTracker: anchor locked (IoU streak=294, last IoU=0.999)
21:19:04.756 [INFO ] frame=294 state=NEAR      c=(670,413) depth=477.1mm  robot xyz=(nan, nan, nan)mm  tilt=-
21:19:05.016 [INFO ] SAM3: 1 detection(s) for 'box'
21:19:05.016 [INFO ] SAM3: 'box' score=0.96 @ [563 209 776 619]  (top of 1)
21:19:05.016 [INFO ] SAM3: mask obtained (score=0.960, area=84124 px)
21:19:05.043 [DEBUG] Grasp point: robust centroid (669, 414)
21:19:05.044 [INFO ] MaskTracker: anchor locked (IoU streak=295, last IoU=0.999)
21:19:05.050 [INFO ] frame=295 state=NEAR      c=(670,413) depth=477.0mm  robot xyz=(nan, nan, nan)mm  tilt=-
21:19:05.308 [INFO ] SAM3: 1 detection(s) for 'box'
21:19:05.309 [INFO ] SAM3: 'box' score=0.96 @ [563 209 775 619]  (top of 1)
21:19:05.309 [INFO ] SAM3: mask obtained (score=0.963, area=84123 px)
21:19:05.336 [DEBUG] Grasp point: robust centroid (670, 414)
21:19:05.336 [INFO ] MaskTracker: anchor locked (IoU streak=296, last IoU=0.999)
21:19:05.343 [INFO ] frame=296 state=NEAR      c=(670,413) depth=477.0mm  robot xyz=(nan, nan, nan)mm  tilt=-
21:19:05.601 [INFO ] SAM3: 1 detection(s) for 'box'
21:19:05.601 [INFO ] SAM3: 'box' score=0.96 @ [563 209 775 619]  (top of 1)
21:19:05.601 [INFO ] SAM3: mask obtained (score=0.962, area=84147 px)
21:19:05.629 [DEBUG] Grasp point: robust centroid (669, 414)
21:19:05.629 [INFO ] MaskTracker: anchor locked (IoU streak=297, last IoU=0.999)
21:19:05.635 [INFO ] frame=297 state=NEAR      c=(670,413) depth=476.9mm  robot xyz=(nan, nan, nan)mm  tilt=-
21:19:05.895 [INFO ] SAM3: 1 detection(s) for 'box'
21:19:05.895 [INFO ] SAM3: 'box' score=0.96 @ [563 209 775 619]  (top of 1)
21:19:05.895 [INFO ] SAM3: mask obtained (score=0.962, area=84126 px)
21:19:05.923 [DEBUG] Grasp point: robust centroid (669, 414)
21:19:05.924 [INFO ] MaskTracker: anchor locked (IoU streak=298, last IoU=0.999)
21:19:05.931 [INFO ] frame=298 state=NEAR      c=(670,413) depth=476.9mm  robot xyz=(nan, nan, nan)mm  tilt=-
21:19:06.189 [INFO ] SAM3: 1 detection(s) for 'box'
21:19:06.189 [INFO ] SAM3: 'box' score=0.96 @ [563 209 775 619]  (top of 1)
21:19:06.189 [INFO ] SAM3: mask obtained (score=0.964, area=84174 px)
21:19:06.216 [DEBUG] Grasp point: robust centroid (669, 414)
21:19:06.217 [INFO ] MaskTracker: anchor locked (IoU streak=299, last IoU=0.999)
21:19:06.223 [INFO ] frame=299 state=NEAR      c=(670,413) depth=476.9mm  robot xyz=(nan, nan, nan)mm  tilt=-
21:19:06.485 [INFO ] SAM3: 1 detection(s) for 'box'
21:19:06.485 [INFO ] SAM3: 'box' score=0.96 @ [563 209 775 619]  (top of 1)
21:19:06.486 [INFO ] SAM3: mask obtained (score=0.959, area=84139 px)
21:19:06.514 [DEBUG] Grasp point: robust centroid (669, 414)
21:19:06.514 [INFO ] MaskTracker: anchor locked (IoU streak=300, last IoU=0.999)
21:19:06.521 [INFO ] frame=300 state=NEAR      c=(670,413) depth=476.8mm  robot xyz=(nan, nan, nan)mm  tilt=-
21:19:06.787 [INFO ] SAM3: 1 detection(s) for 'box'
21:19:06.787 [INFO ] SAM3: 'box' score=0.96 @ [563 209 775 619]  (top of 1)
21:19:06.787 [INFO ] SAM3: mask obtained (score=0.962, area=84156 px)
21:19:06.815 [DEBUG] Grasp point: robust centroid (669, 414)
21:19:06.816 [INFO ] MaskTracker: anchor locked (IoU streak=301, last IoU=0.999)
21:19:06.822 [INFO ] frame=301 state=NEAR      c=(670,413) depth=476.8mm  robot xyz=(nan, nan, nan)mm  tilt=-
21:19:07.083 [INFO ] SAM3: 1 detection(s) for 'box'
21:19:07.084 [INFO ] SAM3: 'box' score=0.96 @ [563 209 775 619]  (top of 1)
21:19:07.084 [INFO ] SAM3: mask obtained (score=0.963, area=84141 px)
21:19:07.112 [DEBUG] Grasp point: robust centroid (669, 414)
21:19:07.112 [INFO ] MaskTracker: anchor locked (IoU streak=302, last IoU=0.999)
21:19:07.118 [INFO ] frame=302 state=NEAR      c=(670,413) depth=477.0mm  robot xyz=(nan, nan, nan)mm  tilt=-
21:19:07.382 [INFO ] SAM3: 1 detection(s) for 'box'
21:19:07.383 [INFO ] SAM3: 'box' score=0.96 @ [563 209 775 619]  (top of 1)
21:19:07.383 [INFO ] SAM3: mask obtained (score=0.959, area=84130 px)
21:19:07.410 [DEBUG] Grasp point: robust centroid (669, 414)
21:19:07.411 [INFO ] MaskTracker: anchor locked (IoU streak=303, last IoU=0.999)
21:19:07.417 [INFO ] frame=303 state=NEAR      c=(670,413) depth=476.9mm  robot xyz=(nan, nan, nan)mm  tilt=-
21:19:07.677 [INFO ] SAM3: 1 detection(s) for 'box'
21:19:07.677 [INFO ] SAM3: 'box' score=0.96 @ [563 209 775 619]  (top of 1)
21:19:07.677 [INFO ] SAM3: mask obtained (score=0.957, area=84157 px)
21:19:07.704 [DEBUG] Grasp point: robust centroid (669, 414)
21:19:07.704 [INFO ] MaskTracker: anchor locked (IoU streak=304, last IoU=0.999)
21:19:07.711 [INFO ] frame=304 state=NEAR      c=(670,413) depth=476.9mm  robot xyz=(nan, nan, nan)mm  tilt=-
21:19:07.971 [INFO ] SAM3: 1 detection(s) for 'box'
21:19:07.972 [INFO ] SAM3: 'box' score=0.96 @ [563 209 775 619]  (top of 1)
21:19:07.972 [INFO ] SAM3: mask obtained (score=0.961, area=84116 px)
21:19:07.999 [DEBUG] Grasp point: robust centroid (669, 414)
21:19:08.000 [INFO ] MaskTracker: anchor locked (IoU streak=305, last IoU=0.999)
21:19:08.006 [INFO ] frame=305 state=NEAR      c=(670,413) depth=477.0mm  robot xyz=(nan, nan, nan)mm  tilt=-
21:19:08.262 [INFO ] SAM3: 1 detection(s) for 'box'
21:19:08.262 [INFO ] SAM3: 'box' score=0.96 @ [563 209 775 619]  (top of 1)
21:19:08.262 [INFO ] SAM3: mask obtained (score=0.958, area=84172 px)
21:19:08.289 [DEBUG] Grasp point: robust centroid (669, 414)
21:19:08.290 [INFO ] MaskTracker: anchor locked (IoU streak=306, last IoU=0.999)
21:19:08.296 [INFO ] frame=306 state=NEAR      c=(670,413) depth=477.0mm  robot xyz=(nan, nan, nan)mm  tilt=-
21:19:08.561 [INFO ] SAM3: 1 detection(s) for 'box'
21:19:08.561 [INFO ] SAM3: 'box' score=0.96 @ [563 209 775 619]  (top of 1)
21:19:08.561 [INFO ] SAM3: mask obtained (score=0.962, area=84139 px)
21:19:08.589 [DEBUG] Grasp point: robust centroid (669, 414)
21:19:08.589 [INFO ] MaskTracker: anchor locked (IoU streak=307, last IoU=0.999)
21:19:08.596 [INFO ] frame=307 state=NEAR      c=(670,413) depth=476.8mm  robot xyz=(nan, nan, nan)mm  tilt=-
21:19:08.849 [INFO ] SAM3: 1 detection(s) for 'box'
21:19:08.849 [INFO ] SAM3: 'box' score=0.96 @ [563 209 775 619]  (top of 1)
21:19:08.849 [INFO ] SAM3: mask obtained (score=0.963, area=84108 px)
21:19:08.876 [DEBUG] Grasp point: robust centroid (669, 414)
21:19:08.876 [INFO ] MaskTracker: anchor locked (IoU streak=308, last IoU=0.999)
21:19:08.883 [INFO ] frame=308 state=NEAR      c=(670,413) depth=476.9mm  robot xyz=(nan, nan, nan)mm  tilt=-
21:19:09.146 [INFO ] SAM3: 1 detection(s) for 'box'
21:19:09.146 [INFO ] SAM3: 'box' score=0.96 @ [563 209 775 619]  (top of 1)
21:19:09.146 [INFO ] SAM3: mask obtained (score=0.961, area=84150 px)
21:19:09.173 [DEBUG] Grasp point: robust centroid (669, 414)
21:19:09.173 [INFO ] MaskTracker: anchor locked (IoU streak=309, last IoU=0.999)
21:19:09.180 [INFO ] frame=309 state=NEAR      c=(670,413) depth=476.8mm  robot xyz=(nan, nan, nan)mm  tilt=-
21:19:09.444 [INFO ] SAM3: 1 detection(s) for 'box'
21:19:09.445 [INFO ] SAM3: 'box' score=0.96 @ [563 209 775 619]  (top of 1)
21:19:09.445 [INFO ] SAM3: mask obtained (score=0.964, area=84107 px)
21:19:09.471 [DEBUG] Grasp point: robust centroid (669, 414)
21:19:09.472 [INFO ] MaskTracker: anchor locked (IoU streak=310, last IoU=0.999)
21:19:09.478 [INFO ] frame=310 state=NEAR      c=(670,413) depth=476.8mm  robot xyz=(nan, nan, nan)mm  tilt=-
21:19:09.737 [INFO ] SAM3: 1 detection(s) for 'box'
21:19:09.737 [INFO ] SAM3: 'box' score=0.96 @ [563 209 775 619]  (top of 1)
21:19:09.737 [INFO ] SAM3: mask obtained (score=0.962, area=84141 px)
21:19:09.764 [DEBUG] Grasp point: robust centroid (669, 414)
21:19:09.765 [INFO ] MaskTracker: anchor locked (IoU streak=311, last IoU=0.998)
21:19:09.771 [INFO ] frame=311 state=NEAR      c=(670,413) depth=476.8mm  robot xyz=(nan, nan, nan)mm  tilt=-
21:19:10.032 [INFO ] SAM3: 1 detection(s) for 'box'
21:19:10.032 [INFO ] SAM3: 'box' score=0.96 @ [563 209 775 619]  (top of 1)
21:19:10.032 [INFO ] SAM3: mask obtained (score=0.964, area=84173 px)
21:19:10.059 [DEBUG] Grasp point: robust centroid (669, 414)
21:19:10.059 [INFO ] MaskTracker: anchor locked (IoU streak=312, last IoU=0.999)
21:19:10.066 [INFO ] frame=312 state=NEAR      c=(670,413) depth=476.8mm  robot xyz=(nan, nan, nan)mm  tilt=-
21:19:10.325 [INFO ] SAM3: 1 detection(s) for 'box'
21:19:10.325 [INFO ] SAM3: 'box' score=0.96 @ [563 209 775 619]  (top of 1)
21:19:10.325 [INFO ] SAM3: mask obtained (score=0.964, area=84150 px)
21:19:10.354 [DEBUG] Grasp point: robust centroid (669, 414)
21:19:10.355 [INFO ] MaskTracker: anchor locked (IoU streak=313, last IoU=0.999)
21:19:10.362 [INFO ] frame=313 state=NEAR      c=(670,413) depth=476.8mm  robot xyz=(nan, nan, nan)mm  tilt=-
21:19:10.620 [INFO ] SAM3: 1 detection(s) for 'box'
21:19:10.620 [INFO ] SAM3: 'box' score=0.97 @ [563 209 775 619]  (top of 1)
21:19:10.620 [INFO ] SAM3: mask obtained (score=0.965, area=84115 px)
21:19:10.648 [DEBUG] Grasp point: robust centroid (669, 414)
21:19:10.648 [INFO ] MaskTracker: anchor locked (IoU streak=314, last IoU=0.999)
21:19:10.655 [INFO ] frame=314 state=NEAR      c=(670,413) depth=476.9mm  robot xyz=(nan, nan, nan)mm  tilt=-
21:19:10.913 [INFO ] SAM3: 1 detection(s) for 'box'
21:19:10.913 [INFO ] SAM3: 'box' score=0.96 @ [563 209 775 619]  (top of 1)
21:19:10.913 [INFO ] SAM3: mask obtained (score=0.963, area=84143 px)
21:19:10.942 [DEBUG] Grasp point: robust centroid (669, 414)
21:19:10.943 [INFO ] MaskTracker: anchor locked (IoU streak=315, last IoU=0.999)
21:19:10.950 [INFO ] frame=315 state=NEAR      c=(670,413) depth=476.9mm  robot xyz=(nan, nan, nan)mm  tilt=-
21:19:11.209 [INFO ] SAM3: 1 detection(s) for 'box'
21:19:11.210 [INFO ] SAM3: 'box' score=0.96 @ [563 209 775 619]  (top of 1)
21:19:11.210 [INFO ] SAM3: mask obtained (score=0.963, area=84142 px)
21:19:11.237 [DEBUG] Grasp point: robust centroid (669, 414)
21:19:11.237 [INFO ] MaskTracker: anchor locked (IoU streak=316, last IoU=0.999)
21:19:11.244 [INFO ] frame=316 state=NEAR      c=(670,413) depth=477.1mm  robot xyz=(nan, nan, nan)mm  tilt=-
21:19:11.507 [INFO ] SAM3: 1 detection(s) for 'box'
21:19:11.507 [INFO ] SAM3: 'box' score=0.96 @ [563 209 776 619]  (top of 1)
21:19:11.508 [INFO ] SAM3: mask obtained (score=0.961, area=84123 px)
21:19:11.537 [DEBUG] Grasp point: robust centroid (669, 414)
21:19:11.537 [INFO ] MaskTracker: anchor locked (IoU streak=317, last IoU=0.999)
21:19:11.544 [INFO ] frame=317 state=NEAR      c=(670,413) depth=477.0mm  robot xyz=(nan, nan, nan)mm  tilt=-
21:19:11.805 [INFO ] SAM3: 1 detection(s) for 'box'
21:19:11.805 [INFO ] SAM3: 'box' score=0.96 @ [563 209 775 619]  (top of 1)
21:19:11.806 [INFO ] SAM3: mask obtained (score=0.963, area=84142 px)
21:19:11.833 [DEBUG] Grasp point: robust centroid (669, 414)
21:19:11.834 [INFO ] MaskTracker: anchor locked (IoU streak=318, last IoU=0.999)
21:19:11.840 [INFO ] frame=318 state=NEAR      c=(670,413) depth=477.0mm  robot xyz=(nan, nan, nan)mm  tilt=-
21:19:12.101 [INFO ] SAM3: 1 detection(s) for 'box'
21:19:12.102 [INFO ] SAM3: 'box' score=0.96 @ [563 209 775 619]  (top of 1)
21:19:12.102 [INFO ] SAM3: mask obtained (score=0.961, area=84134 px)
21:19:12.131 [DEBUG] Grasp point: robust centroid (669, 414)
21:19:12.131 [INFO ] MaskTracker: anchor locked (IoU streak=319, last IoU=0.999)
21:19:12.138 [INFO ] frame=319 state=NEAR      c=(670,413) depth=476.9mm  robot xyz=(nan, nan, nan)mm  tilt=-
21:19:12.399 [INFO ] SAM3: 1 detection(s) for 'box'
21:19:12.399 [INFO ] SAM3: 'box' score=0.96 @ [563 209 775 619]  (top of 1)
21:19:12.399 [INFO ] SAM3: mask obtained (score=0.961, area=84119 px)
21:19:12.426 [DEBUG] Grasp point: robust centroid (669, 414)
21:19:12.426 [INFO ] MaskTracker: anchor locked (IoU streak=320, last IoU=0.999)
21:19:12.433 [INFO ] frame=320 state=NEAR      c=(670,413) depth=476.9mm  robot xyz=(nan, nan, nan)mm  tilt=-
21:19:12.692 [INFO ] SAM3: 1 detection(s) for 'box'
21:19:12.692 [INFO ] SAM3: 'box' score=0.96 @ [563 209 775 619]  (top of 1)
21:19:12.692 [INFO ] SAM3: mask obtained (score=0.964, area=84120 px)
21:19:12.720 [DEBUG] Grasp point: robust centroid (669, 414)
21:19:12.720 [INFO ] MaskTracker: anchor locked (IoU streak=321, last IoU=0.999)
21:19:12.727 [INFO ] frame=321 state=NEAR      c=(670,413) depth=476.9mm  robot xyz=(nan, nan, nan)mm  tilt=-
21:19:12.990 [INFO ] SAM3: 1 detection(s) for 'box'
21:19:12.990 [INFO ] SAM3: 'box' score=0.97 @ [563 209 775 619]  (top of 1)
21:19:12.990 [INFO ] SAM3: mask obtained (score=0.967, area=84078 px)
21:19:13.017 [DEBUG] Grasp point: robust centroid (669, 414)
21:19:13.018 [INFO ] MaskTracker: anchor locked (IoU streak=322, last IoU=0.999)
21:19:13.024 [INFO ] frame=322 state=NEAR      c=(670,413) depth=477.0mm  robot xyz=(nan, nan, nan)mm  tilt=-
21:19:13.281 [INFO ] SAM3: 1 detection(s) for 'box'
21:19:13.281 [INFO ] SAM3: 'box' score=0.96 @ [563 209 775 619]  (top of 1)
21:19:13.281 [INFO ] SAM3: mask obtained (score=0.960, area=84174 px)
21:19:13.308 [DEBUG] Grasp point: robust centroid (669, 414)
21:19:13.308 [INFO ] MaskTracker: anchor locked (IoU streak=323, last IoU=0.999)
21:19:13.315 [INFO ] frame=323 state=NEAR      c=(670,413) depth=476.9mm  robot xyz=(nan, nan, nan)mm  tilt=-
21:19:13.577 [INFO ] SAM3: 1 detection(s) for 'box'
21:19:13.577 [INFO ] SAM3: 'box' score=0.97 @ [563 209 775 619]  (top of 1)
21:19:13.578 [INFO ] SAM3: mask obtained (score=0.965, area=84169 px)
21:19:13.605 [DEBUG] Grasp point: robust centroid (669, 414)
21:19:13.605 [INFO ] MaskTracker: anchor locked (IoU streak=324, last IoU=0.999)
21:19:13.612 [INFO ] frame=324 state=NEAR      c=(670,413) depth=476.9mm  robot xyz=(nan, nan, nan)mm  tilt=-
21:19:13.869 [INFO ] SAM3: 1 detection(s) for 'box'
21:19:13.869 [INFO ] SAM3: 'box' score=0.97 @ [563 209 775 619]  (top of 1)
21:19:13.869 [INFO ] SAM3: mask obtained (score=0.966, area=84162 px)
21:19:13.897 [DEBUG] Grasp point: robust centroid (669, 414)
21:19:13.898 [INFO ] MaskTracker: anchor locked (IoU streak=325, last IoU=0.999)
21:19:13.904 [INFO ] frame=325 state=NEAR      c=(670,413) depth=477.0mm  robot xyz=(nan, nan, nan)mm  tilt=-
21:19:14.162 [INFO ] SAM3: 1 detection(s) for 'box'
21:19:14.162 [INFO ] SAM3: 'box' score=0.96 @ [563 209 775 619]  (top of 1)
21:19:14.162 [INFO ] SAM3: mask obtained (score=0.964, area=84161 px)
21:19:14.190 [DEBUG] Grasp point: robust centroid (669, 414)
21:19:14.191 [INFO ] MaskTracker: anchor locked (IoU streak=326, last IoU=0.999)
21:19:14.198 [INFO ] frame=326 state=NEAR      c=(670,413) depth=476.9mm  robot xyz=(nan, nan, nan)mm  tilt=-
21:19:14.455 [INFO ] SAM3: 1 detection(s) for 'box'
21:19:14.455 [INFO ] SAM3: 'box' score=0.96 @ [563 209 776 619]  (top of 1)
21:19:14.455 [INFO ] SAM3: mask obtained (score=0.960, area=84168 px)
21:19:14.483 [DEBUG] Grasp point: robust centroid (669, 414)
21:19:14.484 [INFO ] MaskTracker: anchor locked (IoU streak=327, last IoU=0.999)
21:19:14.490 [INFO ] frame=327 state=NEAR      c=(670,413) depth=477.0mm  robot xyz=(nan, nan, nan)mm  tilt=-
21:19:14.749 [INFO ] SAM3: 1 detection(s) for 'box'
21:19:14.749 [INFO ] SAM3: 'box' score=0.96 @ [563 209 775 619]  (top of 1)
21:19:14.750 [INFO ] SAM3: mask obtained (score=0.961, area=84142 px)
21:19:14.778 [DEBUG] Grasp point: robust centroid (669, 414)
21:19:14.778 [INFO ] MaskTracker: anchor locked (IoU streak=328, last IoU=0.999)
21:19:14.784 [INFO ] frame=328 state=NEAR      c=(670,413) depth=476.9mm  robot xyz=(nan, nan, nan)mm  tilt=-
21:19:15.039 [INFO ] SAM3: 1 detection(s) for 'box'
21:19:15.040 [INFO ] SAM3: 'box' score=0.97 @ [563 209 775 619]  (top of 1)
21:19:15.040 [INFO ] SAM3: mask obtained (score=0.965, area=84154 px)
21:19:15.066 [DEBUG] Grasp point: robust centroid (669, 414)
21:19:15.067 [INFO ] MaskTracker: anchor locked (IoU streak=329, last IoU=0.999)
21:19:15.074 [INFO ] frame=329 state=NEAR      c=(670,413) depth=477.0mm  robot xyz=(nan, nan, nan)mm  tilt=-
21:19:15.336 [INFO ] SAM3: 1 detection(s) for 'box'
21:19:15.337 [INFO ] SAM3: 'box' score=0.96 @ [563 209 775 619]  (top of 1)
21:19:15.337 [INFO ] SAM3: mask obtained (score=0.959, area=84136 px)
21:19:15.366 [DEBUG] Grasp point: robust centroid (669, 414)
21:19:15.367 [INFO ] MaskTracker: anchor locked (IoU streak=330, last IoU=0.999)
21:19:15.373 [INFO ] frame=330 state=NEAR      c=(670,413) depth=476.8mm  robot xyz=(nan, nan, nan)mm  tilt=-
21:19:15.624 [INFO ] SAM3: 1 detection(s) for 'box'
21:19:15.624 [INFO ] SAM3: 'box' score=0.96 @ [563 209 775 619]  (top of 1)
21:19:15.625 [INFO ] SAM3: mask obtained (score=0.963, area=84138 px)
21:19:15.651 [DEBUG] Grasp point: robust centroid (669, 414)
21:19:15.651 [INFO ] MaskTracker: anchor locked (IoU streak=331, last IoU=0.999)
21:19:15.658 [INFO ] frame=331 state=NEAR      c=(670,413) depth=476.8mm  robot xyz=(nan, nan, nan)mm  tilt=-
21:19:15.921 [INFO ] SAM3: 1 detection(s) for 'box'
21:19:15.921 [INFO ] SAM3: 'box' score=0.97 @ [563 209 775 619]  (top of 1)
21:19:15.921 [INFO ] SAM3: mask obtained (score=0.966, area=84158 px)
21:19:15.950 [DEBUG] Grasp point: robust centroid (669, 414)
21:19:15.950 [INFO ] MaskTracker: anchor locked (IoU streak=332, last IoU=0.999)
21:19:15.957 [INFO ] frame=332 state=NEAR      c=(670,413) depth=476.7mm  robot xyz=(nan, nan, nan)mm  tilt=-
21:19:16.217 [INFO ] SAM3: 1 detection(s) for 'box'
21:19:16.217 [INFO ] SAM3: 'box' score=0.97 @ [563 209 775 619]  (top of 1)
21:19:16.217 [INFO ] SAM3: mask obtained (score=0.967, area=84138 px)
21:19:16.244 [DEBUG] Grasp point: robust centroid (669, 414)
21:19:16.244 [INFO ] MaskTracker: anchor locked (IoU streak=333, last IoU=0.999)
21:19:16.251 [INFO ] frame=333 state=NEAR      c=(670,413) depth=476.7mm  robot xyz=(nan, nan, nan)mm  tilt=-
21:19:16.510 [INFO ] SAM3: 1 detection(s) for 'box'
21:19:16.511 [INFO ] SAM3: 'box' score=0.97 @ [563 209 775 619]  (top of 1)
21:19:16.511 [INFO ] SAM3: mask obtained (score=0.965, area=84136 px)
21:19:16.537 [DEBUG] Grasp point: robust centroid (669, 414)
21:19:16.538 [INFO ] MaskTracker: anchor locked (IoU streak=334, last IoU=0.999)
21:19:16.544 [INFO ] frame=334 state=NEAR      c=(670,413) depth=476.7mm  robot xyz=(nan, nan, nan)mm  tilt=-
21:19:16.806 [INFO ] SAM3: 1 detection(s) for 'box'
21:19:16.806 [INFO ] SAM3: 'box' score=0.96 @ [563 209 775 619]  (top of 1)
21:19:16.807 [INFO ] SAM3: mask obtained (score=0.959, area=84161 px)
21:19:16.833 [DEBUG] Grasp point: robust centroid (669, 414)
21:19:16.833 [INFO ] MaskTracker: anchor locked (IoU streak=335, last IoU=0.999)
21:19:16.840 [INFO ] frame=335 state=NEAR      c=(670,413) depth=476.9mm  robot xyz=(nan, nan, nan)mm  tilt=-
21:19:17.100 [INFO ] SAM3: 1 detection(s) for 'box'
21:19:17.100 [INFO ] SAM3: 'box' score=0.96 @ [563 209 775 619]  (top of 1)
21:19:17.100 [INFO ] SAM3: mask obtained (score=0.962, area=84143 px)
21:19:17.126 [DEBUG] Grasp point: robust centroid (669, 414)
21:19:17.127 [INFO ] MaskTracker: anchor locked (IoU streak=336, last IoU=0.999)
21:19:17.134 [INFO ] frame=336 state=NEAR      c=(670,413) depth=476.8mm  robot xyz=(nan, nan, nan)mm  tilt=-
21:19:17.392 [INFO ] SAM3: 1 detection(s) for 'box'
21:19:17.392 [INFO ] SAM3: 'box' score=0.96 @ [563 209 775 619]  (top of 1)
21:19:17.392 [INFO ] SAM3: mask obtained (score=0.962, area=84179 px)
21:19:17.419 [DEBUG] Grasp point: robust centroid (669, 414)
21:19:17.419 [INFO ] MaskTracker: anchor locked (IoU streak=337, last IoU=0.999)
21:19:17.426 [INFO ] frame=337 state=NEAR      c=(670,413) depth=476.8mm  robot xyz=(nan, nan, nan)mm  tilt=-
21:19:17.688 [INFO ] SAM3: 1 detection(s) for 'box'
21:19:17.688 [INFO ] SAM3: 'box' score=0.96 @ [563 209 775 619]  (top of 1)
21:19:17.688 [INFO ] SAM3: mask obtained (score=0.964, area=84123 px)
21:19:17.715 [DEBUG] Grasp point: robust centroid (669, 414)
21:19:17.716 [INFO ] MaskTracker: anchor locked (IoU streak=338, last IoU=0.999)
21:19:17.722 [INFO ] frame=338 state=NEAR      c=(670,413) depth=476.8mm  robot xyz=(nan, nan, nan)mm  tilt=-
21:19:17.981 [INFO ] SAM3: 1 detection(s) for 'box'
21:19:17.981 [INFO ] SAM3: 'box' score=0.96 @ [563 209 775 619]  (top of 1)
21:19:17.981 [INFO ] SAM3: mask obtained (score=0.959, area=84178 px)
21:19:18.009 [DEBUG] Grasp point: robust centroid (669, 414)
21:19:18.009 [INFO ] MaskTracker: anchor locked (IoU streak=339, last IoU=0.999)
21:19:18.016 [INFO ] frame=339 state=NEAR      c=(670,413) depth=476.8mm  robot xyz=(nan, nan, nan)mm  tilt=-
21:19:18.276 [INFO ] SAM3: 1 detection(s) for 'box'
21:19:18.276 [INFO ] SAM3: 'box' score=0.97 @ [563 209 775 619]  (top of 1)
21:19:18.276 [INFO ] SAM3: mask obtained (score=0.965, area=84129 px)
21:19:18.303 [DEBUG] Grasp point: robust centroid (669, 414)
21:19:18.304 [INFO ] MaskTracker: anchor locked (IoU streak=340, last IoU=0.999)
21:19:18.310 [INFO ] frame=340 state=NEAR      c=(670,413) depth=476.8mm  robot xyz=(nan, nan, nan)mm  tilt=-
21:19:18.567 [INFO ] SAM3: 1 detection(s) for 'box'
21:19:18.567 [INFO ] SAM3: 'box' score=0.96 @ [563 209 775 619]  (top of 1)
21:19:18.567 [INFO ] SAM3: mask obtained (score=0.963, area=84138 px)
21:19:18.597 [DEBUG] Grasp point: robust centroid (669, 414)
21:19:18.597 [INFO ] MaskTracker: anchor locked (IoU streak=341, last IoU=0.999)
21:19:18.604 [INFO ] frame=341 state=NEAR      c=(670,413) depth=476.9mm  robot xyz=(nan, nan, nan)mm  tilt=-
21:19:18.869 [INFO ] SAM3: 1 detection(s) for 'box'
21:19:18.870 [INFO ] SAM3: 'box' score=0.96 @ [563 209 775 619]  (top of 1)
21:19:18.870 [INFO ] SAM3: mask obtained (score=0.964, area=84151 px)
21:19:18.898 [DEBUG] Grasp point: robust centroid (669, 414)
21:19:18.899 [INFO ] MaskTracker: anchor locked (IoU streak=342, last IoU=0.999)
21:19:18.905 [INFO ] frame=342 state=NEAR      c=(670,413) depth=476.7mm  robot xyz=(nan, nan, nan)mm  tilt=-
21:19:19.164 [INFO ] SAM3: 1 detection(s) for 'box'
21:19:19.164 [INFO ] SAM3: 'box' score=0.97 @ [563 209 775 619]  (top of 1)
21:19:19.165 [INFO ] SAM3: mask obtained (score=0.965, area=84149 px)
21:19:19.192 [DEBUG] Grasp point: robust centroid (669, 414)
21:19:19.193 [INFO ] MaskTracker: anchor locked (IoU streak=343, last IoU=0.999)
21:19:19.199 [INFO ] frame=343 state=NEAR      c=(670,413) depth=476.7mm  robot xyz=(nan, nan, nan)mm  tilt=-
21:19:19.457 [INFO ] SAM3: 1 detection(s) for 'box'
21:19:19.457 [INFO ] SAM3: 'box' score=0.97 @ [563 209 775 619]  (top of 1)
21:19:19.457 [INFO ] SAM3: mask obtained (score=0.965, area=84154 px)
21:19:19.485 [DEBUG] Grasp point: robust centroid (669, 414)
21:19:19.485 [INFO ] MaskTracker: anchor locked (IoU streak=344, last IoU=0.999)
21:19:19.491 [INFO ] frame=344 state=NEAR      c=(670,413) depth=476.7mm  robot xyz=(nan, nan, nan)mm  tilt=-
21:19:19.752 [INFO ] SAM3: 1 detection(s) for 'box'
21:19:19.752 [INFO ] SAM3: 'box' score=0.96 @ [563 209 775 619]  (top of 1)
21:19:19.752 [INFO ] SAM3: mask obtained (score=0.964, area=84117 px)
21:19:19.779 [DEBUG] Grasp point: robust centroid (669, 414)
21:19:19.780 [INFO ] MaskTracker: anchor locked (IoU streak=345, last IoU=0.999)
21:19:19.786 [INFO ] frame=345 state=NEAR      c=(670,413) depth=476.9mm  robot xyz=(nan, nan, nan)mm  tilt=-
21:19:20.048 [INFO ] SAM3: 1 detection(s) for 'box'
21:19:20.048 [INFO ] SAM3: 'box' score=0.96 @ [563 209 775 619]  (top of 1)
21:19:20.048 [INFO ] SAM3: mask obtained (score=0.963, area=84135 px)
21:19:20.075 [DEBUG] Grasp point: robust centroid (669, 414)
21:19:20.075 [INFO ] MaskTracker: anchor locked (IoU streak=346, last IoU=0.999)
21:19:20.082 [INFO ] frame=346 state=NEAR      c=(670,413) depth=476.9mm  robot xyz=(nan, nan, nan)mm  tilt=-
21:19:20.343 [INFO ] SAM3: 1 detection(s) for 'box'
21:19:20.343 [INFO ] SAM3: 'box' score=0.96 @ [563 209 775 619]  (top of 1)
21:19:20.343 [INFO ] SAM3: mask obtained (score=0.964, area=84144 px)
21:19:20.370 [DEBUG] Grasp point: robust centroid (669, 414)
21:19:20.371 [INFO ] MaskTracker: anchor locked (IoU streak=347, last IoU=0.999)
21:19:20.377 [INFO ] frame=347 state=NEAR      c=(670,413) depth=476.9mm  robot xyz=(nan, nan, nan)mm  tilt=-
21:19:20.635 [INFO ] SAM3: 1 detection(s) for 'box'
21:19:20.635 [INFO ] SAM3: 'box' score=0.96 @ [563 209 775 619]  (top of 1)
21:19:20.635 [INFO ] SAM3: mask obtained (score=0.963, area=84125 px)
21:19:20.662 [DEBUG] Grasp point: robust centroid (669, 414)
21:19:20.663 [INFO ] MaskTracker: anchor locked (IoU streak=348, last IoU=0.999)
21:19:20.670 [INFO ] frame=348 state=NEAR      c=(670,413) depth=477.1mm  robot xyz=(nan, nan, nan)mm  tilt=-
21:19:20.937 [INFO ] SAM3: 1 detection(s) for 'box'
21:19:20.937 [INFO ] SAM3: 'box' score=0.96 @ [563 209 775 619]  (top of 1)
21:19:20.937 [INFO ] SAM3: mask obtained (score=0.965, area=84119 px)
21:19:20.965 [DEBUG] Grasp point: robust centroid (669, 414)
21:19:20.966 [INFO ] MaskTracker: anchor locked (IoU streak=349, last IoU=0.999)
21:19:20.973 [INFO ] frame=349 state=NEAR      c=(670,413) depth=477.0mm  robot xyz=(nan, nan, nan)mm  tilt=-
21:19:21.235 [INFO ] SAM3: 1 detection(s) for 'box'
21:19:21.235 [INFO ] SAM3: 'box' score=0.96 @ [563 209 775 619]  (top of 1)
21:19:21.235 [INFO ] SAM3: mask obtained (score=0.960, area=84141 px)
21:19:21.262 [DEBUG] Grasp point: robust centroid (669, 414)
21:19:21.263 [INFO ] MaskTracker: anchor locked (IoU streak=350, last IoU=0.999)
21:19:21.269 [INFO ] frame=350 state=NEAR      c=(670,413) depth=477.0mm  robot xyz=(nan, nan, nan)mm  tilt=-
21:19:21.526 [INFO ] SAM3: 1 detection(s) for 'box'
21:19:21.526 [INFO ] SAM3: 'box' score=0.96 @ [563 209 775 619]  (top of 1)
21:19:21.527 [INFO ] SAM3: mask obtained (score=0.962, area=84139 px)
21:19:21.553 [DEBUG] Grasp point: robust centroid (669, 414)
21:19:21.554 [INFO ] MaskTracker: anchor locked (IoU streak=351, last IoU=0.999)
21:19:21.561 [INFO ] frame=351 state=NEAR      c=(670,413) depth=477.0mm  robot xyz=(nan, nan, nan)mm  tilt=-
21:19:21.822 [INFO ] SAM3: 1 detection(s) for 'box'
21:19:21.822 [INFO ] SAM3: 'box' score=0.96 @ [563 209 775 619]  (top of 1)
21:19:21.822 [INFO ] SAM3: mask obtained (score=0.961, area=84121 px)
21:19:21.850 [DEBUG] Grasp point: robust centroid (669, 414)
21:19:21.850 [INFO ] MaskTracker: anchor locked (IoU streak=352, last IoU=0.999)
21:19:21.857 [INFO ] frame=352 state=NEAR      c=(670,413) depth=476.9mm  robot xyz=(nan, nan, nan)mm  tilt=-
21:19:22.116 [INFO ] SAM3: 1 detection(s) for 'box'
21:19:22.116 [INFO ] SAM3: 'box' score=0.96 @ [563 209 775 619]  (top of 1)
21:19:22.117 [INFO ] SAM3: mask obtained (score=0.965, area=84116 px)
21:19:22.143 [DEBUG] Grasp point: robust centroid (669, 414)
21:19:22.144 [INFO ] MaskTracker: anchor locked (IoU streak=353, last IoU=0.999)
21:19:22.150 [INFO ] frame=353 state=NEAR      c=(670,413) depth=476.9mm  robot xyz=(nan, nan, nan)mm  tilt=-
21:19:22.408 [INFO ] SAM3: 1 detection(s) for 'box'
21:19:22.408 [INFO ] SAM3: 'box' score=0.96 @ [563 209 775 619]  (top of 1)
21:19:22.409 [INFO ] SAM3: mask obtained (score=0.963, area=84159 px)
21:19:22.434 [DEBUG] Grasp point: robust centroid (669, 414)
21:19:22.435 [INFO ] MaskTracker: anchor locked (IoU streak=354, last IoU=0.999)
21:19:22.441 [INFO ] frame=354 state=NEAR      c=(670,413) depth=476.9mm  robot xyz=(nan, nan, nan)mm  tilt=-
21:19:22.698 [INFO ] SAM3: 1 detection(s) for 'box'
21:19:22.698 [INFO ] SAM3: 'box' score=0.96 @ [563 209 775 619]  (top of 1)
21:19:22.698 [INFO ] SAM3: mask obtained (score=0.964, area=84104 px)
21:19:22.725 [DEBUG] Grasp point: robust centroid (669, 414)
21:19:22.725 [INFO ] MaskTracker: anchor locked (IoU streak=355, last IoU=0.999)
21:19:22.732 [INFO ] frame=355 state=NEAR      c=(670,413) depth=477.0mm  robot xyz=(nan, nan, nan)mm  tilt=-
21:19:22.991 [INFO ] SAM3: 1 detection(s) for 'box'
21:19:22.991 [INFO ] SAM3: 'box' score=0.96 @ [563 209 775 619]  (top of 1)
21:19:22.992 [INFO ] SAM3: mask obtained (score=0.961, area=84130 px)
21:19:23.020 [DEBUG] Grasp point: robust centroid (669, 414)
21:19:23.020 [INFO ] MaskTracker: anchor locked (IoU streak=356, last IoU=0.999)
21:19:23.027 [INFO ] frame=356 state=NEAR      c=(670,413) depth=476.9mm  robot xyz=(nan, nan, nan)mm  tilt=-
21:19:23.285 [INFO ] SAM3: 1 detection(s) for 'box'
21:19:23.285 [INFO ] SAM3: 'box' score=0.96 @ [563 209 775 619]  (top of 1)
21:19:23.285 [INFO ] SAM3: mask obtained (score=0.963, area=84128 px)
21:19:23.314 [DEBUG] Grasp point: robust centroid (669, 414)
21:19:23.314 [INFO ] MaskTracker: anchor locked (IoU streak=357, last IoU=0.999)
21:19:23.321 [INFO ] frame=357 state=NEAR      c=(670,413) depth=476.9mm  robot xyz=(nan, nan, nan)mm  tilt=-
21:19:23.581 [INFO ] SAM3: 1 detection(s) for 'box'
21:19:23.581 [INFO ] SAM3: 'box' score=0.96 @ [563 209 775 619]  (top of 1)
21:19:23.581 [INFO ] SAM3: mask obtained (score=0.960, area=84094 px)
21:19:23.609 [DEBUG] Grasp point: robust centroid (669, 414)
21:19:23.609 [INFO ] MaskTracker: anchor locked (IoU streak=358, last IoU=0.999)
21:19:23.616 [INFO ] frame=358 state=NEAR      c=(670,413) depth=476.9mm  robot xyz=(nan, nan, nan)mm  tilt=-
21:19:23.878 [INFO ] SAM3: 1 detection(s) for 'box'
21:19:23.879 [INFO ] SAM3: 'box' score=0.96 @ [563 209 775 619]  (top of 1)
21:19:23.879 [INFO ] SAM3: mask obtained (score=0.962, area=84102 px)
21:19:23.906 [DEBUG] Grasp point: robust centroid (669, 414)
21:19:23.907 [INFO ] MaskTracker: anchor locked (IoU streak=359, last IoU=0.999)
21:19:23.913 [INFO ] frame=359 state=NEAR      c=(670,413) depth=476.8mm  robot xyz=(nan, nan, nan)mm  tilt=-
21:19:24.172 [INFO ] SAM3: 1 detection(s) for 'box'
21:19:24.172 [INFO ] SAM3: 'box' score=0.96 @ [563 209 775 619]  (top of 1)
21:19:24.172 [INFO ] SAM3: mask obtained (score=0.963, area=84143 px)
21:19:24.200 [DEBUG] Grasp point: robust centroid (669, 414)
21:19:24.200 [INFO ] MaskTracker: anchor locked (IoU streak=360, last IoU=0.999)
21:19:24.207 [INFO ] frame=360 state=NEAR      c=(670,413) depth=476.8mm  robot xyz=(nan, nan, nan)mm  tilt=-
21:19:24.464 [INFO ] SAM3: 1 detection(s) for 'box'
21:19:24.464 [INFO ] SAM3: 'box' score=0.96 @ [563 209 776 619]  (top of 1)
21:19:24.465 [INFO ] SAM3: mask obtained (score=0.963, area=84140 px)
21:19:24.493 [DEBUG] Grasp point: robust centroid (669, 414)
21:19:24.494 [INFO ] MaskTracker: anchor locked (IoU streak=361, last IoU=0.999)
21:19:24.501 [INFO ] frame=361 state=NEAR      c=(670,413) depth=476.8mm  robot xyz=(nan, nan, nan)mm  tilt=-
21:19:24.764 [INFO ] SAM3: 1 detection(s) for 'box'
21:19:24.764 [INFO ] SAM3: 'box' score=0.96 @ [563 209 775 619]  (top of 1)
21:19:24.764 [INFO ] SAM3: mask obtained (score=0.962, area=84122 px)
21:19:24.792 [DEBUG] Grasp point: robust centroid (669, 414)
21:19:24.792 [INFO ] MaskTracker: anchor locked (IoU streak=362, last IoU=0.999)
21:19:24.799 [INFO ] frame=362 state=NEAR      c=(670,413) depth=476.8mm  robot xyz=(nan, nan, nan)mm  tilt=-
21:19:25.062 [INFO ] SAM3: 1 detection(s) for 'box'
21:19:25.062 [INFO ] SAM3: 'box' score=0.97 @ [563 209 775 619]  (top of 1)
21:19:25.062 [INFO ] SAM3: mask obtained (score=0.965, area=84100 px)
21:19:25.089 [DEBUG] Grasp point: robust centroid (669, 414)
21:19:25.090 [INFO ] MaskTracker: anchor locked (IoU streak=363, last IoU=0.999)
21:19:25.096 [INFO ] frame=363 state=NEAR      c=(670,413) depth=476.8mm  robot xyz=(nan, nan, nan)mm  tilt=-
21:19:25.356 [INFO ] SAM3: 1 detection(s) for 'box'
21:19:25.356 [INFO ] SAM3: 'box' score=0.96 @ [563 209 775 619]  (top of 1)
21:19:25.356 [INFO ] SAM3: mask obtained (score=0.964, area=84122 px)
21:19:25.384 [DEBUG] Grasp point: robust centroid (669, 414)
21:19:25.384 [INFO ] MaskTracker: anchor locked (IoU streak=364, last IoU=0.999)
21:19:25.391 [INFO ] frame=364 state=NEAR      c=(670,413) depth=476.8mm  robot xyz=(nan, nan, nan)mm  tilt=-
21:19:25.645 [INFO ] SAM3: 1 detection(s) for 'box'
21:19:25.645 [INFO ] SAM3: 'box' score=0.96 @ [563 209 776 619]  (top of 1)
21:19:25.646 [INFO ] SAM3: mask obtained (score=0.962, area=84135 px)
21:19:25.673 [DEBUG] Grasp point: robust centroid (669, 414)
21:19:25.674 [INFO ] MaskTracker: anchor locked (IoU streak=365, last IoU=0.999)
21:19:25.680 [INFO ] frame=365 state=NEAR      c=(670,413) depth=476.8mm  robot xyz=(nan, nan, nan)mm  tilt=-
21:19:25.944 [INFO ] SAM3: 1 detection(s) for 'box'
21:19:25.944 [INFO ] SAM3: 'box' score=0.96 @ [563 209 775 619]  (top of 1)
21:19:25.944 [INFO ] SAM3: mask obtained (score=0.960, area=84128 px)
21:19:25.974 [DEBUG] Grasp point: robust centroid (669, 414)
21:19:25.975 [INFO ] MaskTracker: anchor locked (IoU streak=366, last IoU=0.999)
21:19:25.981 [INFO ] frame=366 state=NEAR      c=(670,413) depth=476.8mm  robot xyz=(nan, nan, nan)mm  tilt=-
21:19:26.239 [INFO ] SAM3: 1 detection(s) for 'box'
21:19:26.239 [INFO ] SAM3: 'box' score=0.96 @ [563 209 775 619]  (top of 1)
21:19:26.239 [INFO ] SAM3: mask obtained (score=0.961, area=84128 px)
21:19:26.267 [DEBUG] Grasp point: robust centroid (669, 414)
21:19:26.267 [INFO ] MaskTracker: anchor locked (IoU streak=367, last IoU=0.999)
21:19:26.274 [INFO ] frame=367 state=NEAR      c=(670,413) depth=476.9mm  robot xyz=(nan, nan, nan)mm  tilt=-
21:19:26.536 [INFO ] SAM3: 1 detection(s) for 'box'
21:19:26.536 [INFO ] SAM3: 'box' score=0.96 @ [563 209 775 619]  (top of 1)
21:19:26.536 [INFO ] SAM3: mask obtained (score=0.962, area=84136 px)
21:19:26.565 [DEBUG] Grasp point: robust centroid (669, 414)
21:19:26.566 [INFO ] MaskTracker: anchor locked (IoU streak=368, last IoU=0.999)
21:19:26.572 [INFO ] frame=368 state=NEAR      c=(670,413) depth=476.8mm  robot xyz=(nan, nan, nan)mm  tilt=-
21:19:26.836 [INFO ] SAM3: 1 detection(s) for 'box'
21:19:26.836 [INFO ] SAM3: 'box' score=0.96 @ [563 209 775 619]  (top of 1)
21:19:26.836 [INFO ] SAM3: mask obtained (score=0.960, area=84152 px)
21:19:26.864 [DEBUG] Grasp point: robust centroid (669, 414)
21:19:26.864 [INFO ] MaskTracker: anchor locked (IoU streak=369, last IoU=0.999)
21:19:26.871 [INFO ] frame=369 state=NEAR      c=(670,413) depth=476.9mm  robot xyz=(nan, nan, nan)mm  tilt=-
21:19:27.125 [INFO ] SAM3: 1 detection(s) for 'box'
21:19:27.125 [INFO ] SAM3: 'box' score=0.96 @ [563 209 775 619]  (top of 1)
21:19:27.125 [INFO ] SAM3: mask obtained (score=0.961, area=84130 px)
21:19:27.154 [DEBUG] Grasp point: robust centroid (669, 414)
21:19:27.155 [INFO ] MaskTracker: anchor locked (IoU streak=370, last IoU=0.999)
21:19:27.161 [INFO ] frame=370 state=NEAR      c=(670,413) depth=476.9mm  robot xyz=(nan, nan, nan)mm  tilt=-
21:19:27.421 [INFO ] SAM3: 1 detection(s) for 'box'
21:19:27.421 [INFO ] SAM3: 'box' score=0.97 @ [563 209 775 619]  (top of 1)
21:19:27.422 [INFO ] SAM3: mask obtained (score=0.966, area=84148 px)
21:19:27.449 [DEBUG] Grasp point: robust centroid (669, 414)
21:19:27.450 [INFO ] MaskTracker: anchor locked (IoU streak=371, last IoU=0.999)
21:19:27.456 [INFO ] frame=371 state=NEAR      c=(670,413) depth=476.9mm  robot xyz=(nan, nan, nan)mm  tilt=-
21:19:27.716 [INFO ] SAM3: 1 detection(s) for 'box'
21:19:27.716 [INFO ] SAM3: 'box' score=0.96 @ [563 209 775 619]  (top of 1)
21:19:27.716 [INFO ] SAM3: mask obtained (score=0.958, area=84110 px)
21:19:27.743 [DEBUG] Grasp point: robust centroid (669, 414)
21:19:27.743 [INFO ] MaskTracker: anchor locked (IoU streak=372, last IoU=0.999)
21:19:27.750 [INFO ] frame=372 state=NEAR      c=(670,413) depth=476.9mm  robot xyz=(nan, nan, nan)mm  tilt=-
21:19:28.012 [INFO ] SAM3: 1 detection(s) for 'box'
21:19:28.012 [INFO ] SAM3: 'box' score=0.96 @ [563 209 775 619]  (top of 1)
21:19:28.012 [INFO ] SAM3: mask obtained (score=0.960, area=84112 px)
21:19:28.038 [DEBUG] Grasp point: robust centroid (669, 414)
21:19:28.039 [INFO ] MaskTracker: anchor locked (IoU streak=373, last IoU=0.999)
21:19:28.046 [INFO ] frame=373 state=NEAR      c=(670,413) depth=476.9mm  robot xyz=(nan, nan, nan)mm  tilt=-
21:19:28.302 [INFO ] SAM3: 1 detection(s) for 'box'
21:19:28.302 [INFO ] SAM3: 'box' score=0.96 @ [563 209 775 619]  (top of 1)
21:19:28.302 [INFO ] SAM3: mask obtained (score=0.961, area=84146 px)
21:19:28.330 [DEBUG] Grasp point: robust centroid (669, 414)
21:19:28.330 [INFO ] MaskTracker: anchor locked (IoU streak=374, last IoU=0.999)
21:19:28.337 [INFO ] frame=374 state=NEAR      c=(670,413) depth=476.9mm  robot xyz=(nan, nan, nan)mm  tilt=-
21:19:28.593 [INFO ] SAM3: 1 detection(s) for 'box'
21:19:28.593 [INFO ] SAM3: 'box' score=0.96 @ [563 209 775 619]  (top of 1)
21:19:28.594 [INFO ] SAM3: mask obtained (score=0.962, area=84148 px)
21:19:28.621 [DEBUG] Grasp point: robust centroid (669, 414)
21:19:28.621 [INFO ] MaskTracker: anchor locked (IoU streak=375, last IoU=0.999)
21:19:28.628 [INFO ] frame=375 state=NEAR      c=(670,413) depth=477.0mm  robot xyz=(nan, nan, nan)mm  tilt=-
21:19:28.885 [INFO ] SAM3: 1 detection(s) for 'box'
21:19:28.885 [INFO ] SAM3: 'box' score=0.96 @ [563 209 775 619]  (top of 1)
21:19:28.885 [INFO ] SAM3: mask obtained (score=0.961, area=84125 px)
21:19:28.913 [DEBUG] Grasp point: robust centroid (669, 414)
21:19:28.913 [INFO ] MaskTracker: anchor locked (IoU streak=376, last IoU=0.999)
21:19:28.919 [INFO ] frame=376 state=NEAR      c=(670,413) depth=476.7mm  robot xyz=(nan, nan, nan)mm  tilt=-
21:19:29.178 [INFO ] SAM3: 1 detection(s) for 'box'
21:19:29.178 [INFO ] SAM3: 'box' score=0.96 @ [563 209 776 619]  (top of 1)
21:19:29.179 [INFO ] SAM3: mask obtained (score=0.962, area=84136 px)
21:19:29.205 [DEBUG] Grasp point: robust centroid (669, 414)
21:19:29.205 [INFO ] MaskTracker: anchor locked (IoU streak=377, last IoU=0.999)
21:19:29.212 [INFO ] frame=377 state=NEAR      c=(670,413) depth=476.8mm  robot xyz=(nan, nan, nan)mm  tilt=-
21:19:29.474 [INFO ] SAM3: 1 detection(s) for 'box'
21:19:29.474 [INFO ] SAM3: 'box' score=0.96 @ [563 209 775 619]  (top of 1)
21:19:29.475 [INFO ] SAM3: mask obtained (score=0.962, area=84075 px)
21:19:29.501 [DEBUG] Grasp point: robust centroid (669, 414)
21:19:29.502 [INFO ] MaskTracker: anchor locked (IoU streak=378, last IoU=0.999)
21:19:29.509 [INFO ] frame=378 state=NEAR      c=(670,413) depth=476.7mm  robot xyz=(nan, nan, nan)mm  tilt=-
21:19:29.776 [INFO ] SAM3: 1 detection(s) for 'box'
21:19:29.776 [INFO ] SAM3: 'box' score=0.96 @ [563 209 775 619]  (top of 1)
21:19:29.776 [INFO ] SAM3: mask obtained (score=0.963, area=84144 px)
21:19:29.802 [DEBUG] Grasp point: robust centroid (669, 414)
21:19:29.803 [INFO ] MaskTracker: anchor locked (IoU streak=379, last IoU=0.999)
21:19:29.810 [INFO ] frame=379 state=NEAR      c=(670,413) depth=476.8mm  robot xyz=(nan, nan, nan)mm  tilt=-
21:19:30.075 [INFO ] SAM3: 1 detection(s) for 'box'
21:19:30.075 [INFO ] SAM3: 'box' score=0.96 @ [563 209 775 619]  (top of 1)
21:19:30.075 [INFO ] SAM3: mask obtained (score=0.962, area=84161 px)
21:19:30.102 [DEBUG] Grasp point: robust centroid (669, 414)
21:19:30.102 [INFO ] MaskTracker: anchor locked (IoU streak=380, last IoU=0.999)
21:19:30.109 [INFO ] frame=380 state=NEAR      c=(670,413) depth=476.8mm  robot xyz=(nan, nan, nan)mm  tilt=-
21:19:30.369 [INFO ] SAM3: 1 detection(s) for 'box'
21:19:30.370 [INFO ] SAM3: 'box' score=0.96 @ [563 209 775 619]  (top of 1)
21:19:30.370 [INFO ] SAM3: mask obtained (score=0.964, area=84125 px)
21:19:30.399 [DEBUG] Grasp point: robust centroid (669, 414)
21:19:30.399 [INFO ] MaskTracker: anchor locked (IoU streak=381, last IoU=0.999)
21:19:30.406 [INFO ] frame=381 state=NEAR      c=(670,413) depth=476.7mm  robot xyz=(nan, nan, nan)mm  tilt=-
21:19:30.665 [INFO ] SAM3: 1 detection(s) for 'box'
21:19:30.666 [INFO ] SAM3: 'box' score=0.96 @ [563 209 775 619]  (top of 1)
21:19:30.666 [INFO ] SAM3: mask obtained (score=0.960, area=84141 px)
21:19:30.693 [DEBUG] Grasp point: robust centroid (669, 414)
21:19:30.693 [INFO ] MaskTracker: anchor locked (IoU streak=382, last IoU=0.999)
21:19:30.700 [INFO ] frame=382 state=NEAR      c=(670,413) depth=476.7mm  robot xyz=(nan, nan, nan)mm  tilt=-
21:19:30.964 [INFO ] SAM3: 1 detection(s) for 'box'
21:19:30.964 [INFO ] SAM3: 'box' score=0.96 @ [563 209 775 619]  (top of 1)
21:19:30.965 [INFO ] SAM3: mask obtained (score=0.963, area=84135 px)
21:19:30.993 [DEBUG] Grasp point: robust centroid (669, 414)
21:19:30.994 [INFO ] MaskTracker: anchor locked (IoU streak=383, last IoU=0.999)
21:19:31.000 [INFO ] frame=383 state=NEAR      c=(670,413) depth=476.7mm  robot xyz=(nan, nan, nan)mm  tilt=-
21:19:31.264 [INFO ] SAM3: 1 detection(s) for 'box'
21:19:31.265 [INFO ] SAM3: 'box' score=0.97 @ [563 209 775 619]  (top of 1)
21:19:31.265 [INFO ] SAM3: mask obtained (score=0.966, area=84111 px)
21:19:31.292 [DEBUG] Grasp point: robust centroid (669, 414)
21:19:31.292 [INFO ] MaskTracker: anchor locked (IoU streak=384, last IoU=0.999)
21:19:31.300 [INFO ] frame=384 state=NEAR      c=(670,413) depth=476.6mm  robot xyz=(nan, nan, nan)mm  tilt=-
21:19:31.560 [INFO ] SAM3: 1 detection(s) for 'box'
21:19:31.560 [INFO ] SAM3: 'box' score=0.96 @ [563 209 775 619]  (top of 1)
21:19:31.560 [INFO ] SAM3: mask obtained (score=0.959, area=84136 px)
21:19:31.590 [DEBUG] Grasp point: robust centroid (669, 414)
21:19:31.590 [INFO ] MaskTracker: anchor locked (IoU streak=385, last IoU=0.999)
21:19:31.597 [INFO ] frame=385 state=NEAR      c=(670,413) depth=476.7mm  robot xyz=(nan, nan, nan)mm  tilt=-
21:19:31.860 [INFO ] SAM3: 1 detection(s) for 'box'
21:19:31.860 [INFO ] SAM3: 'box' score=0.96 @ [563 209 775 619]  (top of 1)
21:19:31.860 [INFO ] SAM3: mask obtained (score=0.964, area=84120 px)
21:19:31.887 [DEBUG] Grasp point: robust centroid (669, 414)
21:19:31.888 [INFO ] MaskTracker: anchor locked (IoU streak=386, last IoU=0.999)
21:19:31.895 [INFO ] frame=386 state=NEAR      c=(670,413) depth=476.7mm  robot xyz=(nan, nan, nan)mm  tilt=-
21:19:32.163 [INFO ] SAM3: 1 detection(s) for 'box'
21:19:32.163 [INFO ] SAM3: 'box' score=0.96 @ [563 209 775 619]  (top of 1)
21:19:32.163 [INFO ] SAM3: mask obtained (score=0.965, area=84147 px)
21:19:32.193 [DEBUG] Grasp point: robust centroid (669, 414)
21:19:32.193 [INFO ] MaskTracker: anchor locked (IoU streak=387, last IoU=0.999)
21:19:32.200 [INFO ] frame=387 state=NEAR      c=(670,413) depth=476.8mm  robot xyz=(nan, nan, nan)mm  tilt=-
21:19:32.461 [INFO ] SAM3: 1 detection(s) for 'box'
21:19:32.462 [INFO ] SAM3: 'box' score=0.96 @ [563 209 775 619]  (top of 1)
21:19:32.462 [INFO ] SAM3: mask obtained (score=0.963, area=84108 px)
21:19:32.489 [DEBUG] Grasp point: robust centroid (669, 414)
21:19:32.489 [INFO ] MaskTracker: anchor locked (IoU streak=388, last IoU=0.999)
21:19:32.496 [INFO ] frame=388 state=NEAR      c=(670,413) depth=476.3mm  robot xyz=(nan, nan, nan)mm  tilt=-
21:19:32.760 [INFO ] SAM3: 1 detection(s) for 'box'
21:19:32.761 [INFO ] SAM3: 'box' score=0.96 @ [563 209 775 619]  (top of 1)
21:19:32.761 [INFO ] SAM3: mask obtained (score=0.959, area=84141 px)
21:19:32.788 [DEBUG] Grasp point: robust centroid (669, 414)
21:19:32.788 [INFO ] MaskTracker: anchor locked (IoU streak=389, last IoU=0.999)
21:19:32.795 [INFO ] frame=389 state=NEAR      c=(670,413) depth=476.3mm  robot xyz=(nan, nan, nan)mm  tilt=-
21:19:33.057 [INFO ] SAM3: 1 detection(s) for 'box'
21:19:33.057 [INFO ] SAM3: 'box' score=0.96 @ [563 209 775 619]  (top of 1)
21:19:33.057 [INFO ] SAM3: mask obtained (score=0.963, area=84100 px)
21:19:33.084 [DEBUG] Grasp point: robust centroid (669, 414)
21:19:33.085 [INFO ] MaskTracker: anchor locked (IoU streak=390, last IoU=0.999)
21:19:33.091 [INFO ] frame=390 state=NEAR      c=(670,413) depth=476.5mm  robot xyz=(nan, nan, nan)mm  tilt=-
21:19:33.359 [INFO ] SAM3: 1 detection(s) for 'box'
21:19:33.359 [INFO ] SAM3: 'box' score=0.96 @ [563 209 775 619]  (top of 1)
21:19:33.360 [INFO ] SAM3: mask obtained (score=0.962, area=84135 px)
21:19:33.387 [DEBUG] Grasp point: robust centroid (669, 414)
21:19:33.387 [INFO ] MaskTracker: anchor locked (IoU streak=391, last IoU=0.999)
21:19:33.395 [INFO ] frame=391 state=NEAR      c=(670,413) depth=476.0mm  robot xyz=(nan, nan, nan)mm  tilt=-
21:19:33.660 [INFO ] SAM3: 1 detection(s) for 'box'
21:19:33.660 [INFO ] SAM3: 'box' score=0.96 @ [563 209 775 619]  (top of 1)
21:19:33.660 [INFO ] SAM3: mask obtained (score=0.964, area=84074 px)
21:19:33.689 [DEBUG] Grasp point: robust centroid (669, 414)
21:19:33.689 [INFO ] MaskTracker: anchor locked (IoU streak=392, last IoU=0.999)
21:19:33.696 [INFO ] frame=392 state=NEAR      c=(670,413) depth=476.1mm  robot xyz=(nan, nan, nan)mm  tilt=-
21:19:33.958 [INFO ] SAM3: 1 detection(s) for 'box'
21:19:33.958 [INFO ] SAM3: 'box' score=0.96 @ [563 209 775 619]  (top of 1)
21:19:33.959 [INFO ] SAM3: mask obtained (score=0.964, area=84136 px)
21:19:33.986 [DEBUG] Grasp point: robust centroid (669, 414)
21:19:33.986 [INFO ] MaskTracker: anchor locked (IoU streak=393, last IoU=0.999)
21:19:33.993 [INFO ] frame=393 state=NEAR      c=(670,413) depth=476.1mm  robot xyz=(nan, nan, nan)mm  tilt=-
21:19:34.257 [INFO ] SAM3: 1 detection(s) for 'box'
21:19:34.257 [INFO ] SAM3: 'box' score=0.96 @ [563 209 775 619]  (top of 1)
21:19:34.257 [INFO ] SAM3: mask obtained (score=0.962, area=84118 px)
21:19:34.286 [DEBUG] Grasp point: robust centroid (669, 414)
21:19:34.286 [INFO ] MaskTracker: anchor locked (IoU streak=394, last IoU=0.999)
21:19:34.293 [INFO ] frame=394 state=NEAR      c=(670,413) depth=476.0mm  robot xyz=(nan, nan, nan)mm  tilt=-
21:19:34.553 [INFO ] SAM3: 1 detection(s) for 'box'
21:19:34.554 [INFO ] SAM3: 'box' score=0.96 @ [563 209 775 619]  (top of 1)
21:19:34.554 [INFO ] SAM3: mask obtained (score=0.964, area=84119 px)
21:19:34.582 [DEBUG] Grasp point: robust centroid (669, 414)
21:19:34.582 [INFO ] MaskTracker: anchor locked (IoU streak=395, last IoU=0.999)
21:19:34.589 [INFO ] frame=395 state=NEAR      c=(670,413) depth=476.1mm  robot xyz=(nan, nan, nan)mm  tilt=-
21:19:34.848 [INFO ] SAM3: 1 detection(s) for 'box'
21:19:34.849 [INFO ] SAM3: 'box' score=0.96 @ [563 209 775 619]  (top of 1)
21:19:34.849 [INFO ] SAM3: mask obtained (score=0.963, area=84112 px)
21:19:34.875 [DEBUG] Grasp point: robust centroid (669, 414)
21:19:34.876 [INFO ] MaskTracker: anchor locked (IoU streak=396, last IoU=0.999)
21:19:34.883 [INFO ] frame=396 state=NEAR      c=(670,413) depth=476.2mm  robot xyz=(nan, nan, nan)mm  tilt=-
21:19:35.143 [INFO ] SAM3: 1 detection(s) for 'box'
21:19:35.143 [INFO ] SAM3: 'box' score=0.96 @ [563 209 775 619]  (top of 1)
21:19:35.143 [INFO ] SAM3: mask obtained (score=0.960, area=84157 px)
21:19:35.171 [DEBUG] Grasp point: robust centroid (669, 414)
21:19:35.171 [INFO ] MaskTracker: anchor locked (IoU streak=397, last IoU=0.999)
21:19:35.179 [INFO ] frame=397 state=NEAR      c=(670,413) depth=476.2mm  robot xyz=(nan, nan, nan)mm  tilt=-
21:19:35.441 [INFO ] SAM3: 1 detection(s) for 'box'
21:19:35.441 [INFO ] SAM3: 'box' score=0.96 @ [563 209 776 619]  (top of 1)
21:19:35.441 [INFO ] SAM3: mask obtained (score=0.962, area=84122 px)
21:19:35.468 [DEBUG] Grasp point: robust centroid (669, 414)
21:19:35.469 [INFO ] MaskTracker: anchor locked (IoU streak=398, last IoU=0.999)
21:19:35.476 [INFO ] frame=398 state=NEAR      c=(670,413) depth=476.1mm  robot xyz=(nan, nan, nan)mm  tilt=-
21:19:35.734 [INFO ] SAM3: 1 detection(s) for 'box'
21:19:35.734 [INFO ] SAM3: 'box' score=0.96 @ [563 209 775 619]  (top of 1)
21:19:35.735 [INFO ] SAM3: mask obtained (score=0.961, area=84129 px)
21:19:35.763 [DEBUG] Grasp point: robust centroid (669, 414)
21:19:35.763 [INFO ] MaskTracker: anchor locked (IoU streak=399, last IoU=0.999)
21:19:35.770 [INFO ] frame=399 state=NEAR      c=(670,413) depth=476.2mm  robot xyz=(nan, nan, nan)mm  tilt=-
21:19:36.032 [INFO ] SAM3: 1 detection(s) for 'box'
21:19:36.033 [INFO ] SAM3: 'box' score=0.96 @ [563 209 775 619]  (top of 1)
21:19:36.033 [INFO ] SAM3: mask obtained (score=0.964, area=84114 px)
21:19:36.060 [DEBUG] Grasp point: robust centroid (669, 414)
21:19:36.060 [INFO ] MaskTracker: anchor locked (IoU streak=400, last IoU=0.999)
21:19:36.067 [INFO ] frame=400 state=NEAR      c=(670,413) depth=476.2mm  robot xyz=(nan, nan, nan)mm  tilt=-
21:19:36.334 [INFO ] SAM3: 1 detection(s) for 'box'
21:19:36.335 [INFO ] SAM3: 'box' score=0.97 @ [563 209 775 619]  (top of 1)
21:19:36.335 [INFO ] SAM3: mask obtained (score=0.965, area=84123 px)
21:19:36.364 [DEBUG] Grasp point: robust centroid (669, 414)
21:19:36.364 [INFO ] MaskTracker: anchor locked (IoU streak=401, last IoU=0.999)
21:19:36.371 [INFO ] frame=401 state=NEAR      c=(670,413) depth=476.3mm  robot xyz=(nan, nan, nan)mm  tilt=-
21:19:36.631 [INFO ] SAM3: 1 detection(s) for 'box'
21:19:36.631 [INFO ] SAM3: 'box' score=0.96 @ [563 209 775 619]  (top of 1)
21:19:36.631 [INFO ] SAM3: mask obtained (score=0.963, area=84138 px)
21:19:36.658 [DEBUG] Grasp point: robust centroid (669, 414)
21:19:36.659 [INFO ] MaskTracker: anchor locked (IoU streak=402, last IoU=0.999)
21:19:36.665 [INFO ] frame=402 state=NEAR      c=(670,413) depth=476.2mm  robot xyz=(nan, nan, nan)mm  tilt=-
21:19:36.922 [INFO ] SAM3: 1 detection(s) for 'box'
21:19:36.923 [INFO ] SAM3: 'box' score=0.96 @ [563 209 775 619]  (top of 1)
21:19:36.923 [INFO ] SAM3: mask obtained (score=0.961, area=84121 px)
21:19:36.950 [DEBUG] Grasp point: robust centroid (669, 414)
21:19:36.950 [INFO ] MaskTracker: anchor locked (IoU streak=403, last IoU=0.999)
21:19:36.957 [INFO ] frame=403 state=NEAR      c=(670,413) depth=476.2mm  robot xyz=(nan, nan, nan)mm  tilt=-
21:19:37.214 [INFO ] SAM3: 1 detection(s) for 'box'
21:19:37.214 [INFO ] SAM3: 'box' score=0.96 @ [563 209 775 619]  (top of 1)
21:19:37.214 [INFO ] SAM3: mask obtained (score=0.963, area=84158 px)
21:19:37.243 [DEBUG] Grasp point: robust centroid (669, 414)
21:19:37.243 [INFO ] MaskTracker: anchor locked (IoU streak=404, last IoU=0.999)
21:19:37.249 [INFO ] frame=404 state=NEAR      c=(670,413) depth=476.2mm  robot xyz=(nan, nan, nan)mm  tilt=-
21:19:37.510 [INFO ] SAM3: 1 detection(s) for 'box'
21:19:37.511 [INFO ] SAM3: 'box' score=0.96 @ [563 209 776 619]  (top of 1)
21:19:37.511 [INFO ] SAM3: mask obtained (score=0.962, area=84140 px)
21:19:37.537 [DEBUG] Grasp point: robust centroid (669, 414)
21:19:37.538 [INFO ] MaskTracker: anchor locked (IoU streak=405, last IoU=0.999)
21:19:37.545 [INFO ] frame=405 state=NEAR      c=(670,413) depth=476.2mm  robot xyz=(nan, nan, nan)mm  tilt=-
21:19:37.807 [INFO ] SAM3: 1 detection(s) for 'box'
21:19:37.808 [INFO ] SAM3: 'box' score=0.96 @ [563 209 776 619]  (top of 1)
21:19:37.808 [INFO ] SAM3: mask obtained (score=0.964, area=84169 px)
21:19:37.835 [DEBUG] Grasp point: robust centroid (669, 414)
21:19:37.835 [INFO ] MaskTracker: anchor locked (IoU streak=406, last IoU=0.999)
21:19:37.842 [INFO ] frame=406 state=NEAR      c=(670,413) depth=476.3mm  robot xyz=(nan, nan, nan)mm  tilt=-
21:19:38.098 [INFO ] SAM3: 1 detection(s) for 'box'
21:19:38.098 [INFO ] SAM3: 'box' score=0.96 @ [563 209 776 619]  (top of 1)
21:19:38.098 [INFO ] SAM3: mask obtained (score=0.962, area=84153 px)
21:19:38.125 [DEBUG] Grasp point: robust centroid (669, 414)
21:19:38.126 [INFO ] MaskTracker: anchor locked (IoU streak=407, last IoU=0.999)
21:19:38.132 [INFO ] frame=407 state=NEAR      c=(670,413) depth=476.3mm  robot xyz=(nan, nan, nan)mm  tilt=-
21:19:38.394 [INFO ] SAM3: 1 detection(s) for 'box'
21:19:38.395 [INFO ] SAM3: 'box' score=0.96 @ [563 209 775 619]  (top of 1)
21:19:38.395 [INFO ] SAM3: mask obtained (score=0.965, area=84121 px)
21:19:38.423 [DEBUG] Grasp point: robust centroid (669, 414)
21:19:38.424 [INFO ] MaskTracker: anchor locked (IoU streak=408, last IoU=0.999)
21:19:38.431 [INFO ] frame=408 state=NEAR      c=(670,413) depth=476.3mm  robot xyz=(nan, nan, nan)mm  tilt=-
21:19:38.692 [INFO ] SAM3: 1 detection(s) for 'box'
21:19:38.692 [INFO ] SAM3: 'box' score=0.96 @ [563 209 775 619]  (top of 1)
21:19:38.693 [INFO ] SAM3: mask obtained (score=0.963, area=84123 px)
21:19:38.719 [DEBUG] Grasp point: robust centroid (669, 414)
21:19:38.720 [INFO ] MaskTracker: anchor locked (IoU streak=409, last IoU=0.999)
21:19:38.727 [INFO ] frame=409 state=NEAR      c=(670,413) depth=476.3mm  robot xyz=(nan, nan, nan)mm  tilt=-
21:19:38.984 [INFO ] SAM3: 1 detection(s) for 'box'
21:19:38.985 [INFO ] SAM3: 'box' score=0.96 @ [563 209 776 619]  (top of 1)
21:19:38.985 [INFO ] SAM3: mask obtained (score=0.961, area=84157 px)
21:19:39.012 [DEBUG] Grasp point: robust centroid (668, 414)
21:19:39.013 [INFO ] MaskTracker: anchor locked (IoU streak=410, last IoU=0.999)
21:19:39.020 [INFO ] frame=410 state=NEAR      c=(670,413) depth=476.3mm  robot xyz=(nan, nan, nan)mm  tilt=-
21:19:39.279 [INFO ] SAM3: 1 detection(s) for 'box'
21:19:39.279 [INFO ] SAM3: 'box' score=0.96 @ [563 209 775 619]  (top of 1)
21:19:39.279 [INFO ] SAM3: mask obtained (score=0.964, area=84124 px)
21:19:39.306 [DEBUG] Grasp point: robust centroid (669, 414)
21:19:39.306 [INFO ] MaskTracker: anchor locked (IoU streak=411, last IoU=0.999)
21:19:39.313 [INFO ] frame=411 state=NEAR      c=(670,413) depth=476.3mm  robot xyz=(nan, nan, nan)mm  tilt=-
21:19:39.574 [INFO ] SAM3: 1 detection(s) for 'box'
21:19:39.574 [INFO ] SAM3: 'box' score=0.96 @ [563 209 775 619]  (top of 1)
21:19:39.575 [INFO ] SAM3: mask obtained (score=0.961, area=84114 px)
21:19:39.601 [DEBUG] Grasp point: robust centroid (669, 414)
21:19:39.602 [INFO ] MaskTracker: anchor locked (IoU streak=412, last IoU=0.999)
21:19:39.609 [INFO ] frame=412 state=NEAR      c=(670,413) depth=476.3mm  robot xyz=(nan, nan, nan)mm  tilt=-
21:19:39.871 [INFO ] SAM3: 1 detection(s) for 'box'
21:19:39.871 [INFO ] SAM3: 'box' score=0.96 @ [563 209 775 619]  (top of 1)
21:19:39.871 [INFO ] SAM3: mask obtained (score=0.965, area=84124 px)
21:19:39.900 [DEBUG] Grasp point: robust centroid (669, 414)
21:19:39.901 [INFO ] MaskTracker: anchor locked (IoU streak=413, last IoU=0.999)
21:19:39.907 [INFO ] frame=413 state=NEAR      c=(670,413) depth=476.3mm  robot xyz=(nan, nan, nan)mm  tilt=-
21:19:40.167 [INFO ] SAM3: 1 detection(s) for 'box'
21:19:40.168 [INFO ] SAM3: 'box' score=0.96 @ [563 209 775 619]  (top of 1)
21:19:40.168 [INFO ] SAM3: mask obtained (score=0.960, area=84135 px)
21:19:40.197 [DEBUG] Grasp point: robust centroid (669, 414)
21:19:40.197 [INFO ] MaskTracker: anchor locked (IoU streak=414, last IoU=0.999)
21:19:40.204 [INFO ] frame=414 state=NEAR      c=(670,413) depth=476.3mm  robot xyz=(nan, nan, nan)mm  tilt=-
21:19:40.461 [INFO ] SAM3: 1 detection(s) for 'box'
21:19:40.461 [INFO ] SAM3: 'box' score=0.96 @ [563 209 775 619]  (top of 1)
21:19:40.461 [INFO ] SAM3: mask obtained (score=0.961, area=84115 px)
21:19:40.489 [DEBUG] Grasp point: robust centroid (669, 414)
21:19:40.489 [INFO ] MaskTracker: anchor locked (IoU streak=415, last IoU=0.999)
21:19:40.496 [INFO ] frame=415 state=NEAR      c=(670,413) depth=476.2mm  robot xyz=(nan, nan, nan)mm  tilt=-
21:19:40.755 [INFO ] SAM3: 1 detection(s) for 'box'
21:19:40.755 [INFO ] SAM3: 'box' score=0.96 @ [563 209 775 619]  (top of 1)
21:19:40.755 [INFO ] SAM3: mask obtained (score=0.961, area=84144 px)
21:19:40.784 [DEBUG] Grasp point: robust centroid (669, 414)
21:19:40.784 [INFO ] MaskTracker: anchor locked (IoU streak=416, last IoU=0.999)
21:19:40.790 [INFO ] frame=416 state=NEAR      c=(670,413) depth=476.6mm  robot xyz=(nan, nan, nan)mm  tilt=-
21:19:41.048 [INFO ] SAM3: 1 detection(s) for 'box'
21:19:41.048 [INFO ] SAM3: 'box' score=0.96 @ [563 209 775 619]  (top of 1)
21:19:41.048 [INFO ] SAM3: mask obtained (score=0.961, area=84177 px)
21:19:41.076 [DEBUG] Grasp point: robust centroid (669, 414)
21:19:41.077 [INFO ] MaskTracker: anchor locked (IoU streak=417, last IoU=0.999)
21:19:41.083 [INFO ] frame=417 state=NEAR      c=(670,413) depth=476.3mm  robot xyz=(nan, nan, nan)mm  tilt=-
21:19:41.345 [INFO ] SAM3: 1 detection(s) for 'box'
21:19:41.346 [INFO ] SAM3: 'box' score=0.96 @ [563 209 775 619]  (top of 1)
21:19:41.346 [INFO ] SAM3: mask obtained (score=0.962, area=84156 px)
21:19:41.372 [DEBUG] Grasp point: robust centroid (669, 414)
21:19:41.373 [INFO ] MaskTracker: anchor locked (IoU streak=418, last IoU=0.999)
21:19:41.379 [INFO ] frame=418 state=NEAR      c=(670,413) depth=476.3mm  robot xyz=(nan, nan, nan)mm  tilt=-
21:19:41.635 [INFO ] SAM3: 1 detection(s) for 'box'
21:19:41.635 [INFO ] SAM3: 'box' score=0.96 @ [563 209 775 619]  (top of 1)
21:19:41.635 [INFO ] SAM3: mask obtained (score=0.963, area=84150 px)
21:19:41.663 [DEBUG] Grasp point: robust centroid (669, 414)
21:19:41.663 [INFO ] MaskTracker: anchor locked (IoU streak=419, last IoU=0.999)
21:19:41.670 [INFO ] frame=419 state=NEAR      c=(670,413) depth=476.2mm  robot xyz=(nan, nan, nan)mm  tilt=-
21:19:41.933 [INFO ] SAM3: 1 detection(s) for 'box'
21:19:41.933 [INFO ] SAM3: 'box' score=0.96 @ [563 209 775 619]  (top of 1)
21:19:41.933 [INFO ] SAM3: mask obtained (score=0.963, area=84149 px)
21:19:41.960 [DEBUG] Grasp point: robust centroid (669, 414)
21:19:41.961 [INFO ] MaskTracker: anchor locked (IoU streak=420, last IoU=0.999)
21:19:41.968 [INFO ] frame=420 state=NEAR      c=(670,413) depth=476.0mm  robot xyz=(nan, nan, nan)mm  tilt=-
21:19:42.229 [INFO ] SAM3: 1 detection(s) for 'box'
21:19:42.229 [INFO ] SAM3: 'box' score=0.96 @ [563 209 775 619]  (top of 1)
21:19:42.229 [INFO ] SAM3: mask obtained (score=0.959, area=84159 px)
21:19:42.258 [DEBUG] Grasp point: robust centroid (669, 414)
21:19:42.259 [INFO ] MaskTracker: anchor locked (IoU streak=421, last IoU=0.999)
21:19:42.266 [INFO ] frame=421 state=NEAR      c=(670,413) depth=476.1mm  robot xyz=(nan, nan, nan)mm  tilt=-
21:19:42.532 [INFO ] SAM3: 1 detection(s) for 'box'
21:19:42.532 [INFO ] SAM3: 'box' score=0.96 @ [563 209 775 619]  (top of 1)
21:19:42.532 [INFO ] SAM3: mask obtained (score=0.961, area=84137 px)
21:19:42.559 [DEBUG] Grasp point: robust centroid (669, 414)
21:19:42.559 [INFO ] MaskTracker: anchor locked (IoU streak=422, last IoU=0.999)
21:19:42.567 [INFO ] frame=422 state=NEAR      c=(670,413) depth=476.1mm  robot xyz=(nan, nan, nan)mm  tilt=-
21:19:42.831 [INFO ] SAM3: 1 detection(s) for 'box'
21:19:42.831 [INFO ] SAM3: 'box' score=0.96 @ [563 209 775 619]  (top of 1)
21:19:42.832 [INFO ] SAM3: mask obtained (score=0.963, area=84147 px)
21:19:42.859 [DEBUG] Grasp point: robust centroid (669, 414)
21:19:42.859 [INFO ] MaskTracker: anchor locked (IoU streak=423, last IoU=0.999)
21:19:42.865 [INFO ] frame=423 state=NEAR      c=(670,413) depth=475.9mm  robot xyz=(nan, nan, nan)mm  tilt=-
21:19:43.125 [INFO ] SAM3: 1 detection(s) for 'box'
21:19:43.125 [INFO ] SAM3: 'box' score=0.96 @ [563 209 775 619]  (top of 1)
21:19:43.125 [INFO ] SAM3: mask obtained (score=0.962, area=84153 px)
21:19:43.152 [DEBUG] Grasp point: robust centroid (669, 414)
21:19:43.152 [INFO ] MaskTracker: anchor locked (IoU streak=424, last IoU=0.999)
21:19:43.159 [INFO ] frame=424 state=NEAR      c=(670,413) depth=476.2mm  robot xyz=(nan, nan, nan)mm  tilt=-
21:19:43.420 [INFO ] SAM3: 1 detection(s) for 'box'
21:19:43.420 [INFO ] SAM3: 'box' score=0.96 @ [563 209 775 619]  (top of 1)
21:19:43.420 [INFO ] SAM3: mask obtained (score=0.960, area=84122 px)
21:19:43.448 [DEBUG] Grasp point: robust centroid (669, 414)
21:19:43.449 [INFO ] MaskTracker: anchor locked (IoU streak=425, last IoU=0.999)
21:19:43.455 [INFO ] frame=425 state=NEAR      c=(670,413) depth=475.9mm  robot xyz=(nan, nan, nan)mm  tilt=-
21:19:43.718 [INFO ] SAM3: 1 detection(s) for 'box'
21:19:43.719 [INFO ] SAM3: 'box' score=0.96 @ [563 209 775 619]  (top of 1)
21:19:43.719 [INFO ] SAM3: mask obtained (score=0.963, area=84144 px)
21:19:43.747 [DEBUG] Grasp point: robust centroid (669, 414)
21:19:43.748 [INFO ] MaskTracker: anchor locked (IoU streak=426, last IoU=0.999)
21:19:43.754 [INFO ] frame=426 state=NEAR      c=(670,413) depth=476.4mm  robot xyz=(nan, nan, nan)mm  tilt=-
21:19:44.013 [INFO ] SAM3: 1 detection(s) for 'box'
21:19:44.013 [INFO ] SAM3: 'box' score=0.96 @ [563 209 775 619]  (top of 1)
21:19:44.013 [INFO ] SAM3: mask obtained (score=0.963, area=84110 px)
21:19:44.040 [DEBUG] Grasp point: robust centroid (669, 414)
21:19:44.041 [INFO ] MaskTracker: anchor locked (IoU streak=427, last IoU=0.999)
21:19:44.047 [INFO ] frame=427 state=NEAR      c=(670,413) depth=476.3mm  robot xyz=(nan, nan, nan)mm  tilt=-
21:19:44.311 [INFO ] SAM3: 1 detection(s) for 'box'
21:19:44.311 [INFO ] SAM3: 'box' score=0.96 @ [563 209 775 619]  (top of 1)
21:19:44.311 [INFO ] SAM3: mask obtained (score=0.964, area=84133 px)
21:19:44.338 [DEBUG] Grasp point: robust centroid (669, 414)
21:19:44.338 [INFO ] MaskTracker: anchor locked (IoU streak=428, last IoU=0.999)
21:19:44.346 [INFO ] frame=428 state=NEAR      c=(670,413) depth=476.1mm  robot xyz=(nan, nan, nan)mm  tilt=-
21:19:44.606 [INFO ] SAM3: 1 detection(s) for 'box'
21:19:44.606 [INFO ] SAM3: 'box' score=0.96 @ [563 209 775 619]  (top of 1)
21:19:44.606 [INFO ] SAM3: mask obtained (score=0.960, area=84142 px)
21:19:44.633 [DEBUG] Grasp point: robust centroid (670, 414)
21:19:44.634 [INFO ] MaskTracker: anchor locked (IoU streak=429, last IoU=0.999)
21:19:44.640 [INFO ] frame=429 state=NEAR      c=(670,413) depth=476.1mm  robot xyz=(nan, nan, nan)mm  tilt=-
21:19:44.905 [INFO ] SAM3: 1 detection(s) for 'box'
21:19:44.906 [INFO ] SAM3: 'box' score=0.97 @ [563 209 775 619]  (top of 1)
21:19:44.906 [INFO ] SAM3: mask obtained (score=0.966, area=84134 px)
21:19:44.932 [DEBUG] Grasp point: robust centroid (669, 414)
21:19:44.933 [INFO ] MaskTracker: anchor locked (IoU streak=430, last IoU=0.999)
21:19:44.939 [INFO ] frame=430 state=NEAR      c=(670,413) depth=476.0mm  robot xyz=(nan, nan, nan)mm  tilt=-
21:19:45.193 [INFO ] SAM3: 1 detection(s) for 'box'
21:19:45.193 [INFO ] SAM3: 'box' score=0.96 @ [563 209 775 619]  (top of 1)
21:19:45.193 [INFO ] SAM3: mask obtained (score=0.963, area=84134 px)
21:19:45.221 [DEBUG] Grasp point: robust centroid (669, 414)
21:19:45.221 [INFO ] MaskTracker: anchor locked (IoU streak=431, last IoU=0.999)
21:19:45.227 [INFO ] frame=431 state=NEAR      c=(670,413) depth=475.9mm  robot xyz=(nan, nan, nan)mm  tilt=-
21:19:45.493 [INFO ] SAM3: 1 detection(s) for 'box'
21:19:45.494 [INFO ] SAM3: 'box' score=0.96 @ [563 209 775 619]  (top of 1)
21:19:45.494 [INFO ] SAM3: mask obtained (score=0.957, area=84136 px)
21:19:45.522 [DEBUG] Grasp point: robust centroid (669, 414)
21:19:45.522 [INFO ] MaskTracker: anchor locked (IoU streak=432, last IoU=0.999)
21:19:45.530 [INFO ] frame=432 state=NEAR      c=(670,413) depth=475.9mm  robot xyz=(nan, nan, nan)mm  tilt=-
21:19:45.793 [INFO ] SAM3: 1 detection(s) for 'box'
21:19:45.793 [INFO ] SAM3: 'box' score=0.96 @ [563 209 775 619]  (top of 1)
21:19:45.794 [INFO ] SAM3: mask obtained (score=0.962, area=84140 px)
21:19:45.821 [DEBUG] Grasp point: robust centroid (669, 414)
21:19:45.821 [INFO ] MaskTracker: anchor locked (IoU streak=433, last IoU=0.999)
21:19:45.829 [INFO ] frame=433 state=NEAR      c=(670,413) depth=475.8mm  robot xyz=(nan, nan, nan)mm  tilt=-
21:19:46.095 [INFO ] SAM3: 1 detection(s) for 'box'
21:19:46.095 [INFO ] SAM3: 'box' score=0.96 @ [563 209 775 619]  (top of 1)
21:19:46.095 [INFO ] SAM3: mask obtained (score=0.959, area=84136 px)
21:19:46.124 [DEBUG] Grasp point: robust centroid (669, 414)
21:19:46.124 [INFO ] MaskTracker: anchor locked (IoU streak=434, last IoU=0.999)
21:19:46.131 [INFO ] frame=434 state=NEAR      c=(670,413) depth=475.7mm  robot xyz=(nan, nan, nan)mm  tilt=-
21:19:46.393 [INFO ] SAM3: 1 detection(s) for 'box'
21:19:46.393 [INFO ] SAM3: 'box' score=0.96 @ [563 209 775 619]  (top of 1)
21:19:46.393 [INFO ] SAM3: mask obtained (score=0.964, area=84114 px)
21:19:46.420 [DEBUG] Grasp point: robust centroid (669, 414)
21:19:46.420 [INFO ] MaskTracker: anchor locked (IoU streak=435, last IoU=0.999)
21:19:46.427 [INFO ] frame=435 state=NEAR      c=(670,413) depth=475.7mm  robot xyz=(nan, nan, nan)mm  tilt=-
21:19:46.687 [INFO ] SAM3: 1 detection(s) for 'box'
21:19:46.687 [INFO ] SAM3: 'box' score=0.97 @ [563 209 775 619]  (top of 1)
21:19:46.687 [INFO ] SAM3: mask obtained (score=0.965, area=84139 px)
21:19:46.716 [DEBUG] Grasp point: robust centroid (670, 414)
21:19:46.717 [INFO ] MaskTracker: anchor locked (IoU streak=436, last IoU=0.999)
21:19:46.724 [INFO ] frame=436 state=NEAR      c=(670,413) depth=475.6mm  robot xyz=(nan, nan, nan)mm  tilt=-
21:19:46.988 [INFO ] SAM3: 1 detection(s) for 'box'
21:19:46.988 [INFO ] SAM3: 'box' score=0.96 @ [563 209 775 619]  (top of 1)
21:19:46.988 [INFO ] SAM3: mask obtained (score=0.962, area=84117 px)
21:19:47.016 [DEBUG] Grasp point: robust centroid (669, 414)
21:19:47.016 [INFO ] MaskTracker: anchor locked (IoU streak=437, last IoU=0.999)
21:19:47.023 [INFO ] frame=437 state=NEAR      c=(670,413) depth=475.7mm  robot xyz=(nan, nan, nan)mm  tilt=-
21:19:47.283 [INFO ] SAM3: 1 detection(s) for 'box'
21:19:47.283 [INFO ] SAM3: 'box' score=0.96 @ [563 209 775 619]  (top of 1)
21:19:47.283 [INFO ] SAM3: mask obtained (score=0.962, area=84126 px)
21:19:47.312 [DEBUG] Grasp point: robust centroid (669, 414)
21:19:47.312 [INFO ] MaskTracker: anchor locked (IoU streak=438, last IoU=0.999)
21:19:47.319 [INFO ] frame=438 state=NEAR      c=(670,413) depth=475.9mm  robot xyz=(nan, nan, nan)mm  tilt=-
21:19:47.575 [INFO ] SAM3: 1 detection(s) for 'box'
21:19:47.575 [INFO ] SAM3: 'box' score=0.96 @ [563 209 775 619]  (top of 1)
21:19:47.575 [INFO ] SAM3: mask obtained (score=0.961, area=84176 px)
21:19:47.603 [DEBUG] Grasp point: robust centroid (669, 414)
21:19:47.604 [INFO ] MaskTracker: anchor locked (IoU streak=439, last IoU=0.999)
21:19:47.611 [INFO ] frame=439 state=NEAR      c=(670,413) depth=476.0mm  robot xyz=(nan, nan, nan)mm  tilt=-
21:19:47.874 [INFO ] SAM3: 1 detection(s) for 'box'
21:19:47.874 [INFO ] SAM3: 'box' score=0.96 @ [563 209 775 619]  (top of 1)
21:19:47.874 [INFO ] SAM3: mask obtained (score=0.963, area=84132 px)
21:19:47.902 [DEBUG] Grasp point: robust centroid (669, 414)
21:19:47.902 [INFO ] MaskTracker: anchor locked (IoU streak=440, last IoU=0.999)
21:19:47.909 [INFO ] frame=440 state=NEAR      c=(670,413) depth=476.1mm  robot xyz=(nan, nan, nan)mm  tilt=-
21:19:48.174 [INFO ] SAM3: 1 detection(s) for 'box'
21:19:48.174 [INFO ] SAM3: 'box' score=0.97 @ [563 209 776 619]  (top of 1)
21:19:48.174 [INFO ] SAM3: mask obtained (score=0.967, area=84162 px)
21:19:48.201 [DEBUG] Grasp point: robust centroid (669, 414)
21:19:48.202 [INFO ] MaskTracker: anchor locked (IoU streak=441, last IoU=0.999)
21:19:48.209 [INFO ] frame=441 state=NEAR      c=(670,413) depth=476.2mm  robot xyz=(nan, nan, nan)mm  tilt=-
21:19:48.472 [INFO ] SAM3: 1 detection(s) for 'box'
21:19:48.472 [INFO ] SAM3: 'box' score=0.96 @ [563 209 775 619]  (top of 1)
21:19:48.472 [INFO ] SAM3: mask obtained (score=0.960, area=84123 px)
21:19:48.502 [DEBUG] Grasp point: robust centroid (669, 414)
21:19:48.502 [INFO ] MaskTracker: anchor locked (IoU streak=442, last IoU=0.999)
21:19:48.509 [INFO ] frame=442 state=NEAR      c=(670,413) depth=476.2mm  robot xyz=(nan, nan, nan)mm  tilt=-
21:19:48.778 [INFO ] SAM3: 1 detection(s) for 'box'
21:19:48.779 [INFO ] SAM3: 'box' score=0.96 @ [563 209 775 619]  (top of 1)
21:19:48.779 [INFO ] SAM3: mask obtained (score=0.960, area=84079 px)
21:19:48.805 [DEBUG] Grasp point: robust centroid (669, 414)
21:19:48.805 [INFO ] MaskTracker: anchor locked (IoU streak=443, last IoU=0.999)
21:19:48.811 [INFO ] frame=443 state=NEAR      c=(670,413) depth=476.1mm  robot xyz=(nan, nan, nan)mm  tilt=-
21:19:49.078 [INFO ] SAM3: 1 detection(s) for 'box'
21:19:49.079 [INFO ] SAM3: 'box' score=0.96 @ [563 209 775 619]  (top of 1)
21:19:49.079 [INFO ] SAM3: mask obtained (score=0.962, area=84141 px)
21:19:49.105 [DEBUG] Grasp point: robust centroid (669, 414)
21:19:49.105 [INFO ] MaskTracker: anchor locked (IoU streak=444, last IoU=0.999)
21:19:49.112 [INFO ] frame=444 state=NEAR      c=(670,413) depth=476.0mm  robot xyz=(nan, nan, nan)mm  tilt=-
21:19:49.382 [INFO ] SAM3: 1 detection(s) for 'box'
21:19:49.382 [INFO ] SAM3: 'box' score=0.96 @ [563 209 775 619]  (top of 1)
21:19:49.382 [INFO ] SAM3: mask obtained (score=0.963, area=84119 px)
21:19:49.412 [DEBUG] Grasp point: robust centroid (669, 414)
21:19:49.413 [INFO ] MaskTracker: anchor locked (IoU streak=445, last IoU=0.999)
21:19:49.420 [INFO ] frame=445 state=NEAR      c=(670,413) depth=476.0mm  robot xyz=(nan, nan, nan)mm  tilt=-
21:19:49.684 [INFO ] SAM3: 1 detection(s) for 'box'
21:19:49.684 [INFO ] SAM3: 'box' score=0.97 @ [563 209 775 619]  (top of 1)
21:19:49.684 [INFO ] SAM3: mask obtained (score=0.965, area=84107 px)
21:19:49.712 [DEBUG] Grasp point: robust centroid (669, 414)
21:19:49.712 [INFO ] MaskTracker: anchor locked (IoU streak=446, last IoU=0.999)
21:19:49.719 [INFO ] frame=446 state=NEAR      c=(670,413) depth=475.9mm  robot xyz=(nan, nan, nan)mm  tilt=-
21:19:49.985 [INFO ] SAM3: 1 detection(s) for 'box'
21:19:49.985 [INFO ] SAM3: 'box' score=0.96 @ [563 209 775 619]  (top of 1)
21:19:49.985 [INFO ] SAM3: mask obtained (score=0.957, area=84125 px)
21:19:50.013 [DEBUG] Grasp point: robust centroid (669, 414)
21:19:50.014 [INFO ] MaskTracker: anchor locked (IoU streak=447, last IoU=0.999)
21:19:50.020 [INFO ] frame=447 state=NEAR      c=(670,413) depth=476.0mm  robot xyz=(nan, nan, nan)mm  tilt=-
21:19:50.287 [INFO ] SAM3: 1 detection(s) for 'box'
21:19:50.287 [INFO ] SAM3: 'box' score=0.96 @ [563 209 776 619]  (top of 1)
21:19:50.287 [INFO ] SAM3: mask obtained (score=0.961, area=84155 px)
21:19:50.317 [DEBUG] Grasp point: robust centroid (669, 414)
21:19:50.317 [INFO ] MaskTracker: anchor locked (IoU streak=448, last IoU=0.999)
21:19:50.324 [INFO ] frame=448 state=NEAR      c=(670,413) depth=476.2mm  robot xyz=(nan, nan, nan)mm  tilt=-
21:19:50.589 [INFO ] SAM3: 1 detection(s) for 'box'
21:19:50.589 [INFO ] SAM3: 'box' score=0.96 @ [563 209 775 619]  (top of 1)
21:19:50.589 [INFO ] SAM3: mask obtained (score=0.962, area=84114 px)
21:19:50.616 [DEBUG] Grasp point: robust centroid (669, 414)
21:19:50.616 [INFO ] MaskTracker: anchor locked (IoU streak=449, last IoU=0.999)
21:19:50.622 [INFO ] frame=449 state=NEAR      c=(670,413) depth=476.2mm  robot xyz=(nan, nan, nan)mm  tilt=-
21:19:50.891 [INFO ] SAM3: 1 detection(s) for 'box'
21:19:50.892 [INFO ] SAM3: 'box' score=0.96 @ [563 209 775 619]  (top of 1)
21:19:50.892 [INFO ] SAM3: mask obtained (score=0.965, area=84147 px)
21:19:50.924 [DEBUG] Grasp point: robust centroid (669, 414)
21:19:50.924 [INFO ] MaskTracker: anchor locked (IoU streak=450, last IoU=0.999)
21:19:50.932 [INFO ] frame=450 state=NEAR      c=(670,413) depth=476.3mm  robot xyz=(nan, nan, nan)mm  tilt=-
21:19:51.203 [INFO ] SAM3: 1 detection(s) for 'box'
21:19:51.203 [INFO ] SAM3: 'box' score=0.96 @ [563 209 775 619]  (top of 1)
21:19:51.203 [INFO ] SAM3: mask obtained (score=0.963, area=84106 px)
21:19:51.233 [DEBUG] Grasp point: robust centroid (669, 414)
21:19:51.234 [INFO ] MaskTracker: anchor locked (IoU streak=451, last IoU=0.999)
21:19:51.240 [INFO ] frame=451 state=NEAR      c=(670,413) depth=476.4mm  robot xyz=(nan, nan, nan)mm  tilt=-
21:19:51.503 [INFO ] SAM3: 1 detection(s) for 'box'
21:19:51.504 [INFO ] SAM3: 'box' score=0.96 @ [563 209 775 619]  (top of 1)
21:19:51.504 [INFO ] SAM3: mask obtained (score=0.962, area=84118 px)
21:19:51.532 [DEBUG] Grasp point: robust centroid (669, 414)
21:19:51.532 [INFO ] MaskTracker: anchor locked (IoU streak=452, last IoU=0.999)
21:19:51.539 [INFO ] frame=452 state=NEAR      c=(670,413) depth=476.4mm  robot xyz=(nan, nan, nan)mm  tilt=-
21:19:51.804 [INFO ] SAM3: 1 detection(s) for 'box'
21:19:51.804 [INFO ] SAM3: 'box' score=0.96 @ [563 209 776 619]  (top of 1)
21:19:51.804 [INFO ] SAM3: mask obtained (score=0.963, area=84122 px)
21:19:51.833 [DEBUG] Grasp point: robust centroid (669, 414)
21:19:51.834 [INFO ] MaskTracker: anchor locked (IoU streak=453, last IoU=0.999)
21:19:51.840 [INFO ] frame=453 state=NEAR      c=(670,413) depth=476.3mm  robot xyz=(nan, nan, nan)mm  tilt=-
21:19:52.097 [INFO ] SAM3: 1 detection(s) for 'box'
21:19:52.098 [INFO ] SAM3: 'box' score=0.96 @ [563 209 775 619]  (top of 1)
21:19:52.098 [INFO ] SAM3: mask obtained (score=0.958, area=84167 px)
21:19:52.125 [DEBUG] Grasp point: robust centroid (669, 414)
21:19:52.125 [INFO ] MaskTracker: anchor locked (IoU streak=454, last IoU=0.999)
21:19:52.132 [INFO ] frame=454 state=NEAR      c=(670,413) depth=476.4mm  robot xyz=(nan, nan, nan)mm  tilt=-
21:19:52.391 [INFO ] SAM3: 1 detection(s) for 'box'
21:19:52.392 [INFO ] SAM3: 'box' score=0.96 @ [563 209 775 619]  (top of 1)
21:19:52.392 [INFO ] SAM3: mask obtained (score=0.963, area=84177 px)
21:19:52.418 [DEBUG] Grasp point: robust centroid (669, 414)
21:19:52.419 [INFO ] MaskTracker: anchor locked (IoU streak=455, last IoU=0.999)
21:19:52.425 [INFO ] frame=455 state=NEAR      c=(670,413) depth=476.4mm  robot xyz=(nan, nan, nan)mm  tilt=-
21:19:52.695 [INFO ] SAM3: 1 detection(s) for 'box'
21:19:52.695 [INFO ] SAM3: 'box' score=0.96 @ [563 209 775 619]  (top of 1)
21:19:52.695 [INFO ] SAM3: mask obtained (score=0.962, area=84131 px)
21:19:52.723 [DEBUG] Grasp point: robust centroid (669, 414)
21:19:52.723 [INFO ] MaskTracker: anchor locked (IoU streak=456, last IoU=0.999)
21:19:52.731 [INFO ] frame=456 state=NEAR      c=(670,413) depth=476.5mm  robot xyz=(nan, nan, nan)mm  tilt=-
21:19:52.991 [INFO ] SAM3: 1 detection(s) for 'box'
21:19:52.991 [INFO ] SAM3: 'box' score=0.96 @ [563 209 776 619]  (top of 1)
21:19:52.991 [INFO ] SAM3: mask obtained (score=0.962, area=84146 px)
21:19:53.018 [DEBUG] Grasp point: robust centroid (669, 414)
21:19:53.019 [INFO ] MaskTracker: anchor locked (IoU streak=457, last IoU=0.999)
21:19:53.026 [INFO ] frame=457 state=NEAR      c=(670,413) depth=476.9mm  robot xyz=(nan, nan, nan)mm  tilt=-
21:19:53.292 [INFO ] SAM3: 1 detection(s) for 'box'
21:19:53.293 [INFO ] SAM3: 'box' score=0.96 @ [563 209 775 619]  (top of 1)
21:19:53.293 [INFO ] SAM3: mask obtained (score=0.965, area=84148 px)
21:19:53.321 [DEBUG] Grasp point: robust centroid (669, 414)
21:19:53.321 [INFO ] MaskTracker: anchor locked (IoU streak=458, last IoU=0.999)
21:19:53.329 [INFO ] frame=458 state=NEAR      c=(670,413) depth=476.6mm  robot xyz=(nan, nan, nan)mm  tilt=-
21:19:53.588 [INFO ] SAM3: 1 detection(s) for 'box'
21:19:53.589 [INFO ] SAM3: 'box' score=0.96 @ [563 209 775 619]  (top of 1)
21:19:53.589 [INFO ] SAM3: mask obtained (score=0.960, area=84169 px)
21:19:53.616 [DEBUG] Grasp point: robust centroid (669, 414)
21:19:53.616 [INFO ] MaskTracker: anchor locked (IoU streak=459, last IoU=0.999)
21:19:53.623 [INFO ] frame=459 state=NEAR      c=(670,413) depth=476.6mm  robot xyz=(nan, nan, nan)mm  tilt=-
21:19:53.885 [INFO ] SAM3: 1 detection(s) for 'box'
21:19:53.885 [INFO ] SAM3: 'box' score=0.97 @ [563 209 775 619]  (top of 1)
21:19:53.886 [INFO ] SAM3: mask obtained (score=0.965, area=84126 px)
21:19:53.914 [DEBUG] Grasp point: robust centroid (669, 414)
21:19:53.914 [INFO ] MaskTracker: anchor locked (IoU streak=460, last IoU=0.999)
21:19:53.921 [INFO ] frame=460 state=NEAR      c=(670,413) depth=476.5mm  robot xyz=(nan, nan, nan)mm  tilt=-
21:19:54.183 [INFO ] SAM3: 1 detection(s) for 'box'
21:19:54.184 [INFO ] SAM3: 'box' score=0.96 @ [563 209 775 619]  (top of 1)
21:19:54.184 [INFO ] SAM3: mask obtained (score=0.963, area=84139 px)
21:19:54.211 [DEBUG] Grasp point: robust centroid (669, 414)
21:19:54.211 [INFO ] MaskTracker: anchor locked (IoU streak=461, last IoU=0.999)
21:19:54.218 [INFO ] frame=461 state=NEAR      c=(670,413) depth=476.4mm  robot xyz=(nan, nan, nan)mm  tilt=-
21:19:54.479 [INFO ] SAM3: 1 detection(s) for 'box'
21:19:54.479 [INFO ] SAM3: 'box' score=0.96 @ [563 209 775 619]  (top of 1)
21:19:54.480 [INFO ] SAM3: mask obtained (score=0.963, area=84160 px)
21:19:54.508 [DEBUG] Grasp point: robust centroid (669, 414)
21:19:54.508 [INFO ] MaskTracker: anchor locked (IoU streak=462, last IoU=0.999)
21:19:54.515 [INFO ] frame=462 state=NEAR      c=(670,413) depth=476.2mm  robot xyz=(nan, nan, nan)mm  tilt=-
21:19:54.778 [INFO ] SAM3: 1 detection(s) for 'box'
21:19:54.778 [INFO ] SAM3: 'box' score=0.96 @ [563 209 775 619]  (top of 1)
21:19:54.778 [INFO ] SAM3: mask obtained (score=0.961, area=84153 px)
21:19:54.805 [DEBUG] Grasp point: robust centroid (669, 414)
21:19:54.805 [INFO ] MaskTracker: anchor locked (IoU streak=463, last IoU=0.999)
21:19:54.812 [INFO ] frame=463 state=NEAR      c=(670,413) depth=476.1mm  robot xyz=(nan, nan, nan)mm  tilt=-
21:19:55.075 [INFO ] SAM3: 1 detection(s) for 'box'
21:19:55.075 [INFO ] SAM3: 'box' score=0.96 @ [563 209 775 619]  (top of 1)
21:19:55.075 [INFO ] SAM3: mask obtained (score=0.962, area=84140 px)
21:19:55.103 [DEBUG] Grasp point: robust centroid (669, 414)
21:19:55.103 [INFO ] MaskTracker: anchor locked (IoU streak=464, last IoU=0.999)
21:19:55.109 [INFO ] frame=464 state=NEAR      c=(670,413) depth=476.1mm  robot xyz=(nan, nan, nan)mm  tilt=-
21:19:55.371 [INFO ] SAM3: 1 detection(s) for 'box'
21:19:55.371 [INFO ] SAM3: 'box' score=0.96 @ [563 209 775 619]  (top of 1)
21:19:55.371 [INFO ] SAM3: mask obtained (score=0.963, area=84151 px)
21:19:55.399 [DEBUG] Grasp point: robust centroid (669, 414)
21:19:55.399 [INFO ] MaskTracker: anchor locked (IoU streak=465, last IoU=0.999)
21:19:55.406 [INFO ] frame=465 state=NEAR      c=(670,413) depth=475.9mm  robot xyz=(nan, nan, nan)mm  tilt=-
21:19:55.669 [INFO ] SAM3: 1 detection(s) for 'box'
21:19:55.669 [INFO ] SAM3: 'box' score=0.96 @ [563 209 775 619]  (top of 1)
21:19:55.670 [INFO ] SAM3: mask obtained (score=0.960, area=84188 px)
21:19:55.697 [DEBUG] Grasp point: robust centroid (669, 414)
21:19:55.697 [INFO ] MaskTracker: anchor locked (IoU streak=466, last IoU=0.999)
21:19:55.703 [INFO ] frame=466 state=NEAR      c=(670,413) depth=476.3mm  robot xyz=(nan, nan, nan)mm  tilt=-
21:19:55.964 [INFO ] SAM3: 1 detection(s) for 'box'
21:19:55.965 [INFO ] SAM3: 'box' score=0.96 @ [563 209 775 619]  (top of 1)
21:19:55.965 [INFO ] SAM3: mask obtained (score=0.957, area=84170 px)
21:19:55.991 [DEBUG] Grasp point: robust centroid (670, 414)
21:19:55.992 [INFO ] MaskTracker: anchor locked (IoU streak=467, last IoU=0.999)
21:19:55.998 [INFO ] frame=467 state=NEAR      c=(670,413) depth=476.4mm  robot xyz=(nan, nan, nan)mm  tilt=-
21:19:56.260 [INFO ] SAM3: 1 detection(s) for 'box'
21:19:56.260 [INFO ] SAM3: 'box' score=0.96 @ [563 209 775 619]  (top of 1)
21:19:56.261 [INFO ] SAM3: mask obtained (score=0.959, area=84134 px)
21:19:56.288 [DEBUG] Grasp point: robust centroid (669, 414)
21:19:56.288 [INFO ] MaskTracker: anchor locked (IoU streak=468, last IoU=0.999)
21:19:56.296 [INFO ] frame=468 state=NEAR      c=(670,413) depth=476.1mm  robot xyz=(nan, nan, nan)mm  tilt=-
21:19:56.557 [INFO ] SAM3: 1 detection(s) for 'box'
21:19:56.557 [INFO ] SAM3: 'box' score=0.96 @ [563 209 775 619]  (top of 1)
21:19:56.557 [INFO ] SAM3: mask obtained (score=0.956, area=84148 px)
21:19:56.584 [DEBUG] Grasp point: robust centroid (669, 414)
21:19:56.585 [INFO ] MaskTracker: anchor locked (IoU streak=469, last IoU=0.999)
21:19:56.592 [INFO ] frame=469 state=NEAR      c=(670,413) depth=476.1mm  robot xyz=(nan, nan, nan)mm  tilt=-
21:19:56.854 [INFO ] SAM3: 1 detection(s) for 'box'
21:19:56.854 [INFO ] SAM3: 'box' score=0.96 @ [563 209 775 619]  (top of 1)
21:19:56.854 [INFO ] SAM3: mask obtained (score=0.962, area=84162 px)
21:19:56.883 [DEBUG] Grasp point: robust centroid (669, 414)
21:19:56.883 [INFO ] MaskTracker: anchor locked (IoU streak=470, last IoU=0.999)
21:19:56.890 [INFO ] frame=470 state=NEAR      c=(670,413) depth=476.2mm  robot xyz=(nan, nan, nan)mm  tilt=-
21:19:57.158 [INFO ] SAM3: 1 detection(s) for 'box'
21:19:57.158 [INFO ] SAM3: 'box' score=0.96 @ [563 209 775 619]  (top of 1)
21:19:57.158 [INFO ] SAM3: mask obtained (score=0.958, area=84148 px)
21:19:57.186 [DEBUG] Grasp point: robust centroid (669, 414)
21:19:57.186 [INFO ] MaskTracker: anchor locked (IoU streak=471, last IoU=0.999)
21:19:57.194 [INFO ] frame=471 state=NEAR      c=(670,413) depth=476.1mm  robot xyz=(nan, nan, nan)mm  tilt=-
21:19:57.451 [INFO ] SAM3: 1 detection(s) for 'box'
21:19:57.451 [INFO ] SAM3: 'box' score=0.96 @ [563 209 775 619]  (top of 1)
21:19:57.451 [INFO ] SAM3: mask obtained (score=0.963, area=84132 px)
21:19:57.480 [DEBUG] Grasp point: robust centroid (669, 414)
21:19:57.480 [INFO ] MaskTracker: anchor locked (IoU streak=472, last IoU=0.999)
21:19:57.486 [INFO ] frame=472 state=NEAR      c=(670,413) depth=475.9mm  robot xyz=(nan, nan, nan)mm  tilt=-
21:19:57.751 [INFO ] SAM3: 1 detection(s) for 'box'
21:19:57.751 [INFO ] SAM3: 'box' score=0.96 @ [563 209 775 619]  (top of 1)
21:19:57.751 [INFO ] SAM3: mask obtained (score=0.964, area=84155 px)
21:19:57.778 [DEBUG] Grasp point: robust centroid (669, 414)
21:19:57.779 [INFO ] MaskTracker: anchor locked (IoU streak=473, last IoU=0.999)
21:19:57.785 [INFO ] frame=473 state=NEAR      c=(670,413) depth=476.1mm  robot xyz=(nan, nan, nan)mm  tilt=-
21:19:58.045 [INFO ] SAM3: 1 detection(s) for 'box'
21:19:58.046 [INFO ] SAM3: 'box' score=0.96 @ [563 209 775 619]  (top of 1)
21:19:58.046 [INFO ] SAM3: mask obtained (score=0.960, area=84190 px)
21:19:58.073 [DEBUG] Grasp point: robust centroid (669, 414)
21:19:58.074 [INFO ] MaskTracker: anchor locked (IoU streak=474, last IoU=0.999)
21:19:58.081 [INFO ] frame=474 state=NEAR      c=(670,413) depth=476.3mm  robot xyz=(nan, nan, nan)mm  tilt=-
21:19:58.336 [INFO ] SAM3: 1 detection(s) for 'box'
21:19:58.336 [INFO ] SAM3: 'box' score=0.96 @ [563 209 775 619]  (top of 1)
21:19:58.337 [INFO ] SAM3: mask obtained (score=0.965, area=84182 px)
21:19:58.365 [DEBUG] Grasp point: robust centroid (669, 414)
21:19:58.365 [INFO ] MaskTracker: anchor locked (IoU streak=475, last IoU=0.999)
21:19:58.372 [INFO ] frame=475 state=NEAR      c=(670,413) depth=476.4mm  robot xyz=(nan, nan, nan)mm  tilt=-
21:19:58.632 [INFO ] SAM3: 1 detection(s) for 'box'
21:19:58.632 [INFO ] SAM3: 'box' score=0.96 @ [563 209 775 619]  (top of 1)
21:19:58.632 [INFO ] SAM3: mask obtained (score=0.962, area=84104 px)
21:19:58.661 [DEBUG] Grasp point: robust centroid (669, 414)
21:19:58.661 [INFO ] MaskTracker: anchor locked (IoU streak=476, last IoU=0.999)
21:19:58.668 [INFO ] frame=476 state=NEAR      c=(670,413) depth=476.6mm  robot xyz=(nan, nan, nan)mm  tilt=-
21:19:58.932 [INFO ] SAM3: 1 detection(s) for 'box'
21:19:58.932 [INFO ] SAM3: 'box' score=0.96 @ [563 209 775 619]  (top of 1)
21:19:58.932 [INFO ] SAM3: mask obtained (score=0.964, area=84157 px)
21:19:58.963 [DEBUG] Grasp point: robust centroid (669, 414)
21:19:58.964 [INFO ] MaskTracker: anchor locked (IoU streak=477, last IoU=0.999)
21:19:58.971 [INFO ] frame=477 state=NEAR      c=(670,413) depth=476.7mm  robot xyz=(nan, nan, nan)mm  tilt=-
21:19:59.236 [INFO ] SAM3: 1 detection(s) for 'box'
21:19:59.236 [INFO ] SAM3: 'box' score=0.96 @ [563 209 775 619]  (top of 1)
21:19:59.236 [INFO ] SAM3: mask obtained (score=0.963, area=84182 px)
21:19:59.264 [DEBUG] Grasp point: robust centroid (669, 414)
21:19:59.265 [INFO ] MaskTracker: anchor locked (IoU streak=478, last IoU=0.999)
21:19:59.271 [INFO ] frame=478 state=NEAR      c=(670,413) depth=477.0mm  robot xyz=(nan, nan, nan)mm  tilt=-
21:19:59.535 [INFO ] SAM3: 1 detection(s) for 'box'
21:19:59.536 [INFO ] SAM3: 'box' score=0.96 @ [563 209 775 619]  (top of 1)
21:19:59.536 [INFO ] SAM3: mask obtained (score=0.963, area=84094 px)
21:19:59.563 [DEBUG] Grasp point: robust centroid (669, 414)
21:19:59.564 [INFO ] MaskTracker: anchor locked (IoU streak=479, last IoU=0.999)
21:19:59.570 [INFO ] frame=479 state=NEAR      c=(670,413) depth=476.6mm  robot xyz=(nan, nan, nan)mm  tilt=-
21:19:59.830 [INFO ] SAM3: 1 detection(s) for 'box'
21:19:59.830 [INFO ] SAM3: 'box' score=0.96 @ [563 209 775 619]  (top of 1)
21:19:59.830 [INFO ] SAM3: mask obtained (score=0.962, area=84202 px)
21:19:59.857 [DEBUG] Grasp point: robust centroid (669, 414)
21:19:59.858 [INFO ] MaskTracker: anchor locked (IoU streak=480, last IoU=0.998)
21:19:59.865 [INFO ] frame=480 state=NEAR      c=(670,413) depth=476.6mm  robot xyz=(nan, nan, nan)mm  tilt=-
21:20:00.131 [INFO ] SAM3: 1 detection(s) for 'box'
21:20:00.131 [INFO ] SAM3: 'box' score=0.96 @ [563 209 775 619]  (top of 1)
21:20:00.132 [INFO ] SAM3: mask obtained (score=0.961, area=84165 px)
21:20:00.159 [DEBUG] Grasp point: robust centroid (669, 414)
21:20:00.159 [INFO ] MaskTracker: anchor locked (IoU streak=481, last IoU=0.999)
21:20:00.167 [INFO ] frame=481 state=NEAR      c=(670,413) depth=476.5mm  robot xyz=(nan, nan, nan)mm  tilt=-
21:20:00.431 [INFO ] SAM3: 1 detection(s) for 'box'
21:20:00.431 [INFO ] SAM3: 'box' score=0.96 @ [563 209 775 619]  (top of 1)
21:20:00.432 [INFO ] SAM3: mask obtained (score=0.964, area=84156 px)
21:20:00.459 [DEBUG] Grasp point: robust centroid (669, 414)
21:20:00.460 [INFO ] MaskTracker: anchor locked (IoU streak=482, last IoU=0.999)
21:20:00.467 [INFO ] frame=482 state=NEAR      c=(670,413) depth=476.6mm  robot xyz=(nan, nan, nan)mm  tilt=-
21:20:00.733 [INFO ] SAM3: 1 detection(s) for 'box'
21:20:00.733 [INFO ] SAM3: 'box' score=0.96 @ [563 209 775 619]  (top of 1)
21:20:00.733 [INFO ] SAM3: mask obtained (score=0.963, area=84172 px)
21:20:00.762 [DEBUG] Grasp point: robust centroid (669, 414)
21:20:00.763 [INFO ] MaskTracker: anchor locked (IoU streak=483, last IoU=0.999)
21:20:00.769 [INFO ] frame=483 state=NEAR      c=(670,413) depth=476.6mm  robot xyz=(nan, nan, nan)mm  tilt=-
21:20:01.033 [INFO ] SAM3: 1 detection(s) for 'box'
21:20:01.033 [INFO ] SAM3: 'box' score=0.97 @ [563 209 775 619]  (top of 1)
21:20:01.034 [INFO ] SAM3: mask obtained (score=0.966, area=84138 px)
21:20:01.062 [DEBUG] Grasp point: robust centroid (669, 414)
21:20:01.062 [INFO ] MaskTracker: anchor locked (IoU streak=484, last IoU=0.999)
21:20:01.069 [INFO ] frame=484 state=NEAR      c=(670,413) depth=476.4mm  robot xyz=(nan, nan, nan)mm  tilt=-
21:20:01.338 [INFO ] SAM3: 1 detection(s) for 'box'
21:20:01.338 [INFO ] SAM3: 'box' score=0.96 @ [563 209 775 619]  (top of 1)
21:20:01.338 [INFO ] SAM3: mask obtained (score=0.962, area=84163 px)
21:20:01.367 [DEBUG] Grasp point: robust centroid (669, 414)
21:20:01.368 [INFO ] MaskTracker: anchor locked (IoU streak=485, last IoU=0.999)
21:20:01.375 [INFO ] frame=485 state=NEAR      c=(670,413) depth=476.3mm  robot xyz=(nan, nan, nan)mm  tilt=-
21:20:01.641 [INFO ] SAM3: 1 detection(s) for 'box'
21:20:01.641 [INFO ] SAM3: 'box' score=0.96 @ [563 209 775 619]  (top of 1)
21:20:01.641 [INFO ] SAM3: mask obtained (score=0.962, area=84165 px)
21:20:01.669 [DEBUG] Grasp point: robust centroid (669, 414)
21:20:01.670 [INFO ] MaskTracker: anchor locked (IoU streak=486, last IoU=0.999)
21:20:01.676 [INFO ] frame=486 state=NEAR      c=(670,413) depth=476.7mm  robot xyz=(nan, nan, nan)mm  tilt=-
21:20:01.940 [INFO ] SAM3: 1 detection(s) for 'box'
21:20:01.940 [INFO ] SAM3: 'box' score=0.96 @ [563 209 775 619]  (top of 1)
21:20:01.940 [INFO ] SAM3: mask obtained (score=0.964, area=84152 px)
21:20:01.967 [DEBUG] Grasp point: robust centroid (669, 414)
21:20:01.967 [INFO ] MaskTracker: anchor locked (IoU streak=487, last IoU=0.999)
21:20:01.974 [INFO ] frame=487 state=NEAR      c=(670,413) depth=476.4mm  robot xyz=(nan, nan, nan)mm  tilt=-
21:20:02.235 [INFO ] SAM3: 1 detection(s) for 'box'
21:20:02.235 [INFO ] SAM3: 'box' score=0.96 @ [563 209 775 619]  (top of 1)
21:20:02.236 [INFO ] SAM3: mask obtained (score=0.959, area=84132 px)
21:20:02.263 [DEBUG] Grasp point: robust centroid (669, 414)
21:20:02.264 [INFO ] MaskTracker: anchor locked (IoU streak=488, last IoU=0.999)
21:20:02.270 [INFO ] frame=488 state=NEAR      c=(670,413) depth=476.6mm  robot xyz=(nan, nan, nan)mm  tilt=-
21:20:02.534 [INFO ] SAM3: 1 detection(s) for 'box'
21:20:02.534 [INFO ] SAM3: 'box' score=0.96 @ [563 209 775 619]  (top of 1)
21:20:02.534 [INFO ] SAM3: mask obtained (score=0.964, area=84197 px)
21:20:02.563 [DEBUG] Grasp point: robust centroid (670, 414)
21:20:02.564 [INFO ] MaskTracker: anchor locked (IoU streak=489, last IoU=0.999)
21:20:02.570 [INFO ] frame=489 state=NEAR      c=(670,413) depth=476.4mm  robot xyz=(nan, nan, nan)mm  tilt=-
21:20:02.831 [INFO ] SAM3: 1 detection(s) for 'box'
21:20:02.832 [INFO ] SAM3: 'box' score=0.96 @ [563 209 775 619]  (top of 1)
21:20:02.832 [INFO ] SAM3: mask obtained (score=0.962, area=84159 px)
21:20:02.859 [DEBUG] Grasp point: robust centroid (669, 414)
21:20:02.860 [INFO ] MaskTracker: anchor locked (IoU streak=490, last IoU=0.999)
21:20:02.866 [INFO ] frame=490 state=NEAR      c=(670,413) depth=476.8mm  robot xyz=(nan, nan, nan)mm  tilt=-
21:20:03.132 [INFO ] SAM3: 1 detection(s) for 'box'
21:20:03.132 [INFO ] SAM3: 'box' score=0.96 @ [563 209 775 619]  (top of 1)
21:20:03.132 [INFO ] SAM3: mask obtained (score=0.964, area=84144 px)
21:20:03.158 [DEBUG] Grasp point: robust centroid (669, 414)
21:20:03.159 [INFO ] MaskTracker: anchor locked (IoU streak=491, last IoU=0.999)
21:20:03.165 [INFO ] frame=491 state=NEAR      c=(670,413) depth=476.9mm  robot xyz=(nan, nan, nan)mm  tilt=-
21:20:03.428 [INFO ] SAM3: 1 detection(s) for 'box'
21:20:03.429 [INFO ] SAM3: 'box' score=0.96 @ [563 209 775 619]  (top of 1)
21:20:03.429 [INFO ] SAM3: mask obtained (score=0.960, area=84166 px)
21:20:03.456 [DEBUG] Grasp point: robust centroid (669, 414)
21:20:03.457 [INFO ] MaskTracker: anchor locked (IoU streak=492, last IoU=0.999)
21:20:03.464 [INFO ] frame=492 state=NEAR      c=(670,413) depth=476.6mm  robot xyz=(nan, nan, nan)mm  tilt=-
21:20:03.727 [INFO ] SAM3: 1 detection(s) for 'box'
21:20:03.727 [INFO ] SAM3: 'box' score=0.96 @ [563 209 775 619]  (top of 1)
21:20:03.728 [INFO ] SAM3: mask obtained (score=0.961, area=84138 px)
21:20:03.754 [DEBUG] Grasp point: robust centroid (669, 414)
21:20:03.755 [INFO ] MaskTracker: anchor locked (IoU streak=493, last IoU=0.999)
21:20:03.762 [INFO ] frame=493 state=NEAR      c=(670,413) depth=476.6mm  robot xyz=(nan, nan, nan)mm  tilt=-
21:20:04.022 [INFO ] SAM3: 1 detection(s) for 'box'
21:20:04.023 [INFO ] SAM3: 'box' score=0.96 @ [563 209 775 619]  (top of 1)
21:20:04.023 [INFO ] SAM3: mask obtained (score=0.961, area=84168 px)
21:20:04.051 [DEBUG] Grasp point: robust centroid (669, 414)
21:20:04.052 [INFO ] MaskTracker: anchor locked (IoU streak=494, last IoU=0.999)
21:20:04.059 [INFO ] frame=494 state=NEAR      c=(670,413) depth=476.6mm  robot xyz=(nan, nan, nan)mm  tilt=-
21:20:04.321 [INFO ] SAM3: 1 detection(s) for 'box'
21:20:04.322 [INFO ] SAM3: 'box' score=0.96 @ [563 209 775 619]  (top of 1)
21:20:04.322 [INFO ] SAM3: mask obtained (score=0.962, area=84152 px)
21:20:04.349 [DEBUG] Grasp point: robust centroid (669, 414)
21:20:04.350 [INFO ] MaskTracker: anchor locked (IoU streak=495, last IoU=0.999)
21:20:04.356 [INFO ] frame=495 state=NEAR      c=(670,413) depth=476.6mm  robot xyz=(nan, nan, nan)mm  tilt=-
21:20:04.617 [INFO ] SAM3: 1 detection(s) for 'box'
21:20:04.618 [INFO ] SAM3: 'box' score=0.96 @ [563 209 776 619]  (top of 1)
21:20:04.618 [INFO ] SAM3: mask obtained (score=0.963, area=84110 px)
21:20:04.646 [DEBUG] Grasp point: robust centroid (669, 414)
21:20:04.646 [INFO ] MaskTracker: anchor locked (IoU streak=496, last IoU=0.999)
21:20:04.652 [INFO ] frame=496 state=NEAR      c=(670,413) depth=476.3mm  robot xyz=(nan, nan, nan)mm  tilt=-
21:20:04.914 [INFO ] SAM3: 1 detection(s) for 'box'
21:20:04.915 [INFO ] SAM3: 'box' score=0.96 @ [563 209 775 619]  (top of 1)
21:20:04.915 [INFO ] SAM3: mask obtained (score=0.959, area=84122 px)
21:20:04.942 [DEBUG] Grasp point: robust centroid (669, 414)
21:20:04.942 [INFO ] MaskTracker: anchor locked (IoU streak=497, last IoU=0.999)
21:20:04.948 [INFO ] frame=497 state=NEAR      c=(670,413) depth=476.6mm  robot xyz=(nan, nan, nan)mm  tilt=-
21:20:05.210 [INFO ] SAM3: 1 detection(s) for 'box'
21:20:05.210 [INFO ] SAM3: 'box' score=0.95 @ [563 209 775 619]  (top of 1)
21:20:05.211 [INFO ] SAM3: mask obtained (score=0.954, area=84170 px)
21:20:05.238 [DEBUG] Grasp point: robust centroid (669, 414)
21:20:05.238 [INFO ] MaskTracker: anchor locked (IoU streak=498, last IoU=0.999)
21:20:05.245 [INFO ] frame=498 state=NEAR      c=(670,413) depth=476.4mm  robot xyz=(nan, nan, nan)mm  tilt=-
21:20:05.512 [INFO ] SAM3: 1 detection(s) for 'box'
21:20:05.512 [INFO ] SAM3: 'box' score=0.96 @ [563 209 775 619]  (top of 1)
21:20:05.513 [INFO ] SAM3: mask obtained (score=0.964, area=84130 px)
21:20:05.541 [DEBUG] Grasp point: robust centroid (669, 414)
21:20:05.542 [INFO ] MaskTracker: anchor locked (IoU streak=499, last IoU=0.999)
21:20:05.548 [INFO ] frame=499 state=NEAR      c=(670,413) depth=476.6mm  robot xyz=(nan, nan, nan)mm  tilt=-
21:20:05.814 [INFO ] SAM3: 1 detection(s) for 'box'
21:20:05.814 [INFO ] SAM3: 'box' score=0.97 @ [563 209 776 619]  (top of 1)
21:20:05.814 [INFO ] SAM3: mask obtained (score=0.966, area=84140 px)
21:20:05.841 [DEBUG] Grasp point: robust centroid (669, 414)
21:20:05.841 [INFO ] MaskTracker: anchor locked (IoU streak=500, last IoU=0.999)
21:20:05.848 [INFO ] frame=500 state=NEAR      c=(670,413) depth=476.7mm  robot xyz=(nan, nan, nan)mm  tilt=-
21:20:06.113 [INFO ] SAM3: 1 detection(s) for 'box'
21:20:06.113 [INFO ] SAM3: 'box' score=0.96 @ [563 209 775 619]  (top of 1)
21:20:06.113 [INFO ] SAM3: mask obtained (score=0.963, area=84152 px)
21:20:06.145 [DEBUG] Grasp point: robust centroid (669, 414)
21:20:06.146 [INFO ] MaskTracker: anchor locked (IoU streak=501, last IoU=0.999)
21:20:06.153 [INFO ] frame=501 state=NEAR      c=(670,413) depth=476.8mm  robot xyz=(nan, nan, nan)mm  tilt=-
21:20:06.419 [INFO ] SAM3: 1 detection(s) for 'box'
21:20:06.419 [INFO ] SAM3: 'box' score=0.96 @ [563 209 775 619]  (top of 1)
21:20:06.419 [INFO ] SAM3: mask obtained (score=0.962, area=84151 px)
21:20:06.447 [DEBUG] Grasp point: robust centroid (669, 414)
21:20:06.447 [INFO ] MaskTracker: anchor locked (IoU streak=502, last IoU=0.999)
21:20:06.454 [INFO ] frame=502 state=NEAR      c=(670,413) depth=476.8mm  robot xyz=(nan, nan, nan)mm  tilt=-
21:20:06.723 [INFO ] SAM3: 1 detection(s) for 'box'
21:20:06.723 [INFO ] SAM3: 'box' score=0.96 @ [563 209 775 619]  (top of 1)
21:20:06.724 [INFO ] SAM3: mask obtained (score=0.960, area=84134 px)
21:20:06.750 [DEBUG] Grasp point: robust centroid (669, 414)
21:20:06.751 [INFO ] MaskTracker: anchor locked (IoU streak=503, last IoU=0.999)
21:20:06.758 [INFO ] frame=503 state=NEAR      c=(670,413) depth=476.8mm  robot xyz=(nan, nan, nan)mm  tilt=-
21:20:07.021 [INFO ] SAM3: 1 detection(s) for 'box'
21:20:07.021 [INFO ] SAM3: 'box' score=0.96 @ [563 209 775 619]  (top of 1)
21:20:07.021 [INFO ] SAM3: mask obtained (score=0.963, area=84125 px)
21:20:07.049 [DEBUG] Grasp point: robust centroid (669, 414)
21:20:07.050 [INFO ] MaskTracker: anchor locked (IoU streak=504, last IoU=0.999)
21:20:07.057 [INFO ] frame=504 state=NEAR      c=(670,413) depth=476.6mm  robot xyz=(nan, nan, nan)mm  tilt=-
21:20:07.325 [INFO ] SAM3: 1 detection(s) for 'box'
21:20:07.325 [INFO ] SAM3: 'box' score=0.96 @ [563 209 775 619]  (top of 1)
21:20:07.325 [INFO ] SAM3: mask obtained (score=0.965, area=84135 px)
