18:54:20.718 [INFO ] Logging to /data/user/akanksha/repo/visual_servoing_for_suction_grippers/logs/servo_lastmile_20260510_185420.log
18:54:20.719 [INFO ] ======================================================================
18:54:20.719 [INFO ] servo_lastmile_v2_ext starting
18:54:20.719 [INFO ]   detector=sam3  prompt=box  ref=masked_objects/protein_bar.png  hand-eye=None
18:54:20.719 [INFO ]   offline=False  debug=False  dry-run=False  no-robot=False
18:54:20.719 [INFO ] ======================================================================
18:54:20.735 [INFO ] PyZED available - will use ZED SDK for capture and SVO recording
18:54:21.805 [INFO ] Robot connected: 192.168.1.241
18:54:21.805 [INFO ] Home position captured: [181.3, -7.5, -48.6] mm
18:54:21.812 [INFO ] Processing reference image ...
18:54:25.359 [INFO ] SAM3 loaded: facebook/sam3 on cuda
18:54:25.870 [INFO ] SAM3: 1 detection(s) for 'box'
18:54:25.870 [INFO ] Ref image: detected 'box' score=0.96 @ [  2   1 423 715]
18:54:25.959 [INFO ] Feature extractor (ResNet-18) loaded
18:54:25.983 [INFO ] Ref features: 512-d vector (norm=1.000)
18:54:25.984 [WARNING] Hand-eye: no path supplied; using identity. Signal A (locked-3D projection) will be unreliable. Run a one-time calibrateHandEye to populate.
18:54:25.984 [INFO ] LastMilePipelineV2Ext: detector_name=sam3
18:54:28.043 [INFO ] SAM3: 1 detection(s) for 'box'
18:54:28.045 [DEBUG]   det conf=0.96 sim=0.925 pos=0.43 prox=0.00 -> 0.623
18:54:28.047 [INFO ] SAM3: 'box' score=0.96 @ [563 206 776 616]  (top of 1)  sim=0.925
18:54:28.047 [INFO ] SAM3: mask obtained (score=0.963, area=84039 px)
18:54:28.228 [INFO ] Calibration thread: starting Y/Z Jacobian calibration.
18:54:28.228 [INFO ] === Calibration: waiting for camera frame ===
18:54:28.229 [INFO ] Home: [181.3, -7.5, -48.6] mm
18:54:28.272 [DEBUG] Grasp point: robust centroid (669, 411)
18:54:28.274 [DEBUG] Servo: waiting [calibrating Y...]
18:54:28.287 [INFO ] frame=0 state=FAR       c=(670,410) z=478.2mm tilt=- tilt_corr=False
18:54:28.529 [INFO ]   [Y] moving +25 mm at 30 mm/s...
18:54:28.563 [INFO ] SAM3: 1 detection(s) for 'box'
18:54:28.565 [DEBUG]   det conf=0.97 sim=0.926 pos=0.43 prox=1.00 -> 0.873
18:54:28.567 [INFO ] SAM3: 'box' score=0.97 @ [563 206 776 616]  (top of 1)  sim=0.926
18:54:28.567 [INFO ] SAM3: mask obtained (score=0.965, area=84025 px)
18:54:28.596 [DEBUG] Grasp point: robust centroid (670, 411)
18:54:28.609 [INFO ] frame=1 state=FAR       c=(670,410) z=478.3mm tilt=- tilt_corr=False
18:54:28.874 [INFO ] SAM3: 1 detection(s) for 'box'
18:54:28.877 [DEBUG]   det conf=0.97 sim=0.924 pos=0.43 prox=1.00 -> 0.873
18:54:28.879 [INFO ] SAM3: 'box' score=0.97 @ [563 206 776 616]  (top of 1)  sim=0.924
18:54:28.879 [INFO ] SAM3: mask obtained (score=0.966, area=83988 px)
18:54:28.916 [DEBUG] Grasp point: robust centroid (670, 411)
18:54:31.195 [INFO ]   [Y] returning home...
18:54:31.865 [INFO ] frame=2 state=NEAR      c=(670,410) z=478.3mm tilt=- tilt_corr=False
18:54:32.142 [INFO ] SAM3: 1 detection(s) for 'box'
18:54:32.145 [DEBUG]   det conf=0.96 sim=0.923 pos=0.43 prox=0.94 -> 0.856
18:54:32.147 [INFO ] SAM3: 'box' score=0.96 @ [584 207 796 617]  (top of 1)  sim=0.923
18:54:32.147 [INFO ] SAM3: mask obtained (score=0.962, area=84490 px)
18:54:32.175 [DEBUG] Grasp point: robust centroid (691, 412)
18:54:32.194 [INFO ] frame=3 state=NEAR      c=(691,412) z=478.6mm tilt=1.0° tilt_corr=False
18:54:32.366 [WARNING]   [Y] flow too small (0.00 px < 1.0 px threshold) — axis ignored to prevent runaway. Try moving the robot closer or increasing CAL_DELTA.
18:54:32.479 [INFO ] SAM3: 1 detection(s) for 'box'
18:54:32.482 [DEBUG]   det conf=0.96 sim=0.923 pos=0.43 prox=0.95 -> 0.859
18:54:32.484 [INFO ] SAM3: 'box' score=0.96 @ [569 208 781 618]  (top of 1)  sim=0.923
18:54:32.484 [INFO ] SAM3: mask obtained (score=0.957, area=84311 px)
18:54:32.527 [DEBUG] Grasp point: robust centroid (675, 414)
18:54:32.549 [INFO ] frame=4 state=NEAR      c=(680,412) z=478.2mm tilt=3.6° tilt_corr=False
18:54:32.667 [INFO ]   [Z] moving +25 mm at 30 mm/s...
18:54:32.825 [INFO ] SAM3: 1 detection(s) for 'box'
18:54:32.828 [DEBUG]   det conf=0.97 sim=0.921 pos=0.42 prox=0.98 -> 0.867
18:54:32.830 [INFO ] SAM3: 'box' score=0.97 @ [563 209 775 619]  (top of 1)  sim=0.921
18:54:32.830 [INFO ] SAM3: mask obtained (score=0.967, area=84079 px)
18:54:32.858 [DEBUG] Grasp point: robust centroid (669, 414)
18:54:32.877 [INFO ] frame=5 state=NEAR      c=(673,413) z=477.9mm tilt=2.9° tilt_corr=False
18:54:33.162 [INFO ] SAM3: 1 detection(s) for 'box'
18:54:33.165 [DEBUG]   det conf=0.96 sim=0.915 pos=0.42 prox=1.00 -> 0.866
18:54:33.167 [INFO ] SAM3: 'box' score=0.96 @ [563 209 775 620]  (top of 1)  sim=0.915
18:54:33.167 [INFO ] SAM3: mask obtained (score=0.959, area=84170 px)
18:54:33.195 [DEBUG] Grasp point: robust centroid (669, 415)
18:54:33.214 [INFO ] frame=6 state=NEAR      c=(671,413) z=477.8mm tilt=1.2° tilt_corr=False
18:54:33.488 [INFO ] SAM3: 1 detection(s) for 'box'
18:54:33.491 [DEBUG]   det conf=0.96 sim=0.919 pos=0.41 prox=0.96 -> 0.858
18:54:33.492 [INFO ] SAM3: 'box' score=0.96 @ [563 221 775 632]  (top of 1)  sim=0.919
18:54:33.492 [INFO ] SAM3: mask obtained (score=0.961, area=84304 px)
18:54:33.520 [DEBUG] Grasp point: robust centroid (669, 427)
18:54:33.528 [DEBUG] Servo: waiting [calibrating Z...]
18:54:33.540 [INFO ] frame=7 state=NEAR      c=(670,422) z=477.9mm tilt=3.6° tilt_corr=False
18:54:33.822 [INFO ] SAM3: 1 detection(s) for 'box'
18:54:33.826 [DEBUG]   det conf=0.97 sim=0.926 pos=0.39 prox=0.95 -> 0.856
18:54:33.827 [INFO ] SAM3: 'box' score=0.97 @ [563 237 775 647]  (top of 1)  sim=0.926
18:54:33.828 [INFO ] SAM3: mask obtained (score=0.972, area=84169 px)
18:54:33.855 [DEBUG] Grasp point: robust centroid (668, 442)
18:54:33.855 [INFO ] MaskTracker: anchor locked (IoU streak=5, last IoU=0.923)
18:54:33.874 [INFO ] frame=8 state=NEAR      c=(670,435) z=478.1mm tilt=0.6° tilt_corr=False
18:54:34.151 [INFO ] SAM3: 1 detection(s) for 'box'
18:54:34.154 [DEBUG]   det conf=0.97 sim=0.920 pos=0.37 prox=0.96 -> 0.854
18:54:34.156 [INFO ] SAM3: 'box' score=0.97 @ [563 248 775 657]  (top of 1)  sim=0.920
18:54:34.157 [INFO ] SAM3: mask obtained (score=0.971, area=83910 px)
18:54:34.188 [DEBUG] Grasp point: robust centroid (669, 453)
18:54:34.189 [INFO ] MaskTracker: anchor locked (IoU streak=6, last IoU=0.944)
18:54:34.212 [INFO ] frame=9 state=NEAR      c=(669,447) z=478.4mm tilt=1.3° tilt_corr=False
18:54:34.491 [INFO ] SAM3: 1 detection(s) for 'box'
18:54:34.493 [DEBUG]   det conf=0.97 sim=0.923 pos=0.37 prox=1.00 -> 0.863
18:54:34.496 [INFO ] SAM3: 'box' score=0.97 @ [563 249 775 657]  (top of 1)  sim=0.923
18:54:34.496 [INFO ] SAM3: mask obtained (score=0.969, area=83836 px)
18:54:34.525 [DEBUG] Grasp point: robust centroid (668, 454)
18:54:34.525 [INFO ] MaskTracker: anchor locked (IoU streak=7, last IoU=0.998)
18:54:34.547 [INFO ] frame=10 state=NEAR      c=(669,451) z=478.3mm tilt=1.2° tilt_corr=False
18:54:34.828 [INFO ] SAM3: 1 detection(s) for 'box'
18:54:34.831 [DEBUG]   det conf=0.97 sim=0.924 pos=0.37 prox=1.00 -> 0.863
18:54:34.832 [INFO ] SAM3: 'box' score=0.97 @ [563 249 775 657]  (top of 1)  sim=0.924
18:54:34.833 [INFO ] SAM3: mask obtained (score=0.972, area=83890 px)
18:54:34.861 [DEBUG] Grasp point: robust centroid (668, 454)
18:54:34.861 [INFO ] MaskTracker: anchor locked (IoU streak=8, last IoU=0.999)
18:54:34.878 [INFO ] frame=11 state=NEAR      c=(669,452) z=478.4mm tilt=1.4° tilt_corr=False
18:54:35.142 [INFO ] SAM3: 1 detection(s) for 'box'
18:54:35.145 [DEBUG]   det conf=0.97 sim=0.923 pos=0.37 prox=1.00 -> 0.863
18:54:35.147 [INFO ] SAM3: 'box' score=0.97 @ [563 249 775 657]  (top of 1)  sim=0.923
18:54:35.147 [INFO ] SAM3: mask obtained (score=0.971, area=83873 px)
18:54:35.178 [DEBUG] Grasp point: robust centroid (668, 454)
18:54:35.179 [INFO ] MaskTracker: anchor locked (IoU streak=9, last IoU=0.999)
18:54:35.201 [INFO ] frame=12 state=NEAR      c=(669,452) z=478.5mm tilt=0.9° tilt_corr=False
18:54:35.331 [INFO ]   [Z] returning home...
18:54:35.484 [INFO ] SAM3: 1 detection(s) for 'box'
18:54:35.487 [DEBUG]   det conf=0.97 sim=0.924 pos=0.37 prox=1.00 -> 0.863
18:54:35.489 [INFO ] SAM3: 'box' score=0.97 @ [563 249 775 658]  (top of 1)  sim=0.924
18:54:35.489 [INFO ] SAM3: mask obtained (score=0.970, area=83886 px)
18:54:35.518 [DEBUG] Grasp point: robust centroid (668, 454)
18:54:35.518 [INFO ] MaskTracker: anchor locked (IoU streak=10, last IoU=0.999)
18:54:35.537 [INFO ] frame=13 state=NEAR      c=(669,452) z=478.6mm tilt=0.3° tilt_corr=False
18:54:35.817 [INFO ] SAM3: 1 detection(s) for 'box'
18:54:35.820 [DEBUG]   det conf=0.97 sim=0.924 pos=0.37 prox=1.00 -> 0.863
18:54:35.822 [INFO ] SAM3: 'box' score=0.97 @ [563 249 775 657]  (top of 1)  sim=0.924
18:54:35.822 [INFO ] SAM3: mask obtained (score=0.970, area=83860 px)
18:54:35.850 [DEBUG] Grasp point: robust centroid (668, 454)
18:54:35.851 [INFO ] MaskTracker: anchor locked (IoU streak=11, last IoU=0.999)
18:54:35.868 [INFO ] frame=14 state=NEAR      c=(669,452) z=478.8mm tilt=2.1° tilt_corr=False
18:54:36.148 [INFO ] SAM3: 1 detection(s) for 'box'
18:54:36.151 [DEBUG]   det conf=0.97 sim=0.924 pos=0.39 prox=0.96 -> 0.857
18:54:36.154 [INFO ] SAM3: 'box' score=0.97 @ [563 237 775 646]  (top of 1)  sim=0.924
18:54:36.154 [INFO ] SAM3: mask obtained (score=0.969, area=83757 px)
18:54:36.184 [DEBUG] Grasp point: robust centroid (668, 442)
18:54:36.185 [INFO ] MaskTracker: anchor locked (IoU streak=12, last IoU=0.942)
18:54:36.203 [INFO ] frame=15 state=NEAR      c=(669,444) z=478.8mm tilt=3.4° tilt_corr=False
18:54:36.473 [INFO ] SAM3: 1 detection(s) for 'box'
18:54:36.476 [DEBUG]   det conf=0.96 sim=0.923 pos=0.41 prox=0.95 -> 0.857
18:54:36.479 [INFO ] SAM3: 'box' score=0.96 @ [563 222 775 631]  (top of 1)  sim=0.923
18:54:36.479 [INFO ] SAM3: mask obtained (score=0.964, area=83994 px)
18:54:36.500 [INFO ]   [Z] flow: (-0.4, +39.5) px / 25 mm  -> J[:,{col}]=[-0.0168, +1.5800]
18:54:36.501 [INFO ] J_yz (px/mm):
[[ 0.         -0.01677246]
 [ 0.          1.58003906]]
18:54:36.502 [INFO ] J_yz_inv (mm/px):
[[ 0.          0.        ]
 [-0.00671757  0.63282444]]
18:54:36.503 [INFO ] === Calibration complete [partial cal (rank=1)] ===
18:54:36.508 [DEBUG] Grasp point: robust centroid (668, 427)
18:54:36.508 [INFO ] MaskTracker: anchor locked (IoU streak=13, last IoU=0.926)
18:54:37.223 [INFO ] Servo: err=(+29,+71)px r=77  Δ=(+0.0,-0.0,-12.0)mm  pos=(181,-7,-61)  [partial cal (rank=1)]
18:54:37.238 [INFO ] frame=16 state=NEAR      c=(669,431) z=478.7mm tilt=3.3° tilt_corr=False
18:54:37.521 [INFO ] SAM3: 1 detection(s) for 'box'
18:54:37.524 [DEBUG]   det conf=0.96 sim=0.931 pos=0.45 prox=0.90 -> 0.855
18:54:37.526 [INFO ] SAM3: 'box' score=0.96 @ [554 189 775 604]  (top of 1)  sim=0.931
18:54:37.526 [INFO ] SAM3: mask obtained (score=0.963, area=84612 px)
18:54:37.554 [DEBUG] Grasp point: robust centroid (665, 396)
18:54:37.555 [INFO ] MaskTracker: anchor locked (IoU streak=14, last IoU=0.831)
18:54:38.270 [INFO ] Servo: err=(+26,+46)px r=53  Δ=(+0.0,-0.0,-12.0)mm  pos=(181,-7,-73)  [partial cal (rank=1)]
18:54:38.283 [INFO ] frame=17 state=NEAR      c=(666,406) z=477.5mm tilt=1.5° tilt_corr=False
18:54:38.560 [INFO ] SAM3: 1 detection(s) for 'box'
18:54:38.563 [DEBUG]   det conf=0.96 sim=0.934 pos=0.47 prox=0.96 -> 0.873
18:54:38.564 [INFO ] SAM3: 'box' score=0.96 @ [551 174 775 589]  (top of 1)  sim=0.934
18:54:38.565 [INFO ] SAM3: mask obtained (score=0.965, area=84718 px)
18:54:38.593 [DEBUG] Grasp point: robust centroid (664, 381)
18:54:38.594 [INFO ] MaskTracker: anchor locked (IoU streak=15, last IoU=0.921)
18:54:39.259 [INFO ] Servo: err=(+25,+28)px r=37  Δ=(+5.0,-0.0,-8.9)mm  pos=(186,-7,-82)  [partial cal (rank=1)]
18:54:39.270 [INFO ] frame=18 state=NEAR      c=(665,388) z=477.6mm tilt=1.1° tilt_corr=False
18:54:39.551 [INFO ] SAM3: 1 detection(s) for 'box'
18:54:39.553 [DEBUG]   det conf=0.97 sim=0.935 pos=0.49 prox=0.96 -> 0.878
18:54:39.555 [INFO ] SAM3: 'box' score=0.97 @ [552 158 776 577]  (top of 1)  sim=0.935
18:54:39.555 [INFO ] SAM3: mask obtained (score=0.970, area=86364 px)
18:54:39.584 [DEBUG] Grasp point: robust centroid (665, 368)
18:54:39.584 [INFO ] MaskTracker: anchor locked (IoU streak=16, last IoU=0.922)
18:54:40.148 [INFO ] Servo: err=(+25,+13)px r=28  Δ=(+5.0,-0.0,-4.2)mm  pos=(191,-7,-86)  [partial cal (rank=1)]
18:54:40.160 [INFO ] frame=19 state=NEAR      c=(665,373) z=473.8mm tilt=1.0° tilt_corr=False
18:54:40.440 [INFO ] SAM3: 1 detection(s) for 'box'
18:54:40.443 [DEBUG]   det conf=0.97 sim=0.935 pos=0.50 prox=0.98 -> 0.883
18:54:40.445 [INFO ] SAM3: 'box' score=0.97 @ [551 148 777 572]  (top of 1)  sim=0.935
18:54:40.445 [INFO ] SAM3: mask obtained (score=0.968, area=88218 px)
18:54:40.472 [DEBUG] Grasp point: robust centroid (666, 360)
18:54:40.473 [INFO ] MaskTracker: anchor locked (IoU streak=17, last IoU=0.953)
18:54:40.985 [INFO ] Servo: err=(+25,+3)px r=25  Δ=(+5.0,-0.0,-1.0)mm  pos=(196,-7,-87)  [partial cal (rank=1)]
18:54:41.000 [INFO ] frame=20 state=NEAR      c=(665,363) z=469.3mm tilt=0.7° tilt_corr=False
18:54:41.261 [INFO ] SAM3: 1 detection(s) for 'box'
18:54:41.264 [DEBUG]   det conf=0.96 sim=0.925 pos=0.50 prox=1.00 -> 0.883
18:54:41.265 [INFO ] SAM3: 'box' score=0.96 @ [550 144 779 573]  (top of 1)  sim=0.925
18:54:41.266 [INFO ] SAM3: mask obtained (score=0.965, area=90159 px)
18:54:41.294 [DEBUG] Grasp point: robust centroid (666, 358)
18:54:41.294 [INFO ] MaskTracker: anchor locked (IoU streak=18, last IoU=0.978)
18:54:41.759 [INFO ] Servo: err=(+25,-1)px r=25  Δ=(+5.0,-0.0,+0.4)mm  pos=(201,-7,-86)  [partial cal (rank=1)]
18:54:41.770 [INFO ] frame=21 state=NEAR      c=(665,359) z=463.9mm tilt=0.5° tilt_corr=False
18:54:42.052 [INFO ] SAM3: 1 detection(s) for 'box'
18:54:42.055 [DEBUG]   det conf=0.97 sim=0.938 pos=0.50 prox=1.00 -> 0.891
18:54:42.057 [INFO ] SAM3: 'box' score=0.97 @ [550 141 781 574]  (top of 1)  sim=0.938
18:54:42.057 [INFO ] SAM3: mask obtained (score=0.967, area=91849 px)
18:54:42.085 [DEBUG] Grasp point: robust centroid (666, 358)
18:54:42.085 [INFO ] MaskTracker: anchor locked (IoU streak=19, last IoU=0.981)
18:54:42.598 [INFO ] Servo: err=(+26,-2)px r=26  Δ=(+5.0,-0.0,+0.8)mm  pos=(206,-7,-85)  [partial cal (rank=1)]
18:54:42.610 [INFO ] frame=22 state=NEAR      c=(666,358) z=459.4mm tilt=1.3° tilt_corr=False
18:54:42.891 [INFO ] SAM3: 1 detection(s) for 'box'
18:54:42.894 [DEBUG]   det conf=0.96 sim=0.936 pos=0.50 prox=1.00 -> 0.889
18:54:42.896 [INFO ] SAM3: 'box' score=0.96 @ [549 140 783 577]  (top of 1)  sim=0.936
18:54:42.896 [INFO ] SAM3: mask obtained (score=0.965, area=93978 px)
18:54:42.929 [DEBUG] Grasp point: robust centroid (666, 359)
18:54:42.929 [INFO ] MaskTracker: anchor locked (IoU streak=20, last IoU=0.977)
18:54:43.442 [INFO ] Servo: err=(+26,-2)px r=26  Δ=(+5.0,-0.0,+0.7)mm  pos=(211,-7,-85)  [partial cal (rank=1)]
18:54:43.454 [INFO ] frame=23 state=NEAR      c=(666,358) z=454.4mm tilt=0.8° tilt_corr=False
18:54:43.742 [INFO ] SAM3: 1 detection(s) for 'box'
18:54:43.745 [DEBUG]   det conf=0.96 sim=0.933 pos=0.50 prox=0.98 -> 0.884
18:54:43.747 [INFO ] SAM3: 'box' score=0.96 @ [552 138 789 581]  (top of 1)  sim=0.933
18:54:43.747 [INFO ] SAM3: mask obtained (score=0.965, area=96198 px)
18:54:43.774 [DEBUG] Grasp point: robust centroid (672, 359)
18:54:43.775 [INFO ] MaskTracker: anchor locked (IoU streak=21, last IoU=0.945)
18:54:44.287 [INFO ] Servo: err=(+30,-1)px r=30  Δ=(+5.0,-0.0,+0.5)mm  pos=(216,-7,-84)  [partial cal (rank=1)]
18:54:44.298 [INFO ] frame=24 state=NEAR      c=(670,359) z=448.5mm tilt=1.2° tilt_corr=False
18:54:44.577 [INFO ] SAM3: 1 detection(s) for 'box'
18:54:44.580 [DEBUG]   det conf=0.97 sim=0.934 pos=0.50 prox=0.99 -> 0.887
18:54:44.583 [INFO ] SAM3: 'box' score=0.97 @ [551 136 792 584]  (top of 1)  sim=0.934
18:54:44.583 [INFO ] SAM3: mask obtained (score=0.967, area=98519 px)
18:54:44.611 [DEBUG] Grasp point: robust centroid (672, 360)
18:54:44.611 [INFO ] MaskTracker: anchor locked (IoU streak=22, last IoU=0.976)
18:54:45.124 [INFO ] Servo: err=(+32,-1)px r=32  Δ=(+5.0,-0.0,+0.3)mm  pos=(221,-7,-84)  [partial cal (rank=1)]
18:54:45.135 [INFO ] frame=25 state=NEAR      c=(672,359) z=443.1mm tilt=1.3° tilt_corr=False
18:54:45.400 [INFO ] SAM3: 1 detection(s) for 'box'
18:54:45.402 [DEBUG]   det conf=0.97 sim=0.940 pos=0.50 prox=0.99 -> 0.890
18:54:45.404 [INFO ] SAM3: 'box' score=0.97 @ [551 134 794 587]  (top of 1)  sim=0.940
18:54:45.405 [INFO ] SAM3: mask obtained (score=0.967, area=100746 px)
18:54:45.433 [DEBUG] Grasp point: robust centroid (674, 361)
18:54:45.434 [INFO ] MaskTracker: anchor locked (IoU streak=23, last IoU=0.975)
18:54:45.946 [INFO ] Servo: err=(+33,-0)px r=33  Δ=(+5.0,-0.0,+0.2)mm  pos=(226,-7,-84)  [partial cal (rank=1)]
18:54:45.957 [INFO ] frame=26 state=NEAR      c=(673,360) z=437.6mm tilt=1.3° tilt_corr=False
18:54:46.238 [INFO ] SAM3: 1 detection(s) for 'box'
18:54:46.241 [DEBUG]   det conf=0.97 sim=0.939 pos=0.50 prox=1.00 -> 0.891
18:54:46.243 [INFO ] SAM3: 'box' score=0.97 @ [551 131 796 590]  (top of 1)  sim=0.939
18:54:46.243 [INFO ] SAM3: mask obtained (score=0.967, area=103122 px)
18:54:46.271 [DEBUG] Grasp point: robust centroid (674, 361)
18:54:46.271 [INFO ] MaskTracker: anchor locked (IoU streak=24, last IoU=0.977)
18:54:46.784 [INFO ] Servo: err=(+34,+0)px r=34  Δ=(+5.0,-0.0,+0.1)mm  pos=(231,-7,-84)  [partial cal (rank=1)]
18:54:46.799 [INFO ] frame=27 state=NEAR      c=(674,360) z=432.3mm tilt=1.6° tilt_corr=False
18:54:47.064 [INFO ] SAM3: 1 detection(s) for 'box'
18:54:47.067 [DEBUG]   det conf=0.97 sim=0.936 pos=0.50 prox=1.00 -> 0.889
18:54:47.069 [INFO ] SAM3: 'box' score=0.97 @ [550 129 797 592]  (top of 1)  sim=0.936
18:54:47.069 [INFO ] SAM3: mask obtained (score=0.968, area=105268 px)
18:54:47.107 [DEBUG] Grasp point: robust centroid (675, 361)
18:54:47.107 [INFO ] MaskTracker: anchor locked (IoU streak=25, last IoU=0.980)
18:54:47.620 [INFO ] Servo: err=(+35,-0)px r=35  Δ=(+5.0,-0.0,+0.2)mm  pos=(236,-7,-83)  [partial cal (rank=1)]
18:54:47.631 [INFO ] frame=28 state=NEAR      c=(675,360) z=427.3mm tilt=4.4° tilt_corr=False
18:54:47.911 [INFO ] SAM3: 1 detection(s) for 'box'
18:54:47.913 [DEBUG]   det conf=0.97 sim=0.940 pos=0.50 prox=1.00 -> 0.892
18:54:47.915 [INFO ] SAM3: 'box' score=0.97 @ [549 126 800 595]  (top of 1)  sim=0.940
18:54:47.915 [INFO ] SAM3: mask obtained (score=0.972, area=107823 px)
18:54:47.944 [DEBUG] Grasp point: robust centroid (676, 361)
18:54:47.945 [INFO ] MaskTracker: anchor locked (IoU streak=26, last IoU=0.976)
18:54:48.407 [INFO ] Servo: err=(+35,-0)px r=35  Δ=(+5.0,-0.0,+0.2)mm  pos=(241,-7,-83)  [partial cal (rank=1)]
18:54:48.418 [INFO ] frame=29 state=NEAR      c=(675,360) z=422.4mm tilt=3.0° tilt_corr=False
18:54:48.704 [INFO ] SAM3: 2 detection(s) for 'box'
18:54:48.707 [DEBUG]   det conf=0.97 sim=0.936 pos=0.50 prox=1.00 -> 0.890
18:54:48.709 [INFO ] SAM3: 'box' score=0.97 @ [549 124 803 598]  (top of 2)  sim=0.936
18:54:48.710 [INFO ] SAM3: mask obtained (score=0.975, area=110159 px)
18:54:48.736 [DEBUG] Grasp point: robust centroid (677, 361)
18:54:48.737 [INFO ] MaskTracker: anchor locked (IoU streak=27, last IoU=0.979)
18:54:49.252 [INFO ] Servo: err=(+36,+0)px r=36  Δ=(+5.0,-0.0,+0.1)mm  pos=(246,-7,-83)  [partial cal (rank=1)]
18:54:49.263 [INFO ] frame=30 state=NEAR      c=(676,360) z=417.4mm tilt=1.8° tilt_corr=False
18:54:49.540 [INFO ] SAM3: 1 detection(s) for 'box'
18:54:49.542 [DEBUG]   det conf=0.97 sim=0.942 pos=0.50 prox=1.00 -> 0.892
18:54:49.544 [INFO ] SAM3: 'box' score=0.97 @ [547 120 805 601]  (top of 1)  sim=0.942
18:54:49.545 [INFO ] SAM3: mask obtained (score=0.971, area=112994 px)
18:54:49.572 [DEBUG] Grasp point: robust centroid (677, 361)
18:54:49.572 [INFO ] MaskTracker: anchor locked (IoU streak=28, last IoU=0.975)
18:54:50.035 [INFO ] Servo: err=(+37,+0)px r=37  Δ=(+5.0,-0.0,+0.1)mm  pos=(251,-7,-83)  [partial cal (rank=1)]
18:54:50.048 [INFO ] frame=31 state=NEAR      c=(677,360) z=411.8mm tilt=0.6° tilt_corr=False
18:54:50.331 [INFO ] SAM3: 1 detection(s) for 'box'
18:54:50.334 [DEBUG]   det conf=0.96 sim=0.935 pos=0.50 prox=1.00 -> 0.887
18:54:50.337 [INFO ] SAM3: 'box' score=0.96 @ [547 118 806 604]  (top of 1)  sim=0.935
18:54:50.338 [INFO ] SAM3: mask obtained (score=0.960, area=115611 px)
18:54:50.366 [DEBUG] Grasp point: robust centroid (679, 361)
18:54:50.366 [INFO ] MaskTracker: anchor locked (IoU streak=29, last IoU=0.977)
18:54:50.879 [INFO ] Servo: err=(+37,+0)px r=37  Δ=(+5.0,-0.0,+0.0)mm  pos=(256,-7,-83)  [partial cal (rank=1)]
18:54:50.894 [INFO ] frame=32 state=NEAR      c=(677,360) z=406.6mm tilt=2.7° tilt_corr=False
18:54:51.170 [INFO ] SAM3: 1 detection(s) for 'box'
18:54:51.173 [DEBUG]   det conf=0.96 sim=0.937 pos=0.50 prox=1.00 -> 0.888
18:54:51.175 [INFO ] SAM3: 'box' score=0.96 @ [546 114 808 607]  (top of 1)  sim=0.937
18:54:51.175 [INFO ] SAM3: mask obtained (score=0.962, area=118664 px)
18:54:51.202 [DEBUG] Grasp point: robust centroid (678, 361)
18:54:51.203 [INFO ] MaskTracker: anchor locked (IoU streak=30, last IoU=0.974)
18:54:51.716 [INFO ] Servo: err=(+38,+0)px r=38  Δ=(+5.0,-0.0,+0.1)mm  pos=(261,-7,-83)  [partial cal (rank=1)]
18:54:51.727 [INFO ] frame=33 state=NEAR      c=(678,360) z=401.1mm tilt=1.8° tilt_corr=False
18:54:52.007 [INFO ] SAM3: 1 detection(s) for 'box'
18:54:52.009 [DEBUG]   det conf=0.96 sim=0.938 pos=0.50 prox=1.00 -> 0.890
18:54:52.011 [INFO ] SAM3: 'box' score=0.96 @ [544 111 811 610]  (top of 1)  sim=0.938
18:54:52.011 [INFO ] SAM3: mask obtained (score=0.964, area=121744 px)
18:54:52.038 [DEBUG] Grasp point: robust centroid (679, 361)
18:54:52.038 [INFO ] MaskTracker: anchor locked (IoU streak=31, last IoU=0.975)
18:54:52.552 [INFO ] Servo: err=(+39,+0)px r=39  Δ=(+5.0,-0.0,+0.1)mm  pos=(266,-7,-83)  [partial cal (rank=1)]
18:54:52.566 [INFO ] frame=34 state=NEAR      c=(679,360) z=396.1mm tilt=1.5° tilt_corr=False
18:54:52.832 [INFO ] SAM3: 1 detection(s) for 'box'
18:54:52.836 [DEBUG]   det conf=0.96 sim=0.943 pos=0.50 prox=1.00 -> 0.892
18:54:52.838 [INFO ] SAM3: 'box' score=0.96 @ [543 109 813 613]  (top of 1)  sim=0.943
18:54:52.838 [INFO ] SAM3: mask obtained (score=0.964, area=124613 px)
18:54:52.871 [DEBUG] Grasp point: robust centroid (680, 361)
18:54:52.872 [INFO ] MaskTracker: anchor locked (IoU streak=32, last IoU=0.977)
18:54:53.385 [INFO ] Servo: err=(+39,+0)px r=39  Δ=(+5.0,-0.0,+0.0)mm  pos=(271,-7,-83)  [partial cal (rank=1)]
18:54:53.400 [INFO ] frame=35 state=NEAR      c=(679,360) z=390.2mm tilt=1.2° tilt_corr=False
18:54:53.679 [INFO ] SAM3: 1 detection(s) for 'box'
18:54:53.696 [DEBUG]   det conf=0.97 sim=0.942 pos=0.50 prox=1.00 -> 0.892
18:54:53.698 [INFO ] SAM3: 'box' score=0.97 @ [543 105 815 616]  (top of 1)  sim=0.942
18:54:53.699 [INFO ] SAM3: mask obtained (score=0.970, area=127881 px)
18:54:53.728 [DEBUG] Grasp point: robust centroid (682, 361)
18:54:53.729 [INFO ] MaskTracker: anchor locked (IoU streak=33, last IoU=0.974)
18:54:54.192 [INFO ] Servo: err=(+40,+0)px r=40  Δ=(+5.0,-0.0,+0.1)mm  pos=(276,-7,-83)  [partial cal (rank=1)]
18:54:54.203 [INFO ] frame=36 state=NEAR      c=(680,360) z=385.4mm tilt=3.4° tilt_corr=False
18:54:54.482 [INFO ] SAM3: 1 detection(s) for 'box'
18:54:54.486 [DEBUG]   det conf=0.97 sim=0.941 pos=0.50 prox=0.99 -> 0.890
18:54:54.488 [INFO ] SAM3: 'box' score=0.97 @ [542 103 818 620]  (top of 1)  sim=0.941
18:54:54.488 [INFO ] SAM3: mask obtained (score=0.965, area=130923 px)
18:54:54.518 [DEBUG] Grasp point: robust centroid (681, 362)
18:54:54.519 [INFO ] MaskTracker: anchor locked (IoU streak=34, last IoU=0.977)
18:54:55.030 [INFO ] Servo: err=(+41,+0)px r=41  Δ=(+5.0,-0.0,+0.0)mm  pos=(281,-7,-83)  [partial cal (rank=1)]
18:54:55.042 [INFO ] frame=37 state=NEAR      c=(681,360) z=380.5mm tilt=2.4° tilt_corr=False
18:54:55.315 [INFO ] SAM3: 1 detection(s) for 'box'
18:54:55.318 [DEBUG]   det conf=0.96 sim=0.944 pos=0.50 prox=1.00 -> 0.892
18:54:55.320 [INFO ] SAM3: 'box' score=0.96 @ [540  99 821 623]  (top of 1)  sim=0.944
18:54:55.321 [INFO ] SAM3: mask obtained (score=0.960, area=134556 px)
18:54:55.352 [DEBUG] Grasp point: robust centroid (682, 362)
18:54:55.353 [INFO ] MaskTracker: anchor locked (IoU streak=35, last IoU=0.973)
18:54:55.815 [INFO ] Servo: err=(+42,+1)px r=42  Δ=(+5.0,-0.0,-0.1)mm  pos=(286,-7,-83)  [partial cal (rank=1)]
18:54:55.826 [INFO ] frame=38 state=NEAR      c=(682,361) z=375.5mm tilt=1.8° tilt_corr=False
18:54:56.106 [INFO ] SAM3: 1 detection(s) for 'box'
18:54:56.108 [DEBUG]   det conf=0.96 sim=0.940 pos=0.50 prox=1.00 -> 0.890
18:54:56.111 [INFO ] SAM3: 'box' score=0.96 @ [539  96 823 626]  (top of 1)  sim=0.940
18:54:56.111 [INFO ] SAM3: mask obtained (score=0.962, area=137834 px)
18:54:56.138 [DEBUG] Grasp point: robust centroid (683, 361)
18:54:56.139 [INFO ] MaskTracker: anchor locked (IoU streak=36, last IoU=0.976)
18:54:56.650 [INFO ] Servo: err=(+42,+0)px r=42  Δ=(+5.0,-0.0,+0.0)mm  pos=(291,-7,-83)  [partial cal (rank=1)]
18:54:56.662 [INFO ] frame=39 state=NEAR      c=(682,360) z=370.7mm tilt=1.6° tilt_corr=False
18:54:56.943 [INFO ] SAM3: 1 detection(s) for 'box'
18:54:56.946 [DEBUG]   det conf=0.97 sim=0.941 pos=0.50 prox=1.00 -> 0.891
18:54:56.948 [INFO ] SAM3: 'box' score=0.97 @ [538  92 826 630]  (top of 1)  sim=0.941
18:54:56.948 [INFO ] SAM3: mask obtained (score=0.967, area=141873 px)
18:54:56.977 [DEBUG] Grasp point: robust centroid (685, 361)
18:54:56.977 [INFO ] MaskTracker: anchor locked (IoU streak=37, last IoU=0.972)
18:54:57.439 [INFO ] Servo: err=(+43,+0)px r=43  Δ=(+5.0,-0.0,+0.0)mm  pos=(296,-7,-83)  [partial cal (rank=1)]
18:54:57.451 [INFO ] frame=40 state=NEAR      c=(683,360) z=365.5mm tilt=2.2° tilt_corr=False
18:54:57.734 [INFO ] SAM3: 1 detection(s) for 'box'
18:54:57.737 [DEBUG]   det conf=0.96 sim=0.942 pos=0.50 prox=0.99 -> 0.891
18:54:57.739 [INFO ] SAM3: 'box' score=0.96 @ [538  89 828 632]  (top of 1)  sim=0.942
18:54:57.740 [INFO ] SAM3: mask obtained (score=0.963, area=144510 px)
18:54:57.767 [DEBUG] Grasp point: robust centroid (684, 361)
18:54:57.767 [INFO ] MaskTracker: anchor locked (IoU streak=38, last IoU=0.982)
18:54:58.279 [INFO ] Servo: err=(+44,+0)px r=44  Δ=(+5.0,-0.0,+0.0)mm  pos=(301,-7,-83)  [partial cal (rank=1)]
18:54:58.290 [INFO ] frame=41 state=NEAR      c=(684,360) z=361.8mm tilt=1.5° tilt_corr=False
18:54:58.555 [INFO ] SAM3: 1 detection(s) for 'box'
18:54:58.558 [DEBUG]   det conf=0.96 sim=0.940 pos=0.50 prox=1.00 -> 0.890
18:54:58.561 [INFO ] SAM3: 'box' score=0.96 @ [536  84 832 637]  (top of 1)  sim=0.940
18:54:58.561 [INFO ] SAM3: mask obtained (score=0.958, area=149443 px)
18:54:58.592 [DEBUG] Grasp point: robust centroid (686, 361)
18:54:58.593 [INFO ] MaskTracker: anchor locked (IoU streak=39, last IoU=0.967)
18:54:59.107 [INFO ] Servo: err=(+45,+0)px r=45  Δ=(+5.0,-0.0,+0.1)mm  pos=(306,-7,-82)  [partial cal (rank=1)]
18:54:59.119 [INFO ] frame=42 state=NEAR      c=(685,360) z=355.9mm tilt=2.2° tilt_corr=False
18:54:59.396 [INFO ] SAM3: 1 detection(s) for 'box'
18:54:59.399 [DEBUG]   det conf=0.96 sim=0.945 pos=0.50 prox=1.00 -> 0.893
18:54:59.401 [INFO ] SAM3: 'box' score=0.96 @ [534  81 834 641]  (top of 1)  sim=0.945
18:54:59.401 [INFO ] SAM3: mask obtained (score=0.964, area=153760 px)
18:54:59.429 [DEBUG] Grasp point: robust centroid (688, 362)
18:54:59.430 [INFO ] MaskTracker: anchor locked (IoU streak=40, last IoU=0.972)
18:54:59.892 [INFO ] Servo: err=(+46,+0)px r=46  Δ=(+5.0,-0.0,+0.1)mm  pos=(311,-7,-82)  [partial cal (rank=1)]
18:54:59.904 [INFO ] frame=43 state=NEAR      c=(686,360) z=350.7mm tilt=1.1° tilt_corr=False
18:55:00.175 [INFO ] SAM3: 1 detection(s) for 'box'
18:55:00.178 [DEBUG]   det conf=0.96 sim=0.944 pos=0.50 prox=0.99 -> 0.891
18:55:00.180 [INFO ] SAM3: 'box' score=0.96 @ [533  78 837 645]  (top of 1)  sim=0.944
18:55:00.181 [INFO ] SAM3: mask obtained (score=0.964, area=157850 px)
18:55:00.210 [DEBUG] Grasp point: robust centroid (688, 362)
18:55:00.210 [INFO ] MaskTracker: anchor locked (IoU streak=41, last IoU=0.974)
18:55:00.672 [INFO ] Servo: err=(+47,+1)px r=47  Δ=(+5.0,-0.0,-0.0)mm  pos=(316,-7,-82)  [partial cal (rank=1)]
18:55:00.684 [INFO ] frame=44 state=NEAR      c=(687,361) z=345.4mm tilt=1.3° tilt_corr=False
18:55:00.965 [INFO ] SAM3: 1 detection(s) for 'box'
18:55:00.968 [DEBUG]   det conf=0.96 sim=0.945 pos=0.50 prox=1.00 -> 0.892
18:55:00.970 [INFO ] SAM3: 'box' score=0.96 @ [532  73 841 649]  (top of 1)  sim=0.945
18:55:00.971 [INFO ] SAM3: mask obtained (score=0.964, area=162151 px)
18:55:01.000 [DEBUG] Grasp point: robust centroid (689, 362)
18:55:01.000 [INFO ] MaskTracker: anchor locked (IoU streak=42, last IoU=0.973)
18:55:01.513 [INFO ] Servo: err=(+48,+0)px r=48  Δ=(+5.0,-0.0,+0.0)mm  pos=(321,-7,-82)  [partial cal (rank=1)]
18:55:01.525 [INFO ] frame=45 state=NEAR      c=(688,360) z=340.8mm tilt=3.3° tilt_corr=False
18:55:01.794 [INFO ] SAM3: 1 detection(s) for 'box'
18:55:01.796 [DEBUG]   det conf=0.96 sim=0.945 pos=0.50 prox=1.00 -> 0.893
18:55:01.799 [INFO ] SAM3: 'box' score=0.96 @ [531  68 844 654]  (top of 1)  sim=0.945
18:55:01.799 [INFO ] SAM3: mask obtained (score=0.965, area=167670 px)
18:55:01.827 [DEBUG] Grasp point: robust centroid (690, 361)
18:55:01.828 [INFO ] MaskTracker: anchor locked (IoU streak=43, last IoU=0.967)
18:55:02.341 [INFO ] Servo: err=(+49,+0)px r=49  Δ=(+5.0,-0.0,+0.1)mm  pos=(326,-7,-82)  [partial cal (rank=1)]
18:55:02.355 [INFO ] frame=46 state=NEAR      c=(689,360) z=335.3mm tilt=3.3° tilt_corr=False
18:55:02.633 [INFO ] SAM3: 1 detection(s) for 'box'
18:55:02.637 [DEBUG]   det conf=0.96 sim=0.943 pos=0.50 prox=0.99 -> 0.891
18:55:02.644 [INFO ] SAM3: 'box' score=0.96 @ [530  65 847 659]  (top of 1)  sim=0.943
18:55:02.644 [INFO ] SAM3: mask obtained (score=0.964, area=172510 px)
18:55:02.675 [DEBUG] Grasp point: robust centroid (691, 362)
18:55:02.675 [INFO ] MaskTracker: anchor locked (IoU streak=44, last IoU=0.972)
18:55:03.188 [INFO ] Servo: err=(+50,+1)px r=50  Δ=(+5.0,-0.0,-0.0)mm  pos=(331,-7,-82)  [partial cal (rank=1)]
18:55:03.200 [INFO ] frame=47 state=NEAR      c=(690,361) z=330.2mm tilt=0.5° tilt_corr=False
18:55:03.477 [INFO ] SAM3: 1 detection(s) for 'box'
18:55:03.480 [DEBUG]   det conf=0.97 sim=0.941 pos=0.50 prox=0.99 -> 0.890
18:55:03.483 [INFO ] SAM3: 'box' score=0.97 @ [527  60 849 663]  (top of 1)  sim=0.941
18:55:03.483 [INFO ] SAM3: mask obtained (score=0.968, area=177877 px)
18:55:03.511 [DEBUG] Grasp point: robust centroid (691, 362)
18:55:03.512 [INFO ] MaskTracker: anchor locked (IoU streak=45, last IoU=0.970)
18:55:03.570 [INFO ] Servo: err=(+51,+1)px r=51  Δ=(+0.0,-0.0,-0.0)mm  pos=(331,-7,-82)  [partial cal (rank=1)]
18:55:03.581 [INFO ] frame=48 state=NEAR      c=(691,361) z=325.3mm tilt=1.1° tilt_corr=False
18:55:03.860 [INFO ] SAM3: 1 detection(s) for 'box'
18:55:03.863 [DEBUG]   det conf=0.97 sim=0.941 pos=0.50 prox=0.99 -> 0.890
18:55:03.865 [INFO ] SAM3: 'box' score=0.97 @ [527  60 849 664]  (top of 1)  sim=0.941
18:55:03.865 [INFO ] SAM3: mask obtained (score=0.965, area=178253 px)
18:55:03.905 [DEBUG] Grasp point: robust centroid (691, 362)
18:55:03.905 [INFO ] MaskTracker: anchor locked (IoU streak=46, last IoU=0.997)
18:55:03.963 [INFO ] Servo: err=(+51,+1)px r=51  Δ=(+0.0,-0.0,-0.0)mm  pos=(331,-7,-82)  [partial cal (rank=1)]
18:55:03.975 [INFO ] frame=49 state=NEAR      c=(691,361) z=324.6mm tilt=3.6° tilt_corr=False
18:55:04.253 [INFO ] SAM3: 1 detection(s) for 'box'
18:55:04.256 [DEBUG]   det conf=0.97 sim=0.943 pos=0.50 prox=0.99 -> 0.891
18:55:04.259 [INFO ] SAM3: 'box' score=0.97 @ [528  59 849 663]  (top of 1)  sim=0.943
18:55:04.259 [INFO ] SAM3: mask obtained (score=0.966, area=178248 px)
18:55:04.288 [DEBUG] Grasp point: robust centroid (691, 362)
18:55:04.288 [INFO ] MaskTracker: anchor locked (IoU streak=47, last IoU=0.999)
18:55:04.348 [INFO ] Servo: err=(+51,+1)px r=51  Δ=(+0.0,-0.0,+0.0)mm  pos=(331,-7,-82)  [partial cal (rank=1)]
18:55:04.359 [INFO ] frame=50 state=NEAR      c=(691,361) z=324.5mm tilt=1.6° tilt_corr=False
18:55:04.633 [INFO ] SAM3: 1 detection(s) for 'box'
18:55:04.636 [DEBUG]   det conf=0.97 sim=0.944 pos=0.50 prox=0.99 -> 0.891
18:55:04.638 [INFO ] SAM3: 'box' score=0.97 @ [528  60 849 663]  (top of 1)  sim=0.944
18:55:04.638 [INFO ] SAM3: mask obtained (score=0.966, area=178279 px)
18:55:04.666 [DEBUG] Grasp point: robust centroid (691, 362)
18:55:04.666 [INFO ] MaskTracker: anchor locked (IoU streak=48, last IoU=0.999)
18:55:04.725 [INFO ] Servo: err=(+51,+1)px r=51  Δ=(+0.0,-0.0,+0.0)mm  pos=(331,-7,-82)  [partial cal (rank=1)]
18:55:04.737 [INFO ] frame=51 state=NEAR      c=(691,361) z=324.5mm tilt=2.1° tilt_corr=False
18:55:05.006 [INFO ] SAM3: 1 detection(s) for 'box'
18:55:05.009 [DEBUG]   det conf=0.96 sim=0.943 pos=0.50 prox=0.99 -> 0.890
18:55:05.011 [INFO ] SAM3: 'box' score=0.96 @ [527  60 849 663]  (top of 1)  sim=0.943
18:55:05.012 [INFO ] SAM3: mask obtained (score=0.963, area=178234 px)
18:55:05.042 [DEBUG] Grasp point: robust centroid (691, 362)
18:55:05.042 [INFO ] MaskTracker: anchor locked (IoU streak=49, last IoU=0.999)
18:55:05.100 [INFO ] Servo: err=(+51,+1)px r=51  Δ=(+0.0,-0.0,+0.0)mm  pos=(331,-7,-82)  [partial cal (rank=1)]
18:55:05.111 [INFO ] frame=52 state=NEAR      c=(691,361) z=324.5mm tilt=3.3° tilt_corr=False
18:55:05.387 [INFO ] SAM3: 1 detection(s) for 'box'
18:55:05.390 [DEBUG]   det conf=0.97 sim=0.941 pos=0.50 prox=0.99 -> 0.890
18:55:05.392 [INFO ] SAM3: 'box' score=0.97 @ [527  60 849 663]  (top of 1)  sim=0.941
18:55:05.392 [INFO ] SAM3: mask obtained (score=0.966, area=178226 px)
18:55:05.420 [DEBUG] Grasp point: robust centroid (691, 362)
18:55:05.421 [INFO ] MaskTracker: anchor locked (IoU streak=50, last IoU=0.999)
18:55:05.479 [INFO ] Servo: err=(+51,+0)px r=51  Δ=(+0.0,-0.0,+0.0)mm  pos=(331,-7,-82)  [partial cal (rank=1)]
18:55:05.490 [INFO ] frame=53 state=NEAR      c=(691,360) z=324.6mm tilt=3.3° tilt_corr=False
18:55:05.785 [INFO ] SAM3: 1 detection(s) for 'box'
18:55:05.788 [DEBUG]   det conf=0.96 sim=0.941 pos=0.50 prox=0.99 -> 0.890
18:55:05.791 [INFO ] SAM3: 'box' score=0.96 @ [528  60 849 664]  (top of 1)  sim=0.941
18:55:05.791 [INFO ] SAM3: mask obtained (score=0.964, area=178191 px)
18:55:05.820 [DEBUG] Grasp point: robust centroid (691, 362)
18:55:05.820 [INFO ] MaskTracker: anchor locked (IoU streak=51, last IoU=0.999)
18:55:05.879 [INFO ] Servo: err=(+51,+0)px r=51  Δ=(+0.0,-0.0,+0.0)mm  pos=(331,-7,-82)  [partial cal (rank=1)]
18:55:05.889 [INFO ] frame=54 state=NEAR      c=(691,360) z=324.7mm tilt=1.2° tilt_corr=False
18:55:06.170 [INFO ] SAM3: 1 detection(s) for 'box'
18:55:06.172 [DEBUG]   det conf=0.97 sim=0.943 pos=0.50 prox=0.99 -> 0.890
18:55:06.175 [INFO ] SAM3: 'box' score=0.97 @ [527  60 849 663]  (top of 1)  sim=0.943
18:55:06.175 [INFO ] SAM3: mask obtained (score=0.965, area=178162 px)
18:55:06.203 [DEBUG] Grasp point: robust centroid (691, 362)
18:55:06.203 [INFO ] MaskTracker: anchor locked (IoU streak=52, last IoU=0.999)
18:55:06.262 [INFO ] Servo: err=(+51,+1)px r=51  Δ=(+0.0,-0.0,+0.0)mm  pos=(331,-7,-82)  [partial cal (rank=1)]
18:55:06.272 [INFO ] frame=55 state=NEAR      c=(691,361) z=324.8mm tilt=2.3° tilt_corr=False
18:55:06.536 [INFO ] SAM3: 1 detection(s) for 'box'
18:55:06.539 [DEBUG]   det conf=0.97 sim=0.940 pos=0.50 prox=0.99 -> 0.890
18:55:06.542 [INFO ] SAM3: 'box' score=0.97 @ [528  60 849 664]  (top of 1)  sim=0.940
18:55:06.542 [INFO ] SAM3: mask obtained (score=0.967, area=178236 px)
18:55:06.569 [DEBUG] Grasp point: robust centroid (691, 362)
18:55:06.570 [INFO ] MaskTracker: anchor locked (IoU streak=53, last IoU=0.999)
18:55:06.628 [INFO ] Servo: err=(+51,+1)px r=51  Δ=(+0.0,-0.0,+0.0)mm  pos=(331,-7,-82)  [partial cal (rank=1)]
18:55:06.639 [INFO ] frame=56 state=NEAR      c=(691,361) z=324.8mm tilt=1.4° tilt_corr=False
18:55:06.921 [INFO ] SAM3: 1 detection(s) for 'box'
18:55:06.924 [DEBUG]   det conf=0.96 sim=0.943 pos=0.50 prox=0.99 -> 0.890
18:55:06.932 [INFO ] SAM3: 'box' score=0.96 @ [528  60 848 663]  (top of 1)  sim=0.943
18:55:06.932 [INFO ] SAM3: mask obtained (score=0.965, area=178176 px)
18:55:06.966 [DEBUG] Grasp point: robust centroid (691, 362)
18:55:06.967 [INFO ] MaskTracker: anchor locked (IoU streak=54, last IoU=0.999)
18:55:07.026 [INFO ] Servo: err=(+51,+1)px r=51  Δ=(+0.0,-0.0,-0.0)mm  pos=(331,-7,-82)  [partial cal (rank=1)]
18:55:07.036 [INFO ] frame=57 state=NEAR      c=(691,361) z=324.9mm tilt=1.9° tilt_corr=False
18:55:07.314 [INFO ] SAM3: 1 detection(s) for 'box'
18:55:07.317 [DEBUG]   det conf=0.97 sim=0.941 pos=0.50 prox=0.99 -> 0.889
18:55:07.319 [INFO ] SAM3: 'box' score=0.97 @ [528  60 849 664]  (top of 1)  sim=0.941
18:55:07.319 [INFO ] SAM3: mask obtained (score=0.965, area=178209 px)
18:55:07.351 [DEBUG] Grasp point: robust centroid (691, 362)
18:55:07.351 [INFO ] MaskTracker: anchor locked (IoU streak=55, last IoU=0.999)
18:55:07.409 [INFO ] Servo: err=(+51,+1)px r=51  Δ=(+0.0,-0.0,-0.0)mm  pos=(331,-7,-82)  [partial cal (rank=1)]
18:55:07.419 [INFO ] frame=58 state=NEAR      c=(691,361) z=325.0mm tilt=2.1° tilt_corr=False
18:55:07.698 [INFO ] SAM3: 1 detection(s) for 'box'
18:55:07.702 [DEBUG]   det conf=0.97 sim=0.941 pos=0.50 prox=0.99 -> 0.890
18:55:07.704 [INFO ] SAM3: 'box' score=0.97 @ [528  60 849 664]  (top of 1)  sim=0.941
18:55:07.705 [INFO ] SAM3: mask obtained (score=0.968, area=178212 px)
18:55:07.741 [DEBUG] Grasp point: robust centroid (691, 362)
18:55:07.741 [INFO ] MaskTracker: anchor locked (IoU streak=56, last IoU=0.999)
18:55:07.800 [INFO ] Servo: err=(+51,+1)px r=51  Δ=(+0.0,-0.0,-0.0)mm  pos=(331,-7,-82)  [partial cal (rank=1)]
18:55:07.810 [INFO ] frame=59 state=NEAR      c=(691,361) z=325.1mm tilt=2.0° tilt_corr=False
18:55:08.076 [INFO ] SAM3: 1 detection(s) for 'box'
18:55:08.079 [DEBUG]   det conf=0.96 sim=0.941 pos=0.50 prox=0.99 -> 0.889
18:55:08.081 [INFO ] SAM3: 'box' score=0.96 @ [527  60 849 664]  (top of 1)  sim=0.941
18:55:08.081 [INFO ] SAM3: mask obtained (score=0.963, area=178263 px)
18:55:08.112 [DEBUG] Grasp point: robust centroid (691, 362)
18:55:08.112 [INFO ] MaskTracker: anchor locked (IoU streak=57, last IoU=0.999)
18:55:08.172 [INFO ] Servo: err=(+51,+1)px r=51  Δ=(+0.0,-0.0,-0.0)mm  pos=(331,-7,-82)  [partial cal (rank=1)]
18:55:08.183 [INFO ] frame=60 state=NEAR      c=(691,361) z=325.1mm tilt=1.8° tilt_corr=False
18:55:08.465 [INFO ] SAM3: 1 detection(s) for 'box'
18:55:08.468 [DEBUG]   det conf=0.96 sim=0.940 pos=0.50 prox=0.99 -> 0.889
18:55:08.472 [INFO ] SAM3: 'box' score=0.96 @ [528  60 849 664]  (top of 1)  sim=0.940
18:55:08.472 [INFO ] SAM3: mask obtained (score=0.964, area=178294 px)
18:55:08.502 [DEBUG] Grasp point: robust centroid (691, 362)
18:55:08.503 [INFO ] MaskTracker: anchor locked (IoU streak=58, last IoU=0.999)
18:55:08.561 [INFO ] Servo: err=(+51,+1)px r=51  Δ=(+0.0,-0.0,-0.0)mm  pos=(331,-7,-82)  [partial cal (rank=1)]
18:55:08.572 [INFO ] frame=61 state=NEAR      c=(691,361) z=325.2mm tilt=1.9° tilt_corr=False
18:55:08.848 [INFO ] SAM3: 1 detection(s) for 'box'
18:55:08.851 [DEBUG]   det conf=0.97 sim=0.943 pos=0.50 prox=0.99 -> 0.891
18:55:08.853 [INFO ] SAM3: 'box' score=0.97 @ [528  60 849 663]  (top of 1)  sim=0.943
18:55:08.853 [INFO ] SAM3: mask obtained (score=0.965, area=178156 px)
18:55:08.882 [DEBUG] Grasp point: robust centroid (691, 362)
18:55:08.883 [INFO ] MaskTracker: anchor locked (IoU streak=59, last IoU=0.998)
18:55:08.941 [INFO ] Servo: err=(+51,+1)px r=51  Δ=(+0.0,-0.0,+0.0)mm  pos=(331,-7,-82)  [partial cal (rank=1)]
18:55:08.952 [INFO ] frame=62 state=NEAR      c=(691,361) z=325.3mm tilt=3.2° tilt_corr=False
18:55:09.228 [INFO ] SAM3: 1 detection(s) for 'box'
18:55:09.231 [DEBUG]   det conf=0.96 sim=0.942 pos=0.50 prox=0.99 -> 0.890
18:55:09.235 [INFO ] SAM3: 'box' score=0.96 @ [528  60 849 663]  (top of 1)  sim=0.942
18:55:09.235 [INFO ] SAM3: mask obtained (score=0.963, area=178255 px)
18:55:09.264 [DEBUG] Grasp point: robust centroid (691, 362)
18:55:09.265 [INFO ] MaskTracker: anchor locked (IoU streak=60, last IoU=0.999)
18:55:09.323 [INFO ] Servo: err=(+51,+1)px r=51  Δ=(+0.0,-0.0,+0.0)mm  pos=(331,-7,-82)  [partial cal (rank=1)]
18:55:09.339 [INFO ] frame=63 state=NEAR      c=(691,361) z=325.3mm tilt=2.7° tilt_corr=False
18:55:09.609 [INFO ] SAM3: 1 detection(s) for 'box'
18:55:09.612 [DEBUG]   det conf=0.97 sim=0.943 pos=0.50 prox=0.99 -> 0.891
18:55:09.615 [INFO ] SAM3: 'box' score=0.97 @ [528  60 849 663]  (top of 1)  sim=0.943
18:55:09.615 [INFO ] SAM3: mask obtained (score=0.967, area=178187 px)
18:55:09.644 [DEBUG] Grasp point: robust centroid (691, 362)
18:55:09.645 [INFO ] MaskTracker: anchor locked (IoU streak=61, last IoU=0.999)
18:55:09.704 [INFO ] Servo: err=(+51,+0)px r=51  Δ=(+0.0,-0.0,+0.0)mm  pos=(331,-7,-82)  [partial cal (rank=1)]
18:55:09.714 [INFO ] frame=64 state=NEAR      c=(691,360) z=325.4mm tilt=1.8° tilt_corr=False
18:55:09.997 [INFO ] SAM3: 1 detection(s) for 'box'
18:55:10.000 [DEBUG]   det conf=0.97 sim=0.941 pos=0.50 prox=0.99 -> 0.890
18:55:10.002 [INFO ] SAM3: 'box' score=0.97 @ [528  60 849 664]  (top of 1)  sim=0.941
18:55:10.002 [INFO ] SAM3: mask obtained (score=0.966, area=178149 px)
18:55:10.029 [DEBUG] Grasp point: robust centroid (691, 362)
18:55:10.030 [INFO ] MaskTracker: anchor locked (IoU streak=62, last IoU=0.999)
18:55:10.088 [INFO ] Servo: err=(+51,+0)px r=51  Δ=(+0.0,-0.0,+0.0)mm  pos=(331,-7,-82)  [partial cal (rank=1)]
18:55:10.099 [INFO ] frame=65 state=NEAR      c=(691,360) z=325.4mm tilt=1.8° tilt_corr=False
18:55:10.382 [INFO ] SAM3: 1 detection(s) for 'box'
18:55:10.385 [DEBUG]   det conf=0.96 sim=0.940 pos=0.50 prox=0.99 -> 0.889
18:55:10.387 [INFO ] SAM3: 'box' score=0.96 @ [528  60 849 664]  (top of 1)  sim=0.940
18:55:10.388 [INFO ] SAM3: mask obtained (score=0.963, area=178239 px)
18:55:10.415 [DEBUG] Grasp point: robust centroid (691, 362)
18:55:10.416 [INFO ] MaskTracker: anchor locked (IoU streak=63, last IoU=0.999)
18:55:10.475 [INFO ] Servo: err=(+51,+0)px r=51  Δ=(+0.0,-0.0,+0.0)mm  pos=(331,-7,-82)  [partial cal (rank=1)]
18:55:10.485 [INFO ] frame=66 state=NEAR      c=(691,360) z=325.5mm tilt=2.7° tilt_corr=False
18:55:10.768 [INFO ] SAM3: 1 detection(s) for 'box'
18:55:10.771 [DEBUG]   det conf=0.97 sim=0.941 pos=0.50 prox=0.99 -> 0.890
18:55:10.774 [INFO ] SAM3: 'box' score=0.97 @ [528  60 849 664]  (top of 1)  sim=0.941
18:55:10.774 [INFO ] SAM3: mask obtained (score=0.966, area=178171 px)
18:55:10.802 [DEBUG] Grasp point: robust centroid (691, 362)
18:55:10.803 [INFO ] MaskTracker: anchor locked (IoU streak=64, last IoU=0.999)
18:55:10.861 [INFO ] Servo: err=(+51,+1)px r=51  Δ=(+0.0,-0.0,-0.0)mm  pos=(331,-7,-82)  [partial cal (rank=1)]
18:55:10.871 [INFO ] frame=67 state=NEAR      c=(691,361) z=325.5mm tilt=1.8° tilt_corr=False
18:55:11.149 [INFO ] SAM3: 1 detection(s) for 'box'
18:55:11.152 [DEBUG]   det conf=0.97 sim=0.941 pos=0.50 prox=0.99 -> 0.890
18:55:11.155 [INFO ] SAM3: 'box' score=0.97 @ [528  60 849 664]  (top of 1)  sim=0.941
18:55:11.155 [INFO ] SAM3: mask obtained (score=0.966, area=178234 px)
18:55:11.185 [DEBUG] Grasp point: robust centroid (691, 362)
18:55:11.185 [INFO ] MaskTracker: anchor locked (IoU streak=65, last IoU=0.999)
18:55:11.244 [INFO ] Servo: err=(+51,+1)px r=51  Δ=(+0.0,-0.0,-0.0)mm  pos=(331,-7,-82)  [partial cal (rank=1)]
18:55:11.254 [INFO ] frame=68 state=NEAR      c=(691,361) z=325.6mm tilt=1.1° tilt_corr=False
18:55:11.519 [INFO ] SAM3: 1 detection(s) for 'box'
18:55:11.522 [DEBUG]   det conf=0.97 sim=0.940 pos=0.50 prox=0.99 -> 0.890
18:55:11.524 [INFO ] SAM3: 'box' score=0.97 @ [528  60 849 664]  (top of 1)  sim=0.940
18:55:11.525 [INFO ] SAM3: mask obtained (score=0.967, area=178255 px)
18:55:11.552 [DEBUG] Grasp point: robust centroid (691, 362)
18:55:11.552 [INFO ] MaskTracker: anchor locked (IoU streak=66, last IoU=0.999)
18:55:11.611 [INFO ] Servo: err=(+51,+1)px r=51  Δ=(+0.0,-0.0,-0.0)mm  pos=(331,-7,-82)  [partial cal (rank=1)]
18:55:11.620 [INFO ] frame=69 state=NEAR      c=(691,361) z=325.6mm tilt=0.9° tilt_corr=False
18:55:11.888 [INFO ] SAM3: 1 detection(s) for 'box'
18:55:11.893 [DEBUG]   det conf=0.97 sim=0.941 pos=0.50 prox=0.99 -> 0.890
18:55:11.898 [INFO ] SAM3: 'box' score=0.97 @ [528  60 849 664]  (top of 1)  sim=0.941
18:55:11.898 [INFO ] SAM3: mask obtained (score=0.967, area=178315 px)
18:55:11.929 [DEBUG] Grasp point: robust centroid (691, 362)
18:55:11.930 [INFO ] MaskTracker: anchor locked (IoU streak=67, last IoU=0.999)
18:55:11.989 [INFO ] Servo: err=(+51,+1)px r=51  Δ=(+0.0,-0.0,-0.0)mm  pos=(331,-7,-82)  [partial cal (rank=1)]
18:55:11.999 [INFO ] frame=70 state=NEAR      c=(691,361) z=325.7mm tilt=2.2° tilt_corr=False
18:55:12.296 [INFO ] SAM3: 1 detection(s) for 'box'
18:55:12.299 [DEBUG]   det conf=0.97 sim=0.942 pos=0.50 prox=0.99 -> 0.890
18:55:12.301 [INFO ] SAM3: 'box' score=0.97 @ [527  60 849 663]  (top of 1)  sim=0.942
18:55:12.301 [INFO ] SAM3: mask obtained (score=0.967, area=178274 px)
18:55:12.332 [DEBUG] Grasp point: robust centroid (691, 362)
18:55:12.333 [INFO ] MaskTracker: anchor locked (IoU streak=68, last IoU=0.999)
18:55:12.391 [INFO ] Servo: err=(+51,+1)px r=51  Δ=(+0.0,-0.0,-0.0)mm  pos=(331,-7,-82)  [partial cal (rank=1)]
18:55:12.401 [INFO ] frame=71 state=NEAR      c=(691,361) z=325.7mm tilt=1.8° tilt_corr=False
18:55:12.680 [INFO ] SAM3: 1 detection(s) for 'box'
18:55:12.682 [DEBUG]   det conf=0.96 sim=0.940 pos=0.50 prox=0.99 -> 0.889
18:55:12.684 [INFO ] SAM3: 'box' score=0.96 @ [527  60 849 664]  (top of 1)  sim=0.940
18:55:12.685 [INFO ] SAM3: mask obtained (score=0.964, area=178194 px)
18:55:12.715 [DEBUG] Grasp point: robust centroid (691, 362)
18:55:12.715 [INFO ] MaskTracker: anchor locked (IoU streak=69, last IoU=0.999)
18:55:12.774 [INFO ] Servo: err=(+51,+1)px r=51  Δ=(+0.0,-0.0,-0.0)mm  pos=(331,-7,-82)  [partial cal (rank=1)]
18:55:12.787 [INFO ] frame=72 state=NEAR      c=(691,361) z=325.7mm tilt=2.0° tilt_corr=False
18:55:13.066 [INFO ] SAM3: 1 detection(s) for 'box'
18:55:13.069 [DEBUG]   det conf=0.97 sim=0.940 pos=0.50 prox=0.99 -> 0.890
18:55:13.071 [INFO ] SAM3: 'box' score=0.97 @ [528  60 849 664]  (top of 1)  sim=0.940
18:55:13.072 [INFO ] SAM3: mask obtained (score=0.967, area=178146 px)
18:55:13.099 [DEBUG] Grasp point: robust centroid (691, 362)
18:55:13.099 [INFO ] MaskTracker: anchor locked (IoU streak=70, last IoU=0.998)
18:55:13.158 [INFO ] Servo: err=(+51,+1)px r=51  Δ=(+0.0,-0.0,+0.0)mm  pos=(331,-7,-82)  [partial cal (rank=1)]
18:55:13.168 [INFO ] frame=73 state=NEAR      c=(691,361) z=325.8mm tilt=2.3° tilt_corr=False
18:55:13.430 [INFO ] SAM3: 1 detection(s) for 'box'
18:55:13.432 [DEBUG]   det conf=0.97 sim=0.942 pos=0.50 prox=0.99 -> 0.890
18:55:13.434 [INFO ] SAM3: 'box' score=0.97 @ [528  60 849 663]  (top of 1)  sim=0.942
18:55:13.435 [INFO ] SAM3: mask obtained (score=0.967, area=178235 px)
18:55:13.466 [DEBUG] Grasp point: robust centroid (691, 362)
18:55:13.466 [INFO ] MaskTracker: anchor locked (IoU streak=71, last IoU=0.999)
18:55:13.525 [INFO ] Servo: err=(+51,+0)px r=51  Δ=(+0.0,-0.0,+0.0)mm  pos=(331,-7,-82)  [partial cal (rank=1)]
18:55:13.536 [INFO ] frame=74 state=NEAR      c=(691,360) z=325.8mm tilt=2.3° tilt_corr=False
18:55:13.818 [INFO ] SAM3: 1 detection(s) for 'box'
18:55:13.830 [DEBUG]   det conf=0.97 sim=0.941 pos=0.50 prox=0.99 -> 0.890
18:55:13.832 [INFO ] SAM3: 'box' score=0.97 @ [528  60 849 664]  (top of 1)  sim=0.941
18:55:13.833 [INFO ] SAM3: mask obtained (score=0.966, area=178268 px)
18:55:13.862 [DEBUG] Grasp point: robust centroid (691, 362)
18:55:13.862 [INFO ] MaskTracker: anchor locked (IoU streak=72, last IoU=0.999)
18:55:13.920 [INFO ] Servo: err=(+51,+1)px r=51  Δ=(+0.0,-0.0,+0.0)mm  pos=(331,-7,-82)  [partial cal (rank=1)]
18:55:13.934 [INFO ] frame=75 state=NEAR      c=(691,361) z=325.8mm tilt=4.3° tilt_corr=False
18:55:14.212 [INFO ] SAM3: 1 detection(s) for 'box'
18:55:14.215 [DEBUG]   det conf=0.97 sim=0.943 pos=0.50 prox=0.99 -> 0.891
18:55:14.217 [INFO ] SAM3: 'box' score=0.97 @ [528  60 849 663]  (top of 1)  sim=0.943
18:55:14.217 [INFO ] SAM3: mask obtained (score=0.966, area=178207 px)
18:55:14.247 [DEBUG] Grasp point: robust centroid (691, 362)
18:55:14.247 [INFO ] MaskTracker: anchor locked (IoU streak=73, last IoU=0.999)
18:55:14.306 [INFO ] Servo: err=(+51,+0)px r=51  Δ=(+0.0,-0.0,+0.0)mm  pos=(331,-7,-82)  [partial cal (rank=1)]
18:55:14.316 [INFO ] frame=76 state=NEAR      c=(691,360) z=325.9mm tilt=2.4° tilt_corr=False
18:55:14.590 [INFO ] SAM3: 1 detection(s) for 'box'
18:55:14.593 [DEBUG]   det conf=0.96 sim=0.940 pos=0.50 prox=0.99 -> 0.889
18:55:14.595 [INFO ] SAM3: 'box' score=0.96 @ [527  60 849 664]  (top of 1)  sim=0.940
18:55:14.596 [INFO ] SAM3: mask obtained (score=0.962, area=178209 px)
18:55:14.624 [DEBUG] Grasp point: robust centroid (691, 362)
18:55:14.625 [INFO ] MaskTracker: anchor locked (IoU streak=74, last IoU=0.999)
18:55:14.683 [INFO ] Servo: err=(+51,+1)px r=51  Δ=(+0.0,-0.0,+0.0)mm  pos=(331,-7,-82)  [partial cal (rank=1)]
18:55:14.694 [INFO ] frame=77 state=NEAR      c=(691,361) z=325.9mm tilt=2.0° tilt_corr=False
18:55:14.974 [INFO ] SAM3: 1 detection(s) for 'box'
18:55:14.977 [DEBUG]   det conf=0.97 sim=0.942 pos=0.50 prox=0.99 -> 0.890
18:55:14.979 [INFO ] SAM3: 'box' score=0.97 @ [527  60 849 663]  (top of 1)  sim=0.942
18:55:14.979 [INFO ] SAM3: mask obtained (score=0.965, area=178196 px)
18:55:15.007 [DEBUG] Grasp point: robust centroid (691, 362)
18:55:15.007 [INFO ] MaskTracker: anchor locked (IoU streak=75, last IoU=0.999)
18:55:15.066 [INFO ] Servo: err=(+51,+1)px r=51  Δ=(+0.0,-0.0,+0.0)mm  pos=(331,-7,-82)  [partial cal (rank=1)]
18:55:15.077 [INFO ] frame=78 state=NEAR      c=(691,361) z=325.9mm tilt=4.5° tilt_corr=False
18:55:15.340 [INFO ] SAM3: 1 detection(s) for 'box'
18:55:15.343 [DEBUG]   det conf=0.96 sim=0.942 pos=0.50 prox=0.99 -> 0.890
18:55:15.345 [INFO ] SAM3: 'box' score=0.96 @ [527  60 848 663]  (top of 1)  sim=0.942
18:55:15.345 [INFO ] SAM3: mask obtained (score=0.962, area=178174 px)
18:55:15.373 [DEBUG] Grasp point: robust centroid (691, 362)
18:55:15.374 [INFO ] MaskTracker: anchor locked (IoU streak=76, last IoU=0.998)
18:55:15.432 [INFO ] Servo: err=(+51,+1)px r=51  Δ=(+0.0,-0.0,+0.0)mm  pos=(331,-7,-82)  [partial cal (rank=1)]
18:55:15.442 [INFO ] frame=79 state=NEAR      c=(691,361) z=326.0mm tilt=0.9° tilt_corr=False
18:55:15.722 [INFO ] SAM3: 1 detection(s) for 'box'
18:55:15.725 [DEBUG]   det conf=0.96 sim=0.943 pos=0.50 prox=0.99 -> 0.891
18:55:15.727 [INFO ] SAM3: 'box' score=0.96 @ [528  60 849 663]  (top of 1)  sim=0.943
18:55:15.727 [INFO ] SAM3: mask obtained (score=0.964, area=178234 px)
18:55:15.756 [DEBUG] Grasp point: robust centroid (691, 362)
18:55:15.757 [INFO ] MaskTracker: anchor locked (IoU streak=77, last IoU=0.999)
18:55:15.815 [INFO ] Servo: err=(+51,+1)px r=51  Δ=(+0.0,-0.0,+0.0)mm  pos=(331,-7,-82)  [partial cal (rank=1)]
18:55:15.829 [INFO ] frame=80 state=NEAR      c=(691,361) z=326.0mm tilt=1.9° tilt_corr=False
18:55:16.112 [INFO ] SAM3: 1 detection(s) for 'box'
18:55:16.115 [DEBUG]   det conf=0.96 sim=0.940 pos=0.50 prox=0.99 -> 0.889
18:55:16.118 [INFO ] SAM3: 'box' score=0.96 @ [528  60 849 664]  (top of 1)  sim=0.940
18:55:16.118 [INFO ] SAM3: mask obtained (score=0.964, area=178241 px)
18:55:16.149 [DEBUG] Grasp point: robust centroid (691, 362)
18:55:16.149 [INFO ] MaskTracker: anchor locked (IoU streak=78, last IoU=0.999)
18:55:16.208 [INFO ] Servo: err=(+51,+1)px r=51  Δ=(+0.0,-0.0,+0.0)mm  pos=(331,-7,-82)  [partial cal (rank=1)]
18:55:16.218 [INFO ] frame=81 state=NEAR      c=(691,361) z=326.0mm tilt=2.1° tilt_corr=False
18:55:16.486 [INFO ] SAM3: 1 detection(s) for 'box'
18:55:16.489 [DEBUG]   det conf=0.96 sim=0.942 pos=0.50 prox=0.99 -> 0.890
18:55:16.491 [INFO ] SAM3: 'box' score=0.96 @ [527  60 849 663]  (top of 1)  sim=0.942
18:55:16.492 [INFO ] SAM3: mask obtained (score=0.962, area=178221 px)
18:55:16.521 [DEBUG] Grasp point: robust centroid (691, 362)
18:55:16.522 [INFO ] MaskTracker: anchor locked (IoU streak=79, last IoU=0.999)
18:55:16.580 [INFO ] Servo: err=(+51,+1)px r=51  Δ=(+0.0,-0.0,+0.0)mm  pos=(331,-7,-82)  [partial cal (rank=1)]
18:55:16.590 [INFO ] frame=82 state=NEAR      c=(691,361) z=326.0mm tilt=3.1° tilt_corr=False
18:55:16.868 [INFO ] SAM3: 1 detection(s) for 'box'
18:55:16.872 [DEBUG]   det conf=0.97 sim=0.943 pos=0.50 prox=0.99 -> 0.891
18:55:16.874 [INFO ] SAM3: 'box' score=0.97 @ [527  60 849 663]  (top of 1)  sim=0.943
18:55:16.874 [INFO ] SAM3: mask obtained (score=0.966, area=178239 px)
18:55:16.903 [DEBUG] Grasp point: robust centroid (691, 362)
18:55:16.903 [INFO ] MaskTracker: anchor locked (IoU streak=80, last IoU=0.999)
18:55:16.963 [INFO ] Servo: err=(+51,+1)px r=51  Δ=(+0.0,-0.0,+0.0)mm  pos=(331,-7,-82)  [partial cal (rank=1)]
18:55:16.977 [INFO ] frame=83 state=NEAR      c=(691,361) z=326.0mm tilt=2.2° tilt_corr=False
18:55:17.258 [INFO ] SAM3: 1 detection(s) for 'box'
18:55:17.261 [DEBUG]   det conf=0.97 sim=0.942 pos=0.50 prox=0.99 -> 0.891
18:55:17.263 [INFO ] SAM3: 'box' score=0.97 @ [528  60 849 663]  (top of 1)  sim=0.942
18:55:17.263 [INFO ] SAM3: mask obtained (score=0.967, area=178170 px)
18:55:17.291 [DEBUG] Grasp point: robust centroid (691, 362)
18:55:17.292 [INFO ] MaskTracker: anchor locked (IoU streak=81, last IoU=0.998)
18:55:17.351 [INFO ] Servo: err=(+51,+0)px r=51  Δ=(+0.0,-0.0,+0.0)mm  pos=(331,-7,-82)  [partial cal (rank=1)]
18:55:17.364 [INFO ] frame=84 state=NEAR      c=(691,360) z=326.0mm tilt=1.3° tilt_corr=False
18:55:17.654 [INFO ] SAM3: 1 detection(s) for 'box'
18:55:17.657 [DEBUG]   det conf=0.96 sim=0.942 pos=0.50 prox=0.99 -> 0.890
18:55:17.660 [INFO ] SAM3: 'box' score=0.96 @ [528  60 849 663]  (top of 1)  sim=0.942
18:55:17.661 [INFO ] SAM3: mask obtained (score=0.965, area=178212 px)
18:55:17.695 [DEBUG] Grasp point: robust centroid (691, 362)
18:55:17.695 [INFO ] MaskTracker: anchor locked (IoU streak=82, last IoU=0.999)
18:55:17.755 [INFO ] Servo: err=(+51,+1)px r=51  Δ=(+0.0,-0.0,+0.0)mm  pos=(331,-7,-82)  [partial cal (rank=1)]
18:55:17.768 [INFO ] frame=85 state=NEAR      c=(691,361) z=326.0mm tilt=2.0° tilt_corr=False
18:55:18.033 [INFO ] SAM3: 1 detection(s) for 'box'
18:55:18.035 [DEBUG]   det conf=0.96 sim=0.942 pos=0.50 prox=0.99 -> 0.890
18:55:18.038 [INFO ] SAM3: 'box' score=0.96 @ [528  60 848 664]  (top of 1)  sim=0.942
18:55:18.038 [INFO ] SAM3: mask obtained (score=0.964, area=178197 px)
18:55:18.066 [DEBUG] Grasp point: robust centroid (691, 362)
18:55:18.066 [INFO ] MaskTracker: anchor locked (IoU streak=83, last IoU=0.999)
18:55:18.125 [INFO ] Servo: err=(+51,+1)px r=51  Δ=(+0.0,-0.0,-0.0)mm  pos=(331,-7,-82)  [partial cal (rank=1)]
18:55:18.136 [INFO ] frame=86 state=NEAR      c=(691,361) z=326.0mm tilt=3.5° tilt_corr=False
18:55:18.401 [INFO ] SAM3: 1 detection(s) for 'box'
18:55:18.405 [DEBUG]   det conf=0.97 sim=0.942 pos=0.50 prox=0.99 -> 0.890
18:55:18.408 [INFO ] SAM3: 'box' score=0.97 @ [528  60 848 663]  (top of 1)  sim=0.942
18:55:18.408 [INFO ] SAM3: mask obtained (score=0.966, area=178256 px)
18:55:18.437 [DEBUG] Grasp point: robust centroid (691, 362)
18:55:18.437 [INFO ] MaskTracker: anchor locked (IoU streak=84, last IoU=0.999)
18:55:18.496 [INFO ] Servo: err=(+51,+1)px r=51  Δ=(+0.0,-0.0,-0.0)mm  pos=(331,-7,-82)  [partial cal (rank=1)]
18:55:18.509 [INFO ] frame=87 state=NEAR      c=(691,361) z=326.0mm tilt=0.4° tilt_corr=False
18:55:18.790 [INFO ] SAM3: 1 detection(s) for 'box'
18:55:18.793 [DEBUG]   det conf=0.97 sim=0.940 pos=0.50 prox=0.99 -> 0.889
18:55:18.795 [INFO ] SAM3: 'box' score=0.97 @ [528  60 849 664]  (top of 1)  sim=0.940
18:55:18.795 [INFO ] SAM3: mask obtained (score=0.965, area=178234 px)
18:55:18.824 [DEBUG] Grasp point: robust centroid (691, 362)
18:55:18.825 [INFO ] MaskTracker: anchor locked (IoU streak=85, last IoU=0.999)
18:55:18.883 [INFO ] Servo: err=(+51,+1)px r=51  Δ=(+0.0,-0.0,-0.0)mm  pos=(331,-7,-82)  [partial cal (rank=1)]
18:55:18.893 [INFO ] frame=88 state=NEAR      c=(691,361) z=326.0mm tilt=2.5° tilt_corr=False
18:55:19.169 [INFO ] SAM3: 1 detection(s) for 'box'
18:55:19.172 [DEBUG]   det conf=0.97 sim=0.941 pos=0.50 prox=0.99 -> 0.890
18:55:19.175 [INFO ] SAM3: 'box' score=0.97 @ [528  60 849 664]  (top of 1)  sim=0.941
18:55:19.175 [INFO ] SAM3: mask obtained (score=0.967, area=178214 px)
18:55:19.211 [DEBUG] Grasp point: robust centroid (691, 362)
18:55:19.211 [INFO ] MaskTracker: anchor locked (IoU streak=86, last IoU=0.999)
18:55:19.270 [INFO ] Servo: err=(+51,+1)px r=51  Δ=(+0.0,-0.0,-0.0)mm  pos=(331,-7,-82)  [partial cal (rank=1)]
18:55:19.281 [INFO ] frame=89 state=NEAR      c=(691,361) z=326.0mm tilt=1.9° tilt_corr=False
18:55:19.555 [INFO ] SAM3: 1 detection(s) for 'box'
18:55:19.558 [DEBUG]   det conf=0.96 sim=0.944 pos=0.50 prox=0.99 -> 0.891
18:55:19.561 [INFO ] SAM3: 'box' score=0.96 @ [528  60 849 663]  (top of 1)  sim=0.944
18:55:19.561 [INFO ] SAM3: mask obtained (score=0.964, area=178246 px)
18:55:19.591 [DEBUG] Grasp point: robust centroid (691, 362)
18:55:19.592 [INFO ] MaskTracker: anchor locked (IoU streak=87, last IoU=0.999)
18:55:19.650 [INFO ] Servo: err=(+51,+1)px r=51  Δ=(+0.0,-0.0,-0.0)mm  pos=(331,-7,-82)  [partial cal (rank=1)]
18:55:19.661 [INFO ] frame=90 state=NEAR      c=(691,361) z=326.0mm tilt=1.4° tilt_corr=False
18:55:19.927 [INFO ] SAM3: 1 detection(s) for 'box'
18:55:19.930 [DEBUG]   det conf=0.96 sim=0.940 pos=0.50 prox=0.99 -> 0.889
18:55:19.933 [INFO ] SAM3: 'box' score=0.96 @ [528  60 849 664]  (top of 1)  sim=0.940
18:55:19.933 [INFO ] SAM3: mask obtained (score=0.963, area=178207 px)
18:55:19.962 [DEBUG] Grasp point: robust centroid (691, 362)
18:55:19.962 [INFO ] MaskTracker: anchor locked (IoU streak=88, last IoU=0.999)
18:55:20.021 [INFO ] Servo: err=(+51,+1)px r=51  Δ=(+0.0,-0.0,+0.0)mm  pos=(331,-7,-82)  [partial cal (rank=1)]
18:55:20.034 [INFO ] frame=91 state=NEAR      c=(691,361) z=326.0mm tilt=2.0° tilt_corr=False
18:55:20.315 [INFO ] SAM3: 1 detection(s) for 'box'
18:55:20.319 [DEBUG]   det conf=0.96 sim=0.943 pos=0.50 prox=0.99 -> 0.890
18:55:20.321 [INFO ] SAM3: 'box' score=0.96 @ [527  60 848 663]  (top of 1)  sim=0.943
18:55:20.322 [INFO ] SAM3: mask obtained (score=0.961, area=178222 px)
18:55:20.349 [DEBUG] Grasp point: robust centroid (691, 362)
18:55:20.350 [INFO ] MaskTracker: anchor locked (IoU streak=89, last IoU=0.999)
18:55:20.459 [INFO ] Servo: err=(+51,+0)px r=51  Δ=(+0.0,-0.0,+0.0)mm  pos=(331,-7,-82)  [partial cal (rank=1)]
18:55:20.471 [INFO ] frame=92 state=NEAR      c=(691,360) z=326.1mm tilt=4.3° tilt_corr=False
18:55:20.750 [INFO ] SAM3: 1 detection(s) for 'box'
18:55:20.754 [DEBUG]   det conf=0.96 sim=0.941 pos=0.50 prox=0.99 -> 0.890
18:55:20.756 [INFO ] SAM3: 'box' score=0.96 @ [528  60 848 663]  (top of 1)  sim=0.941
18:55:20.756 [INFO ] SAM3: mask obtained (score=0.965, area=178211 px)
18:55:20.785 [DEBUG] Grasp point: robust centroid (691, 362)
18:55:20.785 [INFO ] MaskTracker: anchor locked (IoU streak=90, last IoU=0.999)
18:55:20.896 [INFO ] Servo: err=(+51,+0)px r=51  Δ=(+0.0,-0.0,+0.0)mm  pos=(331,-7,-82)  [partial cal (rank=1)]
18:55:20.907 [INFO ] frame=93 state=NEAR      c=(691,360) z=326.2mm tilt=2.6° tilt_corr=False
18:55:21.188 [INFO ] SAM3: 1 detection(s) for 'box'
18:55:21.190 [DEBUG]   det conf=0.96 sim=0.941 pos=0.50 prox=0.99 -> 0.890
18:55:21.192 [INFO ] SAM3: 'box' score=0.96 @ [528  60 848 663]  (top of 1)  sim=0.941
18:55:21.192 [INFO ] SAM3: mask obtained (score=0.962, area=178185 px)
18:55:21.221 [DEBUG] Grasp point: robust centroid (691, 362)
18:55:21.222 [INFO ] MaskTracker: anchor locked (IoU streak=91, last IoU=0.998)
18:55:21.280 [INFO ] Servo: err=(+51,+0)px r=51  Δ=(+0.0,-0.0,+0.0)mm  pos=(331,-7,-82)  [partial cal (rank=1)]
18:55:21.291 [INFO ] frame=94 state=NEAR      c=(691,360) z=326.2mm tilt=1.2° tilt_corr=False
18:55:21.558 [INFO ] SAM3: 1 detection(s) for 'box'
18:55:21.561 [DEBUG]   det conf=0.97 sim=0.942 pos=0.50 prox=0.99 -> 0.890
18:55:21.564 [INFO ] SAM3: 'box' score=0.97 @ [527  60 849 664]  (top of 1)  sim=0.942
18:55:21.564 [INFO ] SAM3: mask obtained (score=0.966, area=178199 px)
18:55:21.593 [DEBUG] Grasp point: robust centroid (691, 362)
18:55:21.594 [INFO ] MaskTracker: anchor locked (IoU streak=92, last IoU=0.999)
18:55:21.652 [INFO ] Servo: err=(+51,+0)px r=51  Δ=(+0.0,-0.0,+0.0)mm  pos=(331,-7,-82)  [partial cal (rank=1)]
18:55:21.663 [INFO ] frame=95 state=NEAR      c=(691,360) z=326.1mm tilt=0.8° tilt_corr=False
18:55:21.945 [INFO ] SAM3: 1 detection(s) for 'box'
18:55:21.948 [DEBUG]   det conf=0.97 sim=0.943 pos=0.50 prox=0.99 -> 0.891
18:55:21.950 [INFO ] SAM3: 'box' score=0.97 @ [528  60 849 663]  (top of 1)  sim=0.943
18:55:21.951 [INFO ] SAM3: mask obtained (score=0.966, area=178172 px)
18:55:21.980 [DEBUG] Grasp point: robust centroid (691, 362)
18:55:21.980 [INFO ] MaskTracker: anchor locked (IoU streak=93, last IoU=0.999)
18:55:22.039 [INFO ] Servo: err=(+51,+1)px r=51  Δ=(+0.0,-0.0,-0.0)mm  pos=(331,-7,-82)  [partial cal (rank=1)]
18:55:22.050 [INFO ] frame=96 state=NEAR      c=(691,361) z=326.1mm tilt=2.3° tilt_corr=False
18:55:22.324 [INFO ] SAM3: 1 detection(s) for 'box'
18:55:22.328 [DEBUG]   det conf=0.96 sim=0.941 pos=0.50 prox=0.99 -> 0.890
18:55:22.330 [INFO ] SAM3: 'box' score=0.96 @ [528  60 849 664]  (top of 1)  sim=0.941
18:55:22.330 [INFO ] SAM3: mask obtained (score=0.964, area=178277 px)
18:55:22.363 [DEBUG] Grasp point: robust centroid (691, 362)
18:55:22.363 [INFO ] MaskTracker: anchor locked (IoU streak=94, last IoU=0.999)
18:55:22.423 [INFO ] Servo: err=(+51,+1)px r=51  Δ=(+0.0,-0.0,-0.0)mm  pos=(331,-7,-82)  [partial cal (rank=1)]
18:55:22.433 [INFO ] frame=97 state=NEAR      c=(691,361) z=326.1mm tilt=1.3° tilt_corr=False
18:55:22.715 [INFO ] SAM3: 1 detection(s) for 'box'
18:55:22.719 [DEBUG]   det conf=0.96 sim=0.944 pos=0.50 prox=0.99 -> 0.891
18:55:22.721 [INFO ] SAM3: 'box' score=0.96 @ [527  60 848 664]  (top of 1)  sim=0.944
18:55:22.722 [INFO ] SAM3: mask obtained (score=0.964, area=178223 px)
18:55:22.749 [DEBUG] Grasp point: robust centroid (691, 362)
18:55:22.749 [INFO ] MaskTracker: anchor locked (IoU streak=95, last IoU=0.999)
18:55:22.808 [INFO ] Servo: err=(+51,+1)px r=51  Δ=(+0.0,-0.0,-0.0)mm  pos=(331,-7,-82)  [partial cal (rank=1)]
18:55:22.818 [INFO ] frame=98 state=NEAR      c=(691,361) z=326.1mm tilt=0.7° tilt_corr=False
18:55:23.085 [INFO ] SAM3: 1 detection(s) for 'box'
18:55:23.088 [DEBUG]   det conf=0.97 sim=0.942 pos=0.50 prox=0.99 -> 0.890
18:55:23.090 [INFO ] SAM3: 'box' score=0.97 @ [527  60 849 663]  (top of 1)  sim=0.942
18:55:23.090 [INFO ] SAM3: mask obtained (score=0.967, area=178231 px)
18:55:23.120 [DEBUG] Grasp point: robust centroid (691, 362)
18:55:23.121 [INFO ] MaskTracker: anchor locked (IoU streak=96, last IoU=0.999)
18:55:23.181 [INFO ] Servo: err=(+51,+1)px r=51  Δ=(+0.0,-0.0,-0.0)mm  pos=(331,-7,-82)  [partial cal (rank=1)]
18:55:23.192 [INFO ] frame=99 state=NEAR      c=(691,361) z=326.1mm tilt=2.2° tilt_corr=False
18:55:23.473 [INFO ] SAM3: 1 detection(s) for 'box'
18:55:23.476 [DEBUG]   det conf=0.97 sim=0.942 pos=0.50 prox=0.99 -> 0.890
18:55:23.478 [INFO ] SAM3: 'box' score=0.97 @ [528  60 849 663]  (top of 1)  sim=0.942
18:55:23.478 [INFO ] SAM3: mask obtained (score=0.966, area=178208 px)
18:55:23.514 [DEBUG] Grasp point: robust centroid (691, 362)
18:55:23.514 [INFO ] MaskTracker: anchor locked (IoU streak=97, last IoU=0.999)
18:55:23.573 [INFO ] Servo: err=(+51,+1)px r=51  Δ=(+0.0,-0.0,-0.0)mm  pos=(331,-7,-82)  [partial cal (rank=1)]
18:55:23.584 [INFO ] frame=100 state=NEAR      c=(691,361) z=326.1mm tilt=4.6° tilt_corr=False
18:55:23.867 [INFO ] SAM3: 1 detection(s) for 'box'
18:55:23.871 [DEBUG]   det conf=0.97 sim=0.942 pos=0.50 prox=0.99 -> 0.890
18:55:23.873 [INFO ] SAM3: 'box' score=0.97 @ [528  59 848 663]  (top of 1)  sim=0.942
18:55:23.874 [INFO ] SAM3: mask obtained (score=0.966, area=178252 px)
18:55:23.902 [DEBUG] Grasp point: robust centroid (691, 362)
18:55:23.902 [INFO ] MaskTracker: anchor locked (IoU streak=98, last IoU=0.999)
18:55:23.961 [INFO ] Servo: err=(+50,+0)px r=50  Δ=(+0.0,-0.0,+0.0)mm  pos=(331,-7,-82)  [partial cal (rank=1)]
18:55:23.974 [INFO ] frame=101 state=NEAR      c=(690,360) z=326.1mm tilt=0.2° tilt_corr=False
18:55:24.246 [INFO ] SAM3: 1 detection(s) for 'box'
18:55:24.249 [DEBUG]   det conf=0.97 sim=0.943 pos=0.50 prox=0.99 -> 0.890
18:55:24.251 [INFO ] SAM3: 'box' score=0.97 @ [527  60 849 663]  (top of 1)  sim=0.943
18:55:24.251 [INFO ] SAM3: mask obtained (score=0.966, area=178164 px)
18:55:24.280 [DEBUG] Grasp point: robust centroid (690, 362)
18:55:24.281 [INFO ] MaskTracker: anchor locked (IoU streak=99, last IoU=0.999)
18:55:24.339 [INFO ] Servo: err=(+50,+0)px r=50  Δ=(+0.0,-0.0,+0.0)mm  pos=(331,-7,-82)  [partial cal (rank=1)]
18:55:24.350 [INFO ] frame=102 state=NEAR      c=(690,360) z=326.1mm tilt=1.8° tilt_corr=False
18:55:24.613 [INFO ] SAM3: 1 detection(s) for 'box'
18:55:24.616 [DEBUG]   det conf=0.97 sim=0.942 pos=0.50 prox=0.99 -> 0.891
18:55:24.618 [INFO ] SAM3: 'box' score=0.97 @ [527  60 848 663]  (top of 1)  sim=0.942
18:55:24.618 [INFO ] SAM3: mask obtained (score=0.966, area=178231 px)
18:55:24.650 [DEBUG] Grasp point: robust centroid (691, 362)
18:55:24.650 [INFO ] MaskTracker: anchor locked (IoU streak=100, last IoU=0.999)
18:55:24.711 [INFO ] Servo: err=(+50,+0)px r=50  Δ=(+0.0,-0.0,+0.0)mm  pos=(331,-7,-82)  [partial cal (rank=1)]
18:55:24.725 [INFO ] frame=103 state=NEAR      c=(690,360) z=326.1mm tilt=1.7° tilt_corr=False
18:55:25.003 [INFO ] SAM3: 1 detection(s) for 'box'
18:55:25.016 [DEBUG]   det conf=0.96 sim=0.942 pos=0.50 prox=0.99 -> 0.890
18:55:25.020 [INFO ] SAM3: 'box' score=0.96 @ [527  60 849 664]  (top of 1)  sim=0.942
18:55:25.020 [INFO ] SAM3: mask obtained (score=0.963, area=178226 px)
18:55:25.048 [DEBUG] Grasp point: robust centroid (690, 362)
18:55:25.048 [INFO ] MaskTracker: anchor locked (IoU streak=101, last IoU=0.998)
18:55:25.107 [INFO ] Servo: err=(+50,+0)px r=50  Δ=(+0.0,-0.0,+0.0)mm  pos=(331,-7,-82)  [partial cal (rank=1)]
18:55:25.117 [INFO ] frame=104 state=NEAR      c=(690,360) z=326.1mm tilt=2.1° tilt_corr=False
18:55:25.398 [INFO ] SAM3: 1 detection(s) for 'box'
18:55:25.401 [DEBUG]   det conf=0.96 sim=0.942 pos=0.50 prox=1.00 -> 0.891
18:55:25.403 [INFO ] SAM3: 'box' score=0.96 @ [527  60 849 663]  (top of 1)  sim=0.942
18:55:25.404 [INFO ] SAM3: mask obtained (score=0.965, area=178164 px)
18:55:25.434 [DEBUG] Grasp point: robust centroid (691, 362)
18:55:25.436 [INFO ] MaskTracker: anchor locked (IoU streak=102, last IoU=0.999)
18:55:25.495 [INFO ] Servo: err=(+50,+0)px r=50  Δ=(+0.0,-0.0,+0.0)mm  pos=(331,-7,-82)  [partial cal (rank=1)]
18:55:25.506 [INFO ] frame=105 state=NEAR      c=(690,360) z=326.1mm tilt=0.4° tilt_corr=False
18:55:25.771 [INFO ] SAM3: 1 detection(s) for 'box'
18:55:25.774 [DEBUG]   det conf=0.97 sim=0.943 pos=0.50 prox=0.99 -> 0.891
18:55:25.777 [INFO ] SAM3: 'box' score=0.97 @ [528  60 848 664]  (top of 1)  sim=0.943
18:55:25.777 [INFO ] SAM3: mask obtained (score=0.966, area=178193 px)
18:55:25.804 [DEBUG] Grasp point: robust centroid (691, 362)
18:55:25.805 [INFO ] MaskTracker: anchor locked (IoU streak=103, last IoU=0.999)
18:55:25.863 [INFO ] Servo: err=(+50,+1)px r=50  Δ=(+0.0,-0.0,+0.0)mm  pos=(331,-7,-82)  [partial cal (rank=1)]
18:55:25.874 [INFO ] frame=106 state=NEAR      c=(690,361) z=326.1mm tilt=2.6° tilt_corr=False
18:55:26.161 [INFO ] SAM3: 1 detection(s) for 'box'
18:55:26.163 [DEBUG]   det conf=0.97 sim=0.942 pos=0.50 prox=0.99 -> 0.890
18:55:26.165 [INFO ] SAM3: 'box' score=0.97 @ [527  60 849 664]  (top of 1)  sim=0.942
18:55:26.165 [INFO ] SAM3: mask obtained (score=0.965, area=178203 px)
18:55:26.194 [DEBUG] Grasp point: robust centroid (691, 362)
18:55:26.194 [INFO ] MaskTracker: anchor locked (IoU streak=104, last IoU=0.999)
18:55:26.253 [INFO ] Servo: err=(+50,+1)px r=50  Δ=(+0.0,-0.0,+0.0)mm  pos=(331,-7,-82)  [partial cal (rank=1)]
18:55:26.263 [INFO ] frame=107 state=NEAR      c=(690,361) z=326.1mm tilt=3.3° tilt_corr=False
18:55:26.547 [INFO ] SAM3: 1 detection(s) for 'box'
18:55:26.550 [DEBUG]   det conf=0.97 sim=0.941 pos=0.50 prox=0.99 -> 0.890
18:55:26.552 [INFO ] SAM3: 'box' score=0.97 @ [528  60 848 663]  (top of 1)  sim=0.941
18:55:26.552 [INFO ] SAM3: mask obtained (score=0.966, area=178214 px)
18:55:26.583 [DEBUG] Grasp point: robust centroid (691, 362)
18:55:26.584 [INFO ] MaskTracker: anchor locked (IoU streak=105, last IoU=0.999)
18:55:26.642 [INFO ] Servo: err=(+50,+1)px r=50  Δ=(+0.0,-0.0,-0.0)mm  pos=(331,-7,-82)  [partial cal (rank=1)]
18:55:26.653 [INFO ] frame=108 state=NEAR      c=(690,361) z=326.1mm tilt=3.1° tilt_corr=False
18:55:26.930 [INFO ] SAM3: 1 detection(s) for 'box'
18:55:26.933 [DEBUG]   det conf=0.97 sim=0.940 pos=0.50 prox=0.99 -> 0.889
18:55:26.935 [INFO ] SAM3: 'box' score=0.97 @ [527  60 849 664]  (top of 1)  sim=0.940
18:55:26.935 [INFO ] SAM3: mask obtained (score=0.965, area=178191 px)
18:55:26.963 [DEBUG] Grasp point: robust centroid (691, 362)
18:55:26.963 [INFO ] MaskTracker: anchor locked (IoU streak=106, last IoU=0.999)
18:55:27.022 [INFO ] Servo: err=(+50,+1)px r=50  Δ=(+0.0,-0.0,-0.0)mm  pos=(331,-7,-82)  [partial cal (rank=1)]
18:55:27.032 [INFO ] frame=109 state=NEAR      c=(690,361) z=326.1mm tilt=2.7° tilt_corr=False
18:55:27.298 [INFO ] SAM3: 1 detection(s) for 'box'
18:55:27.301 [DEBUG]   det conf=0.96 sim=0.943 pos=0.50 prox=0.99 -> 0.890
18:55:27.303 [INFO ] SAM3: 'box' score=0.96 @ [527  60 849 664]  (top of 1)  sim=0.943
18:55:27.303 [INFO ] SAM3: mask obtained (score=0.964, area=178219 px)
18:55:27.331 [DEBUG] Grasp point: robust centroid (690, 362)
18:55:27.331 [INFO ] MaskTracker: anchor locked (IoU streak=107, last IoU=0.999)
18:55:27.390 [INFO ] Servo: err=(+50,+1)px r=50  Δ=(+0.0,-0.0,-0.0)mm  pos=(331,-7,-82)  [partial cal (rank=1)]
18:55:27.400 [INFO ] frame=110 state=NEAR      c=(690,361) z=326.0mm tilt=1.9° tilt_corr=False
18:55:27.681 [INFO ] SAM3: 1 detection(s) for 'box'
18:55:27.685 [DEBUG]   det conf=0.96 sim=0.943 pos=0.50 prox=0.99 -> 0.891
18:55:27.688 [INFO ] SAM3: 'box' score=0.96 @ [527  60 848 663]  (top of 1)  sim=0.943
18:55:27.688 [INFO ] SAM3: mask obtained (score=0.964, area=178202 px)
18:55:27.718 [DEBUG] Grasp point: robust centroid (691, 362)
18:55:27.719 [INFO ] MaskTracker: anchor locked (IoU streak=108, last IoU=0.999)
18:55:27.777 [INFO ] Servo: err=(+50,+1)px r=50  Δ=(+0.0,-0.0,-0.0)mm  pos=(331,-7,-82)  [partial cal (rank=1)]
18:55:27.788 [INFO ] frame=111 state=NEAR      c=(690,361) z=326.1mm tilt=2.0° tilt_corr=False
18:55:28.063 [INFO ] SAM3: 1 detection(s) for 'box'
18:55:28.066 [DEBUG]   det conf=0.96 sim=0.942 pos=0.50 prox=0.99 -> 0.890
18:55:28.068 [INFO ] SAM3: 'box' score=0.96 @ [527  60 849 664]  (top of 1)  sim=0.942
18:55:28.068 [INFO ] SAM3: mask obtained (score=0.962, area=178185 px)
18:55:28.100 [DEBUG] Grasp point: robust centroid (691, 362)
18:55:28.100 [INFO ] MaskTracker: anchor locked (IoU streak=109, last IoU=0.999)
18:55:28.159 [INFO ] Servo: err=(+50,+1)px r=50  Δ=(+0.0,-0.0,-0.0)mm  pos=(331,-7,-82)  [partial cal (rank=1)]
18:55:28.169 [INFO ] frame=112 state=NEAR      c=(690,361) z=326.1mm tilt=1.3° tilt_corr=False
18:55:28.442 [INFO ] SAM3: 1 detection(s) for 'box'
18:55:28.446 [DEBUG]   det conf=0.96 sim=0.941 pos=0.50 prox=0.99 -> 0.889
18:55:28.448 [INFO ] SAM3: 'box' score=0.96 @ [527  60 849 664]  (top of 1)  sim=0.941
18:55:28.448 [INFO ] SAM3: mask obtained (score=0.963, area=178202 px)
18:55:28.477 [DEBUG] Grasp point: robust centroid (691, 362)
18:55:28.478 [INFO ] MaskTracker: anchor locked (IoU streak=110, last IoU=0.999)
18:55:28.537 [INFO ] Servo: err=(+50,+1)px r=50  Δ=(+0.0,-0.0,-0.0)mm  pos=(331,-7,-82)  [partial cal (rank=1)]
18:55:28.547 [INFO ] frame=113 state=NEAR      c=(690,361) z=326.1mm tilt=2.0° tilt_corr=False
18:55:28.827 [INFO ] SAM3: 1 detection(s) for 'box'
18:55:28.830 [DEBUG]   det conf=0.96 sim=0.942 pos=0.50 prox=0.99 -> 0.890
18:55:28.832 [INFO ] SAM3: 'box' score=0.96 @ [527  60 849 664]  (top of 1)  sim=0.942
18:55:28.832 [INFO ] SAM3: mask obtained (score=0.963, area=178266 px)
18:55:28.859 [DEBUG] Grasp point: robust centroid (691, 362)
18:55:28.860 [INFO ] MaskTracker: anchor locked (IoU streak=111, last IoU=0.999)
18:55:28.918 [INFO ] Servo: err=(+50,+1)px r=50  Δ=(+0.0,-0.0,+0.0)mm  pos=(331,-7,-82)  [partial cal (rank=1)]
18:55:28.930 [INFO ] frame=114 state=NEAR      c=(690,361) z=326.1mm tilt=1.2° tilt_corr=False
18:55:29.195 [INFO ] SAM3: 1 detection(s) for 'box'
18:55:29.198 [DEBUG]   det conf=0.96 sim=0.943 pos=0.50 prox=0.99 -> 0.891
18:55:29.201 [INFO ] SAM3: 'box' score=0.96 @ [527  60 849 663]  (top of 1)  sim=0.943
18:55:29.201 [INFO ] SAM3: mask obtained (score=0.964, area=178189 px)
18:55:29.242 [DEBUG] Grasp point: robust centroid (691, 362)
18:55:29.242 [INFO ] MaskTracker: anchor locked (IoU streak=112, last IoU=0.999)
18:55:29.300 [INFO ] Servo: err=(+50,+1)px r=50  Δ=(+0.0,-0.0,+0.0)mm  pos=(331,-7,-82)  [partial cal (rank=1)]
18:55:29.311 [INFO ] frame=115 state=NEAR      c=(690,361) z=326.1mm tilt=1.8° tilt_corr=False
18:55:29.596 [INFO ] SAM3: 1 detection(s) for 'box'
18:55:29.599 [DEBUG]   det conf=0.96 sim=0.942 pos=0.50 prox=0.99 -> 0.890
18:55:29.601 [INFO ] SAM3: 'box' score=0.96 @ [527  60 849 663]  (top of 1)  sim=0.942
18:55:29.601 [INFO ] SAM3: mask obtained (score=0.963, area=178185 px)
18:55:29.630 [DEBUG] Grasp point: robust centroid (691, 362)
18:55:29.631 [INFO ] MaskTracker: anchor locked (IoU streak=113, last IoU=0.999)
18:55:29.690 [INFO ] Servo: err=(+50,+0)px r=50  Δ=(+0.0,-0.0,+0.0)mm  pos=(331,-7,-82)  [partial cal (rank=1)]
18:55:29.701 [INFO ] frame=116 state=NEAR      c=(690,360) z=326.2mm tilt=3.2° tilt_corr=False
18:55:29.986 [INFO ] SAM3: 1 detection(s) for 'box'
18:55:29.991 [DEBUG]   det conf=0.97 sim=0.942 pos=0.50 prox=0.99 -> 0.890
18:55:29.995 [INFO ] SAM3: 'box' score=0.97 @ [527  60 849 663]  (top of 1)  sim=0.942
18:55:29.996 [INFO ] SAM3: mask obtained (score=0.965, area=178214 px)
18:55:30.026 [DEBUG] Grasp point: robust centroid (691, 362)
18:55:30.027 [INFO ] MaskTracker: anchor locked (IoU streak=114, last IoU=0.999)
18:55:30.085 [INFO ] Servo: err=(+50,+0)px r=50  Δ=(+0.0,-0.0,+0.0)mm  pos=(331,-7,-82)  [partial cal (rank=1)]
18:55:30.095 [INFO ] frame=117 state=NEAR      c=(690,360) z=326.2mm tilt=1.8° tilt_corr=False
18:55:30.372 [INFO ] SAM3: 1 detection(s) for 'box'
18:55:30.374 [DEBUG]   det conf=0.97 sim=0.942 pos=0.50 prox=0.99 -> 0.890
18:55:30.376 [INFO ] SAM3: 'box' score=0.97 @ [527  60 849 664]  (top of 1)  sim=0.942
18:55:30.377 [INFO ] SAM3: mask obtained (score=0.965, area=178205 px)
18:55:30.404 [DEBUG] Grasp point: robust centroid (691, 362)
18:55:30.405 [INFO ] MaskTracker: anchor locked (IoU streak=115, last IoU=0.999)
18:55:30.463 [INFO ] Servo: err=(+50,+0)px r=50  Δ=(+0.0,-0.0,+0.0)mm  pos=(331,-7,-82)  [partial cal (rank=1)]
18:55:30.473 [INFO ] frame=118 state=NEAR      c=(690,360) z=326.1mm tilt=1.9° tilt_corr=False
18:55:30.741 [INFO ] SAM3: 1 detection(s) for 'box'
18:55:30.744 [DEBUG]   det conf=0.96 sim=0.944 pos=0.50 prox=0.99 -> 0.891
18:55:30.747 [INFO ] SAM3: 'box' score=0.96 @ [527  60 848 663]  (top of 1)  sim=0.944
18:55:30.747 [INFO ] SAM3: mask obtained (score=0.965, area=178208 px)
18:55:30.777 [DEBUG] Grasp point: robust centroid (691, 362)
18:55:30.777 [INFO ] MaskTracker: anchor locked (IoU streak=116, last IoU=0.999)
18:55:30.836 [INFO ] Servo: err=(+50,+1)px r=50  Δ=(+0.0,-0.0,-0.0)mm  pos=(331,-7,-82)  [partial cal (rank=1)]
18:55:30.849 [INFO ] frame=119 state=NEAR      c=(690,361) z=326.1mm tilt=1.4° tilt_corr=False
18:55:31.127 [INFO ] SAM3: 1 detection(s) for 'box'
18:55:31.130 [DEBUG]   det conf=0.96 sim=0.943 pos=0.50 prox=0.99 -> 0.890
18:55:31.132 [INFO ] SAM3: 'box' score=0.96 @ [527  60 848 664]  (top of 1)  sim=0.943
18:55:31.132 [INFO ] SAM3: mask obtained (score=0.964, area=178264 px)
18:55:31.160 [DEBUG] Grasp point: robust centroid (691, 362)
18:55:31.160 [INFO ] MaskTracker: anchor locked (IoU streak=117, last IoU=0.999)
18:55:31.219 [INFO ] Servo: err=(+50,+1)px r=50  Δ=(+0.0,-0.0,-0.0)mm  pos=(331,-7,-82)  [partial cal (rank=1)]
18:55:31.230 [INFO ] frame=120 state=NEAR      c=(690,361) z=326.1mm tilt=4.9° tilt_corr=False
18:55:31.508 [INFO ] SAM3: 1 detection(s) for 'box'
18:55:31.511 [DEBUG]   det conf=0.97 sim=0.943 pos=0.50 prox=0.99 -> 0.890
18:55:31.514 [INFO ] SAM3: 'box' score=0.97 @ [527  60 848 663]  (top of 1)  sim=0.943
18:55:31.514 [INFO ] SAM3: mask obtained (score=0.967, area=178201 px)
18:55:31.546 [DEBUG] Grasp point: robust centroid (691, 362)
18:55:31.546 [INFO ] MaskTracker: anchor locked (IoU streak=118, last IoU=0.998)
18:55:31.605 [INFO ] Servo: err=(+50,+1)px r=50  Δ=(+0.0,-0.0,-0.0)mm  pos=(331,-7,-82)  [partial cal (rank=1)]
18:55:31.623 [INFO ] frame=121 state=NEAR      c=(690,361) z=326.1mm tilt=1.0° tilt_corr=False
18:55:31.904 [INFO ] SAM3: 1 detection(s) for 'box'
18:55:31.907 [DEBUG]   det conf=0.96 sim=0.942 pos=0.50 prox=0.99 -> 0.890
18:55:31.909 [INFO ] SAM3: 'box' score=0.96 @ [527  60 848 664]  (top of 1)  sim=0.942
18:55:31.909 [INFO ] SAM3: mask obtained (score=0.963, area=178254 px)
18:55:31.952 [DEBUG] Grasp point: robust centroid (691, 362)
18:55:31.953 [INFO ] MaskTracker: anchor locked (IoU streak=119, last IoU=0.999)
18:55:32.011 [INFO ] Servo: err=(+50,+1)px r=50  Δ=(+0.0,-0.0,-0.0)mm  pos=(331,-7,-82)  [partial cal (rank=1)]
18:55:32.021 [INFO ] frame=122 state=NEAR      c=(690,361) z=326.1mm tilt=1.1° tilt_corr=False
18:55:32.282 [INFO ] SAM3: 1 detection(s) for 'box'
18:55:32.286 [DEBUG]   det conf=0.97 sim=0.944 pos=0.50 prox=0.99 -> 0.891
18:55:32.288 [INFO ] SAM3: 'box' score=0.97 @ [527  60 848 664]  (top of 1)  sim=0.944
18:55:32.289 [INFO ] SAM3: mask obtained (score=0.965, area=178206 px)
18:55:32.323 [DEBUG] Grasp point: robust centroid (691, 362)
18:55:32.323 [INFO ] MaskTracker: anchor locked (IoU streak=120, last IoU=0.999)
18:55:32.381 [INFO ] Servo: err=(+50,+1)px r=50  Δ=(+0.0,-0.0,-0.0)mm  pos=(331,-7,-82)  [partial cal (rank=1)]
18:55:32.392 [INFO ] frame=123 state=NEAR      c=(690,361) z=326.1mm tilt=3.0° tilt_corr=False
18:55:32.670 [INFO ] SAM3: 1 detection(s) for 'box'
18:55:32.673 [DEBUG]   det conf=0.97 sim=0.944 pos=0.50 prox=0.99 -> 0.891
18:55:32.676 [INFO ] SAM3: 'box' score=0.97 @ [527  60 848 664]  (top of 1)  sim=0.944
18:55:32.676 [INFO ] SAM3: mask obtained (score=0.968, area=178230 px)
18:55:32.706 [DEBUG] Grasp point: robust centroid (691, 362)
18:55:32.707 [INFO ] MaskTracker: anchor locked (IoU streak=121, last IoU=0.999)
18:55:32.766 [INFO ] Servo: err=(+50,+1)px r=50  Δ=(+0.0,-0.0,-0.0)mm  pos=(331,-7,-82)  [partial cal (rank=1)]
18:55:32.777 [INFO ] frame=124 state=NEAR      c=(690,361) z=326.1mm tilt=2.4° tilt_corr=False
18:55:33.063 [INFO ] SAM3: 1 detection(s) for 'box'
18:55:33.066 [DEBUG]   det conf=0.96 sim=0.942 pos=0.50 prox=0.99 -> 0.890
18:55:33.069 [INFO ] SAM3: 'box' score=0.96 @ [527  60 848 663]  (top of 1)  sim=0.942
18:55:33.069 [INFO ] SAM3: mask obtained (score=0.964, area=178226 px)
18:55:33.098 [DEBUG] Grasp point: robust centroid (691, 362)
18:55:33.098 [INFO ] MaskTracker: anchor locked (IoU streak=122, last IoU=0.999)
18:55:33.157 [INFO ] Servo: err=(+50,+1)px r=50  Δ=(+0.0,-0.0,-0.0)mm  pos=(331,-7,-82)  [partial cal (rank=1)]
18:55:33.169 [INFO ] frame=125 state=NEAR      c=(690,361) z=326.1mm tilt=3.7° tilt_corr=False
18:55:33.441 [INFO ] SAM3: 1 detection(s) for 'box'
18:55:33.444 [DEBUG]   det conf=0.96 sim=0.944 pos=0.50 prox=0.99 -> 0.891
18:55:33.446 [INFO ] SAM3: 'box' score=0.96 @ [527  60 848 663]  (top of 1)  sim=0.944
18:55:33.446 [INFO ] SAM3: mask obtained (score=0.963, area=178195 px)
18:55:33.474 [DEBUG] Grasp point: robust centroid (691, 362)
18:55:33.475 [INFO ] MaskTracker: anchor locked (IoU streak=123, last IoU=0.999)
18:55:33.533 [INFO ] Servo: err=(+50,+1)px r=50  Δ=(+0.0,-0.0,-0.0)mm  pos=(331,-7,-82)  [partial cal (rank=1)]
18:55:33.543 [INFO ] frame=126 state=NEAR      c=(690,361) z=326.1mm tilt=0.7° tilt_corr=False
18:55:33.811 [INFO ] SAM3: 1 detection(s) for 'box'
18:55:33.814 [DEBUG]   det conf=0.96 sim=0.943 pos=0.50 prox=0.99 -> 0.890
18:55:33.816 [INFO ] SAM3: 'box' score=0.96 @ [527  60 848 664]  (top of 1)  sim=0.943
18:55:33.817 [INFO ] SAM3: mask obtained (score=0.964, area=178171 px)
18:55:33.845 [DEBUG] Grasp point: robust centroid (690, 362)
18:55:33.846 [INFO ] MaskTracker: anchor locked (IoU streak=124, last IoU=0.999)
18:55:33.904 [INFO ] Servo: err=(+50,+1)px r=50  Δ=(+0.0,-0.0,-0.0)mm  pos=(331,-7,-82)  [partial cal (rank=1)]
18:55:33.914 [INFO ] frame=127 state=NEAR      c=(690,361) z=326.1mm tilt=3.0° tilt_corr=False
18:55:34.193 [INFO ] SAM3: 1 detection(s) for 'box'
18:55:34.201 [DEBUG]   det conf=0.96 sim=0.942 pos=0.50 prox=1.00 -> 0.891
18:55:34.205 [INFO ] SAM3: 'box' score=0.96 @ [527  60 849 664]  (top of 1)  sim=0.942
18:55:34.205 [INFO ] SAM3: mask obtained (score=0.964, area=178174 px)
18:55:34.234 [DEBUG] Grasp point: robust centroid (691, 362)
18:55:34.234 [INFO ] MaskTracker: anchor locked (IoU streak=125, last IoU=0.999)
18:55:34.293 [INFO ] Servo: err=(+50,+0)px r=50  Δ=(+0.0,-0.0,+0.0)mm  pos=(331,-7,-82)  [partial cal (rank=1)]
18:55:34.304 [INFO ] frame=128 state=NEAR      c=(690,360) z=326.1mm tilt=2.0° tilt_corr=False
18:55:34.586 [INFO ] SAM3: 1 detection(s) for 'box'
18:55:34.589 [DEBUG]   det conf=0.96 sim=0.941 pos=0.50 prox=0.99 -> 0.890
18:55:34.591 [INFO ] SAM3: 'box' score=0.96 @ [527  60 849 664]  (top of 1)  sim=0.941
18:55:34.591 [INFO ] SAM3: mask obtained (score=0.964, area=178231 px)
18:55:34.618 [DEBUG] Grasp point: robust centroid (691, 362)
18:55:34.619 [INFO ] MaskTracker: anchor locked (IoU streak=126, last IoU=0.999)
18:55:34.677 [INFO ] Servo: err=(+50,+1)px r=50  Δ=(+0.0,-0.0,+0.0)mm  pos=(331,-7,-82)  [partial cal (rank=1)]
18:55:34.687 [INFO ] frame=129 state=NEAR      c=(690,361) z=326.1mm tilt=1.6° tilt_corr=False
18:55:34.963 [INFO ] SAM3: 1 detection(s) for 'box'
18:55:34.967 [DEBUG]   det conf=0.97 sim=0.941 pos=0.50 prox=0.99 -> 0.890
18:55:34.969 [INFO ] SAM3: 'box' score=0.97 @ [527  60 849 664]  (top of 1)  sim=0.941
18:55:34.970 [INFO ] SAM3: mask obtained (score=0.965, area=178211 px)
18:55:34.999 [DEBUG] Grasp point: robust centroid (691, 362)
18:55:35.000 [INFO ] MaskTracker: anchor locked (IoU streak=127, last IoU=0.999)
18:55:35.060 [INFO ] Servo: err=(+50,+1)px r=50  Δ=(+0.0,-0.0,-0.0)mm  pos=(331,-7,-82)  [partial cal (rank=1)]
18:55:35.070 [INFO ] frame=130 state=NEAR      c=(690,361) z=326.1mm tilt=3.3° tilt_corr=False
18:55:35.344 [INFO ] SAM3: 1 detection(s) for 'box'
18:55:35.346 [DEBUG]   det conf=0.97 sim=0.943 pos=0.50 prox=0.99 -> 0.891
18:55:35.350 [INFO ] SAM3: 'box' score=0.97 @ [527  60 849 663]  (top of 1)  sim=0.943
18:55:35.350 [INFO ] SAM3: mask obtained (score=0.965, area=178201 px)
18:55:35.379 [DEBUG] Grasp point: robust centroid (691, 362)
18:55:35.380 [INFO ] MaskTracker: anchor locked (IoU streak=128, last IoU=0.999)
18:55:35.438 [INFO ] Servo: err=(+50,+1)px r=50  Δ=(+0.0,-0.0,+0.0)mm  pos=(331,-7,-82)  [partial cal (rank=1)]
18:55:35.447 [INFO ] frame=131 state=NEAR      c=(690,361) z=326.2mm tilt=1.2° tilt_corr=False
18:55:35.712 [INFO ] SAM3: 1 detection(s) for 'box'
18:55:35.715 [DEBUG]   det conf=0.96 sim=0.943 pos=0.50 prox=0.99 -> 0.891
18:55:35.718 [INFO ] SAM3: 'box' score=0.96 @ [527  60 849 663]  (top of 1)  sim=0.943
18:55:35.718 [INFO ] SAM3: mask obtained (score=0.964, area=178152 px)
18:55:35.747 [DEBUG] Grasp point: robust centroid (690, 362)
18:55:35.748 [INFO ] MaskTracker: anchor locked (IoU streak=129, last IoU=0.999)
18:55:35.807 [INFO ] Servo: err=(+50,+1)px r=50  Δ=(+0.0,-0.0,+0.0)mm  pos=(331,-7,-82)  [partial cal (rank=1)]
18:55:35.818 [INFO ] frame=132 state=NEAR      c=(690,361) z=326.2mm tilt=1.7° tilt_corr=False
18:55:36.099 [INFO ] SAM3: 1 detection(s) for 'box'
18:55:36.102 [DEBUG]   det conf=0.96 sim=0.941 pos=0.50 prox=1.00 -> 0.890
18:55:36.105 [INFO ] SAM3: 'box' score=0.96 @ [527  60 849 664]  (top of 1)  sim=0.941
18:55:36.105 [INFO ] SAM3: mask obtained (score=0.964, area=178190 px)
18:55:36.135 [DEBUG] Grasp point: robust centroid (691, 362)
18:55:36.136 [INFO ] MaskTracker: anchor locked (IoU streak=130, last IoU=0.999)
18:55:36.195 [INFO ] Servo: err=(+50,+1)px r=50  Δ=(+0.0,-0.0,+0.0)mm  pos=(331,-7,-82)  [partial cal (rank=1)]
18:55:36.206 [INFO ] frame=133 state=NEAR      c=(690,361) z=326.3mm tilt=0.9° tilt_corr=False
18:55:36.482 [INFO ] SAM3: 1 detection(s) for 'box'
18:55:36.485 [DEBUG]   det conf=0.97 sim=0.941 pos=0.50 prox=0.99 -> 0.889
18:55:36.487 [INFO ] SAM3: 'box' score=0.97 @ [527  60 849 664]  (top of 1)  sim=0.941
18:55:36.487 [INFO ] SAM3: mask obtained (score=0.966, area=178224 px)
18:55:36.526 [DEBUG] Grasp point: robust centroid (691, 362)
18:55:36.526 [INFO ] MaskTracker: anchor locked (IoU streak=131, last IoU=0.999)
18:55:36.584 [INFO ] Servo: err=(+50,+1)px r=50  Δ=(+0.0,-0.0,-0.0)mm  pos=(331,-7,-82)  [partial cal (rank=1)]
18:55:36.596 [INFO ] frame=134 state=NEAR      c=(690,361) z=326.2mm tilt=4.2° tilt_corr=False
18:55:36.880 [INFO ] SAM3: 1 detection(s) for 'box'
18:55:36.883 [DEBUG]   det conf=0.97 sim=0.944 pos=0.50 prox=0.99 -> 0.891
18:55:36.886 [INFO ] SAM3: 'box' score=0.97 @ [527  60 848 663]  (top of 1)  sim=0.944
18:55:36.886 [INFO ] SAM3: mask obtained (score=0.965, area=178171 px)
18:55:36.915 [DEBUG] Grasp point: robust centroid (691, 362)
18:55:36.915 [INFO ] MaskTracker: anchor locked (IoU streak=132, last IoU=0.999)
18:55:36.974 [INFO ] Servo: err=(+50,+0)px r=50  Δ=(+0.0,-0.0,+0.0)mm  pos=(331,-7,-82)  [partial cal (rank=1)]
18:55:36.988 [INFO ] frame=135 state=NEAR      c=(690,360) z=326.3mm tilt=1.8° tilt_corr=False
18:55:37.246 [INFO ] SAM3: 1 detection(s) for 'box'
18:55:37.249 [DEBUG]   det conf=0.97 sim=0.944 pos=0.50 prox=0.99 -> 0.891
18:55:37.253 [INFO ] SAM3: 'box' score=0.97 @ [527  60 848 663]  (top of 1)  sim=0.944
18:55:37.253 [INFO ] SAM3: mask obtained (score=0.965, area=178129 px)
18:55:37.289 [DEBUG] Grasp point: robust centroid (691, 362)
18:55:37.289 [INFO ] MaskTracker: anchor locked (IoU streak=133, last IoU=0.999)
18:55:37.349 [INFO ] Servo: err=(+50,+0)px r=50  Δ=(+0.0,-0.0,+0.0)mm  pos=(331,-7,-82)  [partial cal (rank=1)]
18:55:37.363 [INFO ] frame=136 state=NEAR      c=(690,360) z=326.3mm tilt=1.1° tilt_corr=False
18:55:37.643 [INFO ] SAM3: 1 detection(s) for 'box'
18:55:37.645 [DEBUG]   det conf=0.97 sim=0.941 pos=0.50 prox=0.99 -> 0.889
18:55:37.649 [INFO ] SAM3: 'box' score=0.97 @ [527  60 849 664]  (top of 1)  sim=0.941
18:55:37.649 [INFO ] SAM3: mask obtained (score=0.966, area=178235 px)
18:55:37.678 [DEBUG] Grasp point: robust centroid (690, 362)
18:55:37.678 [INFO ] MaskTracker: anchor locked (IoU streak=134, last IoU=0.999)
18:55:37.737 [INFO ] Servo: err=(+50,+1)px r=50  Δ=(+0.0,-0.0,+0.0)mm  pos=(331,-7,-82)  [partial cal (rank=1)]
18:55:37.747 [INFO ] frame=137 state=NEAR      c=(690,361) z=326.3mm tilt=3.9° tilt_corr=False
18:55:38.026 [INFO ] SAM3: 1 detection(s) for 'box'
18:55:38.029 [DEBUG]   det conf=0.96 sim=0.943 pos=0.50 prox=0.99 -> 0.891
18:55:38.032 [INFO ] SAM3: 'box' score=0.96 @ [527  60 848 663]  (top of 1)  sim=0.943
18:55:38.032 [INFO ] SAM3: mask obtained (score=0.964, area=178196 px)
18:55:38.064 [DEBUG] Grasp point: robust centroid (691, 362)
18:55:38.065 [INFO ] MaskTracker: anchor locked (IoU streak=135, last IoU=0.999)
18:55:38.124 [INFO ] Servo: err=(+50,+1)px r=50  Δ=(+0.0,-0.0,-0.0)mm  pos=(331,-7,-82)  [partial cal (rank=1)]
18:55:38.137 [INFO ] frame=138 state=NEAR      c=(690,361) z=326.2mm tilt=2.0° tilt_corr=False
18:55:38.413 [INFO ] SAM3: 1 detection(s) for 'box'
18:55:38.416 [DEBUG]   det conf=0.97 sim=0.942 pos=0.50 prox=0.99 -> 0.891
18:55:38.418 [INFO ] SAM3: 'box' score=0.97 @ [527  60 849 664]  (top of 1)  sim=0.942
18:55:38.419 [INFO ] SAM3: mask obtained (score=0.968, area=178240 px)
18:55:38.454 [DEBUG] Grasp point: robust centroid (691, 362)
18:55:38.454 [INFO ] MaskTracker: anchor locked (IoU streak=136, last IoU=0.999)
18:55:38.512 [INFO ] Servo: err=(+50,+1)px r=50  Δ=(+0.0,-0.0,-0.0)mm  pos=(331,-7,-82)  [partial cal (rank=1)]
18:55:38.521 [INFO ] frame=139 state=NEAR      c=(690,361) z=326.2mm tilt=1.9° tilt_corr=False
18:55:38.786 [INFO ] SAM3: 1 detection(s) for 'box'
18:55:38.789 [DEBUG]   det conf=0.96 sim=0.943 pos=0.50 prox=0.99 -> 0.890
18:55:38.791 [INFO ] SAM3: 'box' score=0.96 @ [527  60 848 664]  (top of 1)  sim=0.943
18:55:38.791 [INFO ] SAM3: mask obtained (score=0.963, area=178208 px)
18:55:38.822 [DEBUG] Grasp point: robust centroid (691, 362)
18:55:38.822 [INFO ] MaskTracker: anchor locked (IoU streak=137, last IoU=0.999)
18:55:38.881 [INFO ] Servo: err=(+50,+1)px r=50  Δ=(+0.0,-0.0,-0.0)mm  pos=(331,-7,-82)  [partial cal (rank=1)]
18:55:38.893 [INFO ] frame=140 state=NEAR      c=(690,361) z=326.1mm tilt=2.5° tilt_corr=False
18:55:39.172 [INFO ] SAM3: 1 detection(s) for 'box'
18:55:39.176 [DEBUG]   det conf=0.96 sim=0.941 pos=0.50 prox=0.99 -> 0.889
18:55:39.178 [INFO ] SAM3: 'box' score=0.96 @ [528  60 848 664]  (top of 1)  sim=0.941
18:55:39.178 [INFO ] SAM3: mask obtained (score=0.964, area=178270 px)
18:55:39.208 [DEBUG] Grasp point: robust centroid (691, 362)
18:55:39.209 [INFO ] MaskTracker: anchor locked (IoU streak=138, last IoU=0.999)
18:55:39.267 [INFO ] Servo: err=(+50,+1)px r=50  Δ=(+0.0,-0.0,-0.0)mm  pos=(331,-7,-82)  [partial cal (rank=1)]
18:55:39.276 [INFO ] frame=141 state=NEAR      c=(690,361) z=326.1mm tilt=2.4° tilt_corr=False
18:55:39.554 [INFO ] SAM3: 1 detection(s) for 'box'
18:55:39.558 [DEBUG]   det conf=0.97 sim=0.944 pos=0.50 prox=0.99 -> 0.891
18:55:39.561 [INFO ] SAM3: 'box' score=0.97 @ [527  60 848 663]  (top of 1)  sim=0.944
18:55:39.561 [INFO ] SAM3: mask obtained (score=0.967, area=178207 px)
18:55:39.599 [DEBUG] Grasp point: robust centroid (691, 362)
18:55:39.600 [INFO ] MaskTracker: anchor locked (IoU streak=139, last IoU=0.999)
18:55:39.658 [INFO ] Servo: err=(+50,+1)px r=50  Δ=(+0.0,-0.0,-0.0)mm  pos=(331,-7,-82)  [partial cal (rank=1)]
18:55:39.670 [INFO ] frame=142 state=NEAR      c=(690,361) z=326.1mm tilt=0.9° tilt_corr=False
18:55:39.943 [INFO ] SAM3: 1 detection(s) for 'box'
18:55:39.946 [DEBUG]   det conf=0.97 sim=0.941 pos=0.50 prox=0.99 -> 0.890
18:55:39.948 [INFO ] SAM3: 'box' score=0.97 @ [527  60 849 664]  (top of 1)  sim=0.941
18:55:39.948 [INFO ] SAM3: mask obtained (score=0.966, area=178265 px)
18:55:39.977 [DEBUG] Grasp point: robust centroid (691, 362)
18:55:39.978 [INFO ] MaskTracker: anchor locked (IoU streak=140, last IoU=0.999)
18:55:40.037 [INFO ] Servo: err=(+50,+1)px r=50  Δ=(+0.0,-0.0,-0.0)mm  pos=(331,-7,-82)  [partial cal (rank=1)]
18:55:40.047 [INFO ] frame=143 state=NEAR      c=(690,361) z=326.2mm tilt=2.1° tilt_corr=False
18:55:40.329 [INFO ] SAM3: 1 detection(s) for 'box'
18:55:40.332 [DEBUG]   det conf=0.97 sim=0.943 pos=0.50 prox=0.99 -> 0.891
18:55:40.334 [INFO ] SAM3: 'box' score=0.97 @ [527  60 848 663]  (top of 1)  sim=0.943
18:55:40.334 [INFO ] SAM3: mask obtained (score=0.965, area=178226 px)
18:55:40.361 [DEBUG] Grasp point: robust centroid (691, 362)
18:55:40.362 [INFO ] MaskTracker: anchor locked (IoU streak=141, last IoU=0.999)
18:55:40.420 [INFO ] Servo: err=(+50,+1)px r=50  Δ=(+0.0,-0.0,+0.0)mm  pos=(331,-7,-82)  [partial cal (rank=1)]
18:55:40.431 [INFO ] frame=144 state=NEAR      c=(690,361) z=326.2mm tilt=0.6° tilt_corr=False
18:55:40.686 [INFO ] SAM3: 1 detection(s) for 'box'
18:55:40.689 [DEBUG]   det conf=0.97 sim=0.943 pos=0.50 prox=0.99 -> 0.891
18:55:40.691 [INFO ] SAM3: 'box' score=0.97 @ [527  59 848 663]  (top of 1)  sim=0.943
18:55:40.691 [INFO ] SAM3: mask obtained (score=0.966, area=178209 px)
18:55:40.722 [DEBUG] Grasp point: robust centroid (690, 362)
18:55:40.723 [INFO ] MaskTracker: anchor locked (IoU streak=142, last IoU=0.999)
18:55:40.781 [INFO ] Servo: err=(+50,+0)px r=50  Δ=(+0.0,-0.0,+0.0)mm  pos=(331,-7,-82)  [partial cal (rank=1)]
18:55:40.792 [INFO ] frame=145 state=NEAR      c=(690,360) z=326.2mm tilt=1.3° tilt_corr=False
18:55:41.071 [INFO ] SAM3: 1 detection(s) for 'box'
18:55:41.074 [DEBUG]   det conf=0.97 sim=0.943 pos=0.50 prox=0.99 -> 0.892
18:55:41.077 [INFO ] SAM3: 'box' score=0.97 @ [527  60 848 663]  (top of 1)  sim=0.943
18:55:41.077 [INFO ] SAM3: mask obtained (score=0.966, area=178164 px)
18:55:41.108 [DEBUG] Grasp point: robust centroid (691, 362)
18:55:41.108 [INFO ] MaskTracker: anchor locked (IoU streak=143, last IoU=0.999)
18:55:41.167 [INFO ] Servo: err=(+50,+0)px r=50  Δ=(+0.0,-0.0,+0.0)mm  pos=(331,-7,-82)  [partial cal (rank=1)]
18:55:41.177 [INFO ] frame=146 state=NEAR      c=(690,360) z=326.2mm tilt=0.8° tilt_corr=False
18:55:41.453 [INFO ] SAM3: 1 detection(s) for 'box'
18:55:41.457 [DEBUG]   det conf=0.97 sim=0.942 pos=0.50 prox=0.99 -> 0.890
18:55:41.459 [INFO ] SAM3: 'box' score=0.97 @ [527  60 849 664]  (top of 1)  sim=0.942
18:55:41.459 [INFO ] SAM3: mask obtained (score=0.967, area=178161 px)
18:55:41.495 [DEBUG] Grasp point: robust centroid (691, 362)
18:55:41.495 [INFO ] MaskTracker: anchor locked (IoU streak=144, last IoU=0.999)
18:55:41.554 [INFO ] Servo: err=(+50,+0)px r=50  Δ=(+0.0,-0.0,+0.0)mm  pos=(331,-7,-82)  [partial cal (rank=1)]
18:55:41.571 [INFO ] frame=147 state=NEAR      c=(690,360) z=326.2mm tilt=3.3° tilt_corr=False
18:55:41.852 [INFO ] SAM3: 1 detection(s) for 'box'
18:55:41.855 [DEBUG]   det conf=0.97 sim=0.943 pos=0.50 prox=0.99 -> 0.891
18:55:41.858 [INFO ] SAM3: 'box' score=0.97 @ [527  60 849 663]  (top of 1)  sim=0.943
18:55:41.858 [INFO ] SAM3: mask obtained (score=0.966, area=178178 px)
18:55:41.888 [DEBUG] Grasp point: robust centroid (691, 362)
18:55:41.888 [INFO ] MaskTracker: anchor locked (IoU streak=145, last IoU=0.999)
18:55:41.946 [INFO ] Servo: err=(+50,+0)px r=50  Δ=(+0.0,-0.0,+0.0)mm  pos=(331,-7,-82)  [partial cal (rank=1)]
18:55:41.957 [INFO ] frame=148 state=NEAR      c=(690,360) z=326.2mm tilt=0.4° tilt_corr=False
18:55:42.234 [INFO ] SAM3: 1 detection(s) for 'box'
18:55:42.237 [DEBUG]   det conf=0.96 sim=0.945 pos=0.50 prox=0.99 -> 0.891
18:55:42.239 [INFO ] SAM3: 'box' score=0.96 @ [527  60 848 663]  (top of 1)  sim=0.945
18:55:42.239 [INFO ] SAM3: mask obtained (score=0.963, area=178202 px)
18:55:42.268 [DEBUG] Grasp point: robust centroid (690, 362)
18:55:42.268 [INFO ] MaskTracker: anchor locked (IoU streak=146, last IoU=0.999)
18:55:42.327 [INFO ] Servo: err=(+50,+1)px r=50  Δ=(+0.0,-0.0,+0.0)mm  pos=(331,-7,-82)  [partial cal (rank=1)]
18:55:42.337 [INFO ] frame=149 state=NEAR      c=(690,361) z=326.1mm tilt=1.9° tilt_corr=False
18:55:42.603 [INFO ] SAM3: 1 detection(s) for 'box'
18:55:42.605 [DEBUG]   det conf=0.96 sim=0.943 pos=0.50 prox=1.00 -> 0.891
18:55:42.607 [INFO ] SAM3: 'box' score=0.96 @ [527  60 849 663]  (top of 1)  sim=0.943
18:55:42.608 [INFO ] SAM3: mask obtained (score=0.964, area=178249 px)
18:55:42.635 [DEBUG] Grasp point: robust centroid (691, 362)
18:55:42.636 [INFO ] MaskTracker: anchor locked (IoU streak=147, last IoU=0.999)
18:55:42.694 [INFO ] Servo: err=(+50,+1)px r=50  Δ=(+0.0,-0.0,-0.0)mm  pos=(331,-7,-82)  [partial cal (rank=1)]
18:55:42.704 [INFO ] frame=150 state=NEAR      c=(690,361) z=326.2mm tilt=3.6° tilt_corr=False
18:55:42.966 [INFO ] SAM3: 1 detection(s) for 'box'
18:55:42.970 [DEBUG]   det conf=0.96 sim=0.942 pos=0.50 prox=0.99 -> 0.890
18:55:42.972 [INFO ] SAM3: 'box' score=0.96 @ [527  60 848 663]  (top of 1)  sim=0.942
18:55:42.972 [INFO ] SAM3: mask obtained (score=0.964, area=178197 px)
18:55:43.000 [DEBUG] Grasp point: robust centroid (690, 362)
18:55:43.000 [INFO ] MaskTracker: anchor locked (IoU streak=148, last IoU=0.999)
18:55:43.060 [INFO ] Servo: err=(+50,+1)px r=50  Δ=(+0.0,-0.0,-0.0)mm  pos=(331,-7,-82)  [partial cal (rank=1)]
18:55:43.071 [INFO ] frame=151 state=NEAR      c=(690,361) z=326.2mm tilt=2.3° tilt_corr=False
18:55:43.346 [INFO ] SAM3: 1 detection(s) for 'box'
18:55:43.349 [DEBUG]   det conf=0.97 sim=0.942 pos=0.50 prox=0.99 -> 0.891
18:55:43.351 [INFO ] SAM3: 'box' score=0.97 @ [527  60 849 664]  (top of 1)  sim=0.942
18:55:43.351 [INFO ] SAM3: mask obtained (score=0.967, area=178227 px)
18:55:43.380 [DEBUG] Grasp point: robust centroid (691, 362)
18:55:43.381 [INFO ] MaskTracker: anchor locked (IoU streak=149, last IoU=0.999)
18:55:43.443 [INFO ] Servo: err=(+50,+1)px r=50  Δ=(+0.0,-0.0,-0.0)mm  pos=(331,-7,-82)  [partial cal (rank=1)]
18:55:43.453 [INFO ] frame=152 state=NEAR      c=(690,361) z=326.1mm tilt=2.4° tilt_corr=False
18:55:43.738 [INFO ] SAM3: 1 detection(s) for 'box'
18:55:43.746 [DEBUG]   det conf=0.97 sim=0.942 pos=0.50 prox=0.99 -> 0.890
18:55:43.748 [INFO ] SAM3: 'box' score=0.97 @ [527  60 849 664]  (top of 1)  sim=0.942
18:55:43.749 [INFO ] SAM3: mask obtained (score=0.967, area=178230 px)
18:55:43.776 [DEBUG] Grasp point: robust centroid (691, 362)
18:55:43.777 [INFO ] MaskTracker: anchor locked (IoU streak=150, last IoU=0.999)
18:55:43.835 [INFO ] Servo: err=(+50,+1)px r=50  Δ=(+0.0,-0.0,-0.0)mm  pos=(331,-7,-82)  [partial cal (rank=1)]
18:55:43.846 [INFO ] frame=153 state=NEAR      c=(690,361) z=326.1mm tilt=3.8° tilt_corr=False
18:55:44.120 [INFO ] SAM3: 1 detection(s) for 'box'
18:55:44.123 [DEBUG]   det conf=0.96 sim=0.944 pos=0.50 prox=0.99 -> 0.891
18:55:44.125 [INFO ] SAM3: 'box' score=0.96 @ [527  60 848 663]  (top of 1)  sim=0.944
18:55:44.125 [INFO ] SAM3: mask obtained (score=0.964, area=178140 px)
18:55:44.153 [DEBUG] Grasp point: robust centroid (690, 362)
18:55:44.154 [INFO ] MaskTracker: anchor locked (IoU streak=151, last IoU=0.999)
18:55:44.212 [INFO ] Servo: err=(+50,+1)px r=50  Δ=(+0.0,-0.0,-0.0)mm  pos=(331,-7,-82)  [partial cal (rank=1)]
18:55:44.223 [INFO ] frame=154 state=NEAR      c=(690,361) z=326.1mm tilt=1.5° tilt_corr=False
18:55:44.484 [INFO ] SAM3: 1 detection(s) for 'box'
18:55:44.488 [DEBUG]   det conf=0.97 sim=0.943 pos=0.50 prox=1.00 -> 0.891
18:55:44.491 [INFO ] SAM3: 'box' score=0.97 @ [527  60 848 664]  (top of 1)  sim=0.943
18:55:44.491 [INFO ] SAM3: mask obtained (score=0.966, area=178181 px)
18:55:44.520 [DEBUG] Grasp point: robust centroid (691, 362)
18:55:44.521 [INFO ] MaskTracker: anchor locked (IoU streak=152, last IoU=0.999)
18:55:44.581 [INFO ] Servo: err=(+50,+1)px r=50  Δ=(+0.0,-0.0,-0.0)mm  pos=(331,-7,-82)  [partial cal (rank=1)]
18:55:44.591 [INFO ] frame=155 state=NEAR      c=(690,361) z=326.1mm tilt=1.0° tilt_corr=False
18:55:44.880 [INFO ] SAM3: 1 detection(s) for 'box'
18:55:44.882 [DEBUG]   det conf=0.96 sim=0.943 pos=0.50 prox=0.99 -> 0.891
18:55:44.884 [INFO ] SAM3: 'box' score=0.96 @ [527  60 849 663]  (top of 1)  sim=0.943
18:55:44.884 [INFO ] SAM3: mask obtained (score=0.965, area=178212 px)
18:55:44.911 [DEBUG] Grasp point: robust centroid (690, 362)
18:55:44.912 [INFO ] MaskTracker: anchor locked (IoU streak=153, last IoU=0.999)
18:55:44.971 [INFO ] Servo: err=(+50,+1)px r=50  Δ=(+0.0,-0.0,+0.0)mm  pos=(331,-7,-82)  [partial cal (rank=1)]
18:55:44.982 [INFO ] frame=156 state=NEAR      c=(690,361) z=326.1mm tilt=2.5° tilt_corr=False
18:55:45.264 [INFO ] SAM3: 1 detection(s) for 'box'
18:55:45.267 [DEBUG]   det conf=0.97 sim=0.943 pos=0.50 prox=0.99 -> 0.892
18:55:45.270 [INFO ] SAM3: 'box' score=0.97 @ [527  60 848 663]  (top of 1)  sim=0.943
18:55:45.270 [INFO ] SAM3: mask obtained (score=0.967, area=178217 px)
18:55:45.301 [DEBUG] Grasp point: robust centroid (691, 362)
18:55:45.301 [INFO ] MaskTracker: anchor locked (IoU streak=154, last IoU=0.999)
18:55:45.360 [INFO ] Servo: err=(+50,+1)px r=50  Δ=(+0.0,-0.0,+0.0)mm  pos=(331,-7,-82)  [partial cal (rank=1)]
18:55:45.371 [INFO ] frame=157 state=NEAR      c=(690,361) z=326.1mm tilt=1.8° tilt_corr=False
18:55:45.644 [INFO ] SAM3: 1 detection(s) for 'box'
18:55:45.648 [DEBUG]   det conf=0.96 sim=0.944 pos=0.50 prox=0.99 -> 0.891
18:55:45.650 [INFO ] SAM3: 'box' score=0.96 @ [527  60 848 664]  (top of 1)  sim=0.944
18:55:45.650 [INFO ] SAM3: mask obtained (score=0.962, area=178240 px)
18:55:45.679 [DEBUG] Grasp point: robust centroid (691, 362)
18:55:45.680 [INFO ] MaskTracker: anchor locked (IoU streak=155, last IoU=0.999)
18:55:45.738 [INFO ] Servo: err=(+50,+0)px r=50  Δ=(+0.0,-0.0,+0.0)mm  pos=(331,-7,-82)  [partial cal (rank=1)]
18:55:45.748 [INFO ] frame=158 state=NEAR      c=(690,360) z=326.2mm tilt=1.6° tilt_corr=False
18:55:46.029 [INFO ] SAM3: 1 detection(s) for 'box'
18:55:46.032 [DEBUG]   det conf=0.96 sim=0.942 pos=0.50 prox=0.99 -> 0.890
18:55:46.035 [INFO ] SAM3: 'box' score=0.96 @ [527  60 849 664]  (top of 1)  sim=0.942
18:55:46.035 [INFO ] SAM3: mask obtained (score=0.963, area=178222 px)
18:55:46.064 [DEBUG] Grasp point: robust centroid (690, 362)
18:55:46.064 [INFO ] MaskTracker: anchor locked (IoU streak=156, last IoU=0.999)
18:55:46.124 [INFO ] Servo: err=(+50,+1)px r=50  Δ=(+0.0,-0.0,+0.0)mm  pos=(331,-7,-82)  [partial cal (rank=1)]
18:55:46.138 [INFO ] frame=159 state=NEAR      c=(690,361) z=326.1mm tilt=4.1° tilt_corr=False
18:55:46.428 [INFO ] SAM3: 1 detection(s) for 'box'
18:55:46.431 [DEBUG]   det conf=0.96 sim=0.943 pos=0.50 prox=1.00 -> 0.891
18:55:46.433 [INFO ] SAM3: 'box' score=0.96 @ [527  60 849 664]  (top of 1)  sim=0.943
18:55:46.433 [INFO ] SAM3: mask obtained (score=0.963, area=178186 px)
18:55:46.463 [DEBUG] Grasp point: robust centroid (690, 362)
18:55:46.464 [INFO ] MaskTracker: anchor locked (IoU streak=157, last IoU=0.999)
18:55:46.523 [INFO ] Servo: err=(+50,+0)px r=50  Δ=(+0.0,-0.0,+0.0)mm  pos=(331,-7,-82)  [partial cal (rank=1)]
18:55:46.527 [INFO ] Quit requested via window key.
18:55:46.537 [INFO ] frame=160 state=NEAR      c=(690,360) z=326.1mm tilt=4.1° tilt_corr=False
18:55:46.593 [INFO ] Returning to home position [181.3, -7.5, -48.6] mm ...
18:55:50.222 [INFO ] Home position reached.
18:55:50.222 [INFO ] Robot stopped.
18:55:50.227 [INFO ] Done.
