21:30:19.431 [INFO ] Logging to /data/user/akanksha/repo/visual_servoing_for_suction_grippers/logs/servo_lastmile_20260510_213019.log
21:30:19.447 [INFO ] ======================================================================
21:30:19.447 [INFO ] servo_lastmile_v2_ext starting
21:30:19.447 [INFO ]   detector=sam3  prompt=box  ref=masked_objects/protein_bar.png  hand-eye=None
21:30:19.447 [INFO ]   offline=False  debug=True  dry-run=False  no-robot=False
21:30:19.447 [INFO ] ======================================================================
21:30:19.460 [INFO ] PyZED available - will use ZED SDK for capture and SVO recording
21:30:19.460 [INFO ] Ground truth XYZ loaded: [634.121, 3.494, -86.965] mm
21:30:20.321 [ERROR] Robot connect failed: connect socket failed
21:30:20.321 [ERROR] Robot connect failed — _arm is None. All robot operations will be skipped. Check that the robot is powered on and reachable at 192.168.1.241.
21:30:20.327 [INFO ] Processing reference image ...
21:30:23.514 [INFO ] SAM3 loaded: facebook/sam3 on cuda
21:30:24.059 [INFO ] SAM3: 1 detection(s) for 'box'
21:30:24.059 [INFO ] Ref image: detected 'box' score=0.96 @ [  2   1 423 715]
21:30:24.143 [INFO ] Feature extractor (ResNet-18) loaded
21:30:24.169 [INFO ] Ref features: 512-d vector (norm=1.000)
21:30:24.169 [WARNING] Hand-eye: no path supplied; using identity. Signal A (locked-3D projection) will be unreliable. Run a one-time calibrateHandEye to populate.
21:30:24.169 [INFO ] LastMilePipelineV2Ext: detector_name=sam3
21:30:26.104 [INFO ] SAM3: 1 detection(s) for 'box'
21:30:26.106 [DEBUG]   det conf=0.96 sim=0.922 pos=0.42 prox=0.00 -> 0.621
21:30:26.108 [INFO ] SAM3: 'box' score=0.96 @ [563 209 775 619]  (top of 1)  sim=0.922
21:30:26.108 [INFO ] SAM3: mask obtained (score=0.962, area=84157 px)
21:30:26.484 [DEBUG] Grasp point: robust centroid (669, 414)
21:30:26.550 [INFO ] frame=0 state=FAR       c=(670,413) depth=477.8mm  robot xyz=(nan, nan, nan)mm  tilt=-
21:30:26.824 [INFO ] SAM3: 1 detection(s) for 'box'
21:30:26.826 [DEBUG]   det conf=0.96 sim=0.921 pos=0.42 prox=1.00 -> 0.869
21:30:26.828 [INFO ] SAM3: 'box' score=0.96 @ [563 209 775 619]  (top of 1)  sim=0.921
21:30:26.828 [INFO ] SAM3: mask obtained (score=0.958, area=84152 px)
21:30:26.855 [DEBUG] Grasp point: robust centroid (669, 414)
21:30:26.867 [INFO ] frame=1 state=FAR       c=(670,413) depth=477.2mm  robot xyz=(nan, nan, nan)mm  tilt=-
21:30:27.142 [INFO ] SAM3: 1 detection(s) for 'box'
21:30:27.144 [DEBUG]   det conf=0.96 sim=0.921 pos=0.42 prox=1.00 -> 0.870
21:30:27.145 [INFO ] SAM3: 'box' score=0.96 @ [563 209 775 619]  (top of 1)  sim=0.921
21:30:27.145 [INFO ] SAM3: mask obtained (score=0.961, area=84141 px)
21:30:27.174 [DEBUG] Grasp point: robust centroid (670, 414)
21:30:29.917 [INFO ] frame=2 state=NEAR      c=(670,413) depth=477.4mm  robot xyz=(nan, nan, nan)mm  tilt=-
21:30:30.188 [INFO ] SAM3: 1 detection(s) for 'box'
21:30:30.191 [DEBUG]   det conf=0.96 sim=0.921 pos=0.42 prox=1.00 -> 0.870
21:30:30.193 [INFO ] SAM3: 'box' score=0.96 @ [563 209 775 619]  (top of 1)  sim=0.921
21:30:30.193 [INFO ] SAM3: mask obtained (score=0.963, area=84168 px)
21:30:30.223 [DEBUG] Grasp point: robust centroid (669, 414)
21:30:30.235 [INFO ] frame=3 state=NEAR      c=(670,413) depth=477.6mm  robot xyz=(nan, nan, nan)mm  tilt=-
21:30:30.509 [INFO ] SAM3: 1 detection(s) for 'box'
21:30:30.512 [DEBUG]   det conf=0.96 sim=0.922 pos=0.42 prox=1.00 -> 0.870
21:30:30.514 [INFO ] SAM3: 'box' score=0.96 @ [563 209 775 619]  (top of 1)  sim=0.922
21:30:30.514 [INFO ] SAM3: mask obtained (score=0.962, area=84162 px)
21:30:30.547 [DEBUG] Grasp point: robust centroid (669, 414)
21:30:30.558 [INFO ] frame=4 state=NEAR      c=(670,413) depth=477.4mm  robot xyz=(nan, nan, nan)mm  tilt=-
21:30:30.831 [INFO ] SAM3: 1 detection(s) for 'box'
21:30:30.833 [DEBUG]   det conf=0.96 sim=0.920 pos=0.42 prox=1.00 -> 0.869
21:30:30.835 [INFO ] SAM3: 'box' score=0.96 @ [563 209 775 619]  (top of 1)  sim=0.920
21:30:30.835 [INFO ] SAM3: mask obtained (score=0.962, area=84140 px)
21:30:30.864 [DEBUG] Grasp point: robust centroid (669, 414)
21:30:30.864 [INFO ] MaskTracker: anchor locked (IoU streak=5, last IoU=0.999)
21:30:30.875 [INFO ] frame=5 state=NEAR      c=(670,413) depth=477.1mm  robot xyz=(nan, nan, nan)mm  tilt=-
21:30:31.136 [INFO ] SAM3: 1 detection(s) for 'box'
21:30:31.138 [DEBUG]   det conf=0.96 sim=0.922 pos=0.42 prox=1.00 -> 0.870
21:30:31.140 [INFO ] SAM3: 'box' score=0.96 @ [563 209 775 619]  (top of 1)  sim=0.922
21:30:31.140 [INFO ] SAM3: mask obtained (score=0.962, area=84155 px)
21:30:31.168 [DEBUG] Grasp point: robust centroid (669, 414)
21:30:31.168 [INFO ] MaskTracker: anchor locked (IoU streak=6, last IoU=0.999)
21:30:31.179 [INFO ] frame=6 state=NEAR      c=(670,413) depth=477.1mm  robot xyz=(nan, nan, nan)mm  tilt=-
21:30:31.436 [INFO ] SAM3: 1 detection(s) for 'box'
21:30:31.439 [DEBUG]   det conf=0.96 sim=0.922 pos=0.42 prox=1.00 -> 0.870
21:30:31.440 [INFO ] SAM3: 'box' score=0.96 @ [563 209 775 619]  (top of 1)  sim=0.922
21:30:31.440 [INFO ] SAM3: mask obtained (score=0.963, area=84127 px)
21:30:31.468 [DEBUG] Grasp point: robust centroid (669, 414)
21:30:31.468 [INFO ] MaskTracker: anchor locked (IoU streak=7, last IoU=0.999)
21:30:31.479 [INFO ] frame=7 state=NEAR      c=(670,413) depth=477.0mm  robot xyz=(nan, nan, nan)mm  tilt=-
21:30:31.740 [INFO ] SAM3: 1 detection(s) for 'box'
21:30:31.742 [DEBUG]   det conf=0.96 sim=0.923 pos=0.42 prox=1.00 -> 0.871
21:30:31.743 [INFO ] SAM3: 'box' score=0.96 @ [563 209 775 619]  (top of 1)  sim=0.923
21:30:31.744 [INFO ] SAM3: mask obtained (score=0.962, area=84110 px)
21:30:31.773 [DEBUG] Grasp point: robust centroid (669, 414)
21:30:31.773 [INFO ] MaskTracker: anchor locked (IoU streak=8, last IoU=0.999)
21:30:31.784 [INFO ] frame=8 state=NEAR      c=(670,413) depth=477.0mm  robot xyz=(nan, nan, nan)mm  tilt=-
21:30:32.055 [INFO ] SAM3: 1 detection(s) for 'box'
21:30:32.058 [DEBUG]   det conf=0.96 sim=0.920 pos=0.42 prox=1.00 -> 0.869
21:30:32.059 [INFO ] SAM3: 'box' score=0.96 @ [563 209 775 619]  (top of 1)  sim=0.920
21:30:32.060 [INFO ] SAM3: mask obtained (score=0.959, area=84158 px)
21:30:32.089 [DEBUG] Grasp point: robust centroid (669, 414)
21:30:32.090 [INFO ] MaskTracker: anchor locked (IoU streak=9, last IoU=0.999)
21:30:32.100 [INFO ] frame=9 state=NEAR      c=(670,413) depth=476.8mm  robot xyz=(nan, nan, nan)mm  tilt=-
21:30:32.369 [INFO ] SAM3: 1 detection(s) for 'box'
21:30:32.372 [DEBUG]   det conf=0.96 sim=0.923 pos=0.42 prox=1.00 -> 0.871
21:30:32.374 [INFO ] SAM3: 'box' score=0.96 @ [563 209 775 619]  (top of 1)  sim=0.923
21:30:32.374 [INFO ] SAM3: mask obtained (score=0.963, area=84177 px)
21:30:32.402 [DEBUG] Grasp point: robust centroid (669, 414)
21:30:32.403 [INFO ] MaskTracker: anchor locked (IoU streak=10, last IoU=0.999)
21:30:32.413 [INFO ] frame=10 state=NEAR      c=(670,413) depth=476.8mm  robot xyz=(nan, nan, nan)mm  tilt=-
21:30:32.687 [INFO ] SAM3: 1 detection(s) for 'box'
21:30:32.689 [DEBUG]   det conf=0.96 sim=0.920 pos=0.42 prox=1.00 -> 0.869
21:30:32.691 [INFO ] SAM3: 'box' score=0.96 @ [563 209 775 619]  (top of 1)  sim=0.920
21:30:32.691 [INFO ] SAM3: mask obtained (score=0.963, area=84116 px)
21:30:32.721 [DEBUG] Grasp point: robust centroid (669, 414)
21:30:32.721 [INFO ] MaskTracker: anchor locked (IoU streak=11, last IoU=0.999)
21:30:32.732 [INFO ] frame=11 state=NEAR      c=(670,413) depth=476.9mm  robot xyz=(nan, nan, nan)mm  tilt=-
21:30:33.005 [INFO ] SAM3: 1 detection(s) for 'box'
21:30:33.008 [DEBUG]   det conf=0.96 sim=0.923 pos=0.42 prox=1.00 -> 0.871
21:30:33.010 [INFO ] SAM3: 'box' score=0.96 @ [563 209 775 619]  (top of 1)  sim=0.923
21:30:33.010 [INFO ] SAM3: mask obtained (score=0.962, area=84167 px)
21:30:33.039 [DEBUG] Grasp point: robust centroid (669, 414)
21:30:33.040 [INFO ] MaskTracker: anchor locked (IoU streak=12, last IoU=0.999)
21:30:33.051 [INFO ] frame=12 state=NEAR      c=(670,413) depth=476.9mm  robot xyz=(nan, nan, nan)mm  tilt=-
21:30:33.315 [INFO ] SAM3: 1 detection(s) for 'box'
21:30:33.318 [DEBUG]   det conf=0.96 sim=0.922 pos=0.42 prox=1.00 -> 0.870
21:30:33.320 [INFO ] SAM3: 'box' score=0.96 @ [563 209 775 619]  (top of 1)  sim=0.922
21:30:33.320 [INFO ] SAM3: mask obtained (score=0.960, area=84143 px)
21:30:33.348 [DEBUG] Grasp point: robust centroid (669, 414)
21:30:33.348 [INFO ] MaskTracker: anchor locked (IoU streak=13, last IoU=0.999)
21:30:33.360 [INFO ] frame=13 state=NEAR      c=(670,413) depth=476.9mm  robot xyz=(nan, nan, nan)mm  tilt=-
21:30:33.615 [INFO ] SAM3: 1 detection(s) for 'box'
21:30:33.617 [DEBUG]   det conf=0.96 sim=0.924 pos=0.42 prox=1.00 -> 0.871
21:30:33.619 [INFO ] SAM3: 'box' score=0.96 @ [563 209 775 619]  (top of 1)  sim=0.924
21:30:33.619 [INFO ] SAM3: mask obtained (score=0.963, area=84143 px)
21:30:33.646 [DEBUG] Grasp point: robust centroid (669, 414)
21:30:33.646 [INFO ] MaskTracker: anchor locked (IoU streak=14, last IoU=0.999)
21:30:33.657 [INFO ] frame=14 state=NEAR      c=(670,413) depth=477.0mm  robot xyz=(nan, nan, nan)mm  tilt=-
21:30:33.916 [INFO ] SAM3: 1 detection(s) for 'box'
21:30:33.918 [DEBUG]   det conf=0.96 sim=0.922 pos=0.42 prox=1.00 -> 0.870
21:30:33.920 [INFO ] SAM3: 'box' score=0.96 @ [563 209 775 619]  (top of 1)  sim=0.922
21:30:33.920 [INFO ] SAM3: mask obtained (score=0.961, area=84131 px)
21:30:33.947 [DEBUG] Grasp point: robust centroid (669, 414)
21:30:33.947 [INFO ] MaskTracker: anchor locked (IoU streak=15, last IoU=0.999)
21:30:33.958 [INFO ] frame=15 state=NEAR      c=(670,413) depth=476.9mm  robot xyz=(nan, nan, nan)mm  tilt=-
21:30:34.219 [INFO ] SAM3: 1 detection(s) for 'box'
21:30:34.221 [DEBUG]   det conf=0.96 sim=0.921 pos=0.42 prox=1.00 -> 0.870
21:30:34.223 [INFO ] SAM3: 'box' score=0.96 @ [563 209 775 619]  (top of 1)  sim=0.921
21:30:34.223 [INFO ] SAM3: mask obtained (score=0.965, area=84083 px)
21:30:34.252 [DEBUG] Grasp point: robust centroid (669, 414)
21:30:34.252 [INFO ] MaskTracker: anchor locked (IoU streak=16, last IoU=0.999)
21:30:34.262 [INFO ] frame=16 state=NEAR      c=(670,413) depth=476.9mm  robot xyz=(nan, nan, nan)mm  tilt=-
21:30:34.534 [INFO ] SAM3: 1 detection(s) for 'box'
21:30:34.537 [DEBUG]   det conf=0.96 sim=0.924 pos=0.42 prox=1.00 -> 0.871
21:30:34.538 [INFO ] SAM3: 'box' score=0.96 @ [563 209 775 619]  (top of 1)  sim=0.924
21:30:34.539 [INFO ] SAM3: mask obtained (score=0.962, area=84134 px)
21:30:34.567 [DEBUG] Grasp point: robust centroid (669, 414)
21:30:34.568 [INFO ] MaskTracker: anchor locked (IoU streak=17, last IoU=0.999)
21:30:34.579 [INFO ] frame=17 state=NEAR      c=(670,413) depth=477.0mm  robot xyz=(nan, nan, nan)mm  tilt=-
21:30:34.850 [INFO ] SAM3: 1 detection(s) for 'box'
21:30:34.852 [DEBUG]   det conf=0.96 sim=0.922 pos=0.42 prox=1.00 -> 0.871
21:30:34.854 [INFO ] SAM3: 'box' score=0.96 @ [563 209 775 619]  (top of 1)  sim=0.922
21:30:34.854 [INFO ] SAM3: mask obtained (score=0.965, area=84102 px)
21:30:34.882 [DEBUG] Grasp point: robust centroid (669, 414)
21:30:34.883 [INFO ] MaskTracker: anchor locked (IoU streak=18, last IoU=0.999)
21:30:34.893 [INFO ] frame=18 state=NEAR      c=(670,413) depth=476.9mm  robot xyz=(nan, nan, nan)mm  tilt=-
21:30:35.154 [INFO ] SAM3: 1 detection(s) for 'box'
21:30:35.157 [DEBUG]   det conf=0.96 sim=0.923 pos=0.42 prox=1.00 -> 0.871
21:30:35.158 [INFO ] SAM3: 'box' score=0.96 @ [563 209 775 619]  (top of 1)  sim=0.923
21:30:35.159 [INFO ] SAM3: mask obtained (score=0.962, area=84096 px)
21:30:35.187 [DEBUG] Grasp point: robust centroid (670, 414)
21:30:35.187 [INFO ] MaskTracker: anchor locked (IoU streak=19, last IoU=0.999)
21:30:35.198 [INFO ] frame=19 state=NEAR      c=(670,413) depth=476.9mm  robot xyz=(nan, nan, nan)mm  tilt=-
21:30:35.456 [INFO ] SAM3: 1 detection(s) for 'box'
21:30:35.458 [DEBUG]   det conf=0.96 sim=0.922 pos=0.42 prox=1.00 -> 0.870
21:30:35.460 [INFO ] SAM3: 'box' score=0.96 @ [563 209 775 619]  (top of 1)  sim=0.922
21:30:35.460 [INFO ] SAM3: mask obtained (score=0.961, area=84140 px)
21:30:35.488 [DEBUG] Grasp point: robust centroid (669, 414)
21:30:35.488 [INFO ] MaskTracker: anchor locked (IoU streak=20, last IoU=0.999)
21:30:35.499 [INFO ] frame=20 state=NEAR      c=(670,413) depth=476.9mm  robot xyz=(nan, nan, nan)mm  tilt=-
21:30:35.755 [INFO ] SAM3: 1 detection(s) for 'box'
21:30:35.757 [DEBUG]   det conf=0.96 sim=0.920 pos=0.42 prox=1.00 -> 0.869
21:30:35.759 [INFO ] SAM3: 'box' score=0.96 @ [563 209 775 619]  (top of 1)  sim=0.920
21:30:35.759 [INFO ] SAM3: mask obtained (score=0.962, area=84081 px)
21:30:35.786 [DEBUG] Grasp point: robust centroid (669, 414)
21:30:35.787 [INFO ] MaskTracker: anchor locked (IoU streak=21, last IoU=0.999)
21:30:35.797 [INFO ] frame=21 state=NEAR      c=(670,413) depth=476.8mm  robot xyz=(nan, nan, nan)mm  tilt=-
21:30:36.054 [INFO ] SAM3: 1 detection(s) for 'box'
21:30:36.056 [DEBUG]   det conf=0.96 sim=0.922 pos=0.42 prox=1.00 -> 0.871
21:30:36.057 [INFO ] SAM3: 'box' score=0.96 @ [563 209 775 619]  (top of 1)  sim=0.922
21:30:36.058 [INFO ] SAM3: mask obtained (score=0.964, area=84120 px)
21:30:36.086 [DEBUG] Grasp point: robust centroid (669, 414)
21:30:36.086 [INFO ] MaskTracker: anchor locked (IoU streak=22, last IoU=0.999)
21:30:36.096 [INFO ] frame=22 state=NEAR      c=(670,413) depth=476.9mm  robot xyz=(nan, nan, nan)mm  tilt=-
21:30:36.354 [INFO ] SAM3: 1 detection(s) for 'box'
21:30:36.356 [DEBUG]   det conf=0.96 sim=0.923 pos=0.42 prox=1.00 -> 0.871
21:30:36.357 [INFO ] SAM3: 'box' score=0.96 @ [563 209 775 619]  (top of 1)  sim=0.923
21:30:36.357 [INFO ] SAM3: mask obtained (score=0.961, area=84116 px)
21:30:36.385 [DEBUG] Grasp point: robust centroid (669, 414)
21:30:36.385 [INFO ] MaskTracker: anchor locked (IoU streak=23, last IoU=0.999)
21:30:36.395 [INFO ] frame=23 state=NEAR      c=(670,413) depth=476.8mm  robot xyz=(nan, nan, nan)mm  tilt=-
21:30:36.649 [INFO ] SAM3: 1 detection(s) for 'box'
21:30:36.651 [DEBUG]   det conf=0.96 sim=0.923 pos=0.42 prox=1.00 -> 0.871
21:30:36.653 [INFO ] SAM3: 'box' score=0.96 @ [563 209 775 619]  (top of 1)  sim=0.923
21:30:36.653 [INFO ] SAM3: mask obtained (score=0.962, area=84154 px)
21:30:36.681 [DEBUG] Grasp point: robust centroid (669, 414)
21:30:36.682 [INFO ] MaskTracker: anchor locked (IoU streak=24, last IoU=0.999)
21:30:36.693 [INFO ] frame=24 state=NEAR      c=(670,413) depth=476.8mm  robot xyz=(nan, nan, nan)mm  tilt=-
21:30:36.961 [INFO ] SAM3: 1 detection(s) for 'box'
21:30:36.965 [DEBUG]   det conf=0.96 sim=0.921 pos=0.42 prox=1.00 -> 0.870
21:30:36.967 [INFO ] SAM3: 'box' score=0.96 @ [563 209 775 619]  (top of 1)  sim=0.921
21:30:36.968 [INFO ] SAM3: mask obtained (score=0.960, area=84154 px)
21:30:36.997 [DEBUG] Grasp point: robust centroid (669, 414)
21:30:36.998 [INFO ] MaskTracker: anchor locked (IoU streak=25, last IoU=0.999)
21:30:37.010 [INFO ] frame=25 state=NEAR      c=(670,413) depth=476.8mm  robot xyz=(nan, nan, nan)mm  tilt=-
21:30:37.272 [INFO ] SAM3: 1 detection(s) for 'box'
21:30:37.275 [DEBUG]   det conf=0.96 sim=0.921 pos=0.42 prox=1.00 -> 0.870
21:30:37.277 [INFO ] SAM3: 'box' score=0.96 @ [563 209 775 619]  (top of 1)  sim=0.921
21:30:37.278 [INFO ] SAM3: mask obtained (score=0.963, area=84090 px)
21:30:37.307 [DEBUG] Grasp point: robust centroid (669, 414)
21:30:37.308 [INFO ] MaskTracker: anchor locked (IoU streak=26, last IoU=0.999)
21:30:37.319 [INFO ] frame=26 state=NEAR      c=(670,413) depth=476.8mm  robot xyz=(nan, nan, nan)mm  tilt=-
21:30:37.579 [INFO ] SAM3: 1 detection(s) for 'box'
21:30:37.583 [DEBUG]   det conf=0.96 sim=0.922 pos=0.42 prox=1.00 -> 0.870
21:30:37.585 [INFO ] SAM3: 'box' score=0.96 @ [563 209 775 619]  (top of 1)  sim=0.922
21:30:37.586 [INFO ] SAM3: mask obtained (score=0.963, area=84137 px)
21:30:37.616 [DEBUG] Grasp point: robust centroid (669, 414)
21:30:37.617 [INFO ] MaskTracker: anchor locked (IoU streak=27, last IoU=0.999)
21:30:37.628 [INFO ] frame=27 state=NEAR      c=(670,413) depth=476.9mm  robot xyz=(nan, nan, nan)mm  tilt=-
21:30:37.891 [INFO ] SAM3: 1 detection(s) for 'box'
21:30:37.894 [DEBUG]   det conf=0.96 sim=0.921 pos=0.42 prox=1.00 -> 0.870
21:30:37.895 [INFO ] SAM3: 'box' score=0.96 @ [563 209 775 619]  (top of 1)  sim=0.921
21:30:37.896 [INFO ] SAM3: mask obtained (score=0.963, area=84088 px)
21:30:37.924 [DEBUG] Grasp point: robust centroid (669, 414)
21:30:37.924 [INFO ] MaskTracker: anchor locked (IoU streak=28, last IoU=0.999)
21:30:37.935 [INFO ] frame=28 state=NEAR      c=(670,413) depth=476.9mm  robot xyz=(nan, nan, nan)mm  tilt=-
21:30:38.192 [INFO ] SAM3: 1 detection(s) for 'box'
21:30:38.194 [DEBUG]   det conf=0.96 sim=0.921 pos=0.42 prox=1.00 -> 0.870
21:30:38.195 [INFO ] SAM3: 'box' score=0.96 @ [563 209 775 619]  (top of 1)  sim=0.921
21:30:38.195 [INFO ] SAM3: mask obtained (score=0.964, area=84157 px)
21:30:38.223 [DEBUG] Grasp point: robust centroid (669, 414)
21:30:38.223 [INFO ] MaskTracker: anchor locked (IoU streak=29, last IoU=0.999)
21:30:38.234 [INFO ] frame=29 state=NEAR      c=(670,413) depth=476.9mm  robot xyz=(nan, nan, nan)mm  tilt=-
21:30:38.489 [INFO ] SAM3: 1 detection(s) for 'box'
21:30:38.491 [DEBUG]   det conf=0.96 sim=0.922 pos=0.42 prox=1.00 -> 0.870
21:30:38.493 [INFO ] SAM3: 'box' score=0.96 @ [563 209 775 619]  (top of 1)  sim=0.922
21:30:38.493 [INFO ] SAM3: mask obtained (score=0.962, area=84098 px)
21:30:38.521 [DEBUG] Grasp point: robust centroid (669, 414)
21:30:38.521 [INFO ] MaskTracker: anchor locked (IoU streak=30, last IoU=0.999)
21:30:38.588 [INFO ] frame=30 state=NEAR      c=(670,413) depth=477.0mm  robot xyz=(nan, nan, nan)mm  tilt=-
21:30:38.855 [INFO ] SAM3: 1 detection(s) for 'box'
21:30:38.858 [DEBUG]   det conf=0.97 sim=0.922 pos=0.42 prox=1.00 -> 0.871
21:30:38.859 [INFO ] SAM3: 'box' score=0.97 @ [563 209 775 619]  (top of 1)  sim=0.922
21:30:38.860 [INFO ] SAM3: mask obtained (score=0.966, area=84112 px)
21:30:38.889 [DEBUG] Grasp point: robust centroid (669, 414)
21:30:38.889 [INFO ] MaskTracker: anchor locked (IoU streak=31, last IoU=0.999)
21:30:38.900 [INFO ] frame=31 state=NEAR      c=(670,413) depth=476.9mm  robot xyz=(nan, nan, nan)mm  tilt=-
21:30:39.171 [INFO ] SAM3: 1 detection(s) for 'box'
21:30:39.173 [DEBUG]   det conf=0.96 sim=0.921 pos=0.42 prox=1.00 -> 0.870
21:30:39.175 [INFO ] SAM3: 'box' score=0.96 @ [563 209 775 619]  (top of 1)  sim=0.921
21:30:39.175 [INFO ] SAM3: mask obtained (score=0.964, area=84082 px)
21:30:39.202 [DEBUG] Grasp point: robust centroid (669, 414)
21:30:39.203 [INFO ] MaskTracker: anchor locked (IoU streak=32, last IoU=0.999)
21:30:39.213 [INFO ] frame=32 state=NEAR      c=(670,413) depth=477.0mm  robot xyz=(nan, nan, nan)mm  tilt=-
21:30:39.483 [INFO ] SAM3: 1 detection(s) for 'box'
21:30:39.486 [DEBUG]   det conf=0.96 sim=0.921 pos=0.42 prox=1.00 -> 0.870
21:30:39.487 [INFO ] SAM3: 'box' score=0.96 @ [563 209 775 619]  (top of 1)  sim=0.921
21:30:39.487 [INFO ] SAM3: mask obtained (score=0.964, area=84088 px)
21:30:39.516 [DEBUG] Grasp point: robust centroid (670, 414)
21:30:39.516 [INFO ] MaskTracker: anchor locked (IoU streak=33, last IoU=0.999)
21:30:39.527 [INFO ] frame=33 state=NEAR      c=(670,413) depth=476.9mm  robot xyz=(nan, nan, nan)mm  tilt=-
21:30:39.786 [INFO ] SAM3: 1 detection(s) for 'box'
21:30:39.789 [DEBUG]   det conf=0.96 sim=0.920 pos=0.42 prox=1.00 -> 0.869
21:30:39.790 [INFO ] SAM3: 'box' score=0.96 @ [563 209 775 619]  (top of 1)  sim=0.920
21:30:39.791 [INFO ] SAM3: mask obtained (score=0.960, area=84152 px)
21:30:39.818 [DEBUG] Grasp point: robust centroid (669, 414)
21:30:39.818 [INFO ] MaskTracker: anchor locked (IoU streak=34, last IoU=0.999)
21:30:39.828 [INFO ] frame=34 state=NEAR      c=(670,413) depth=476.9mm  robot xyz=(nan, nan, nan)mm  tilt=-
21:30:40.101 [INFO ] SAM3: 1 detection(s) for 'box'
21:30:40.103 [DEBUG]   det conf=0.96 sim=0.922 pos=0.42 prox=1.00 -> 0.870
21:30:40.105 [INFO ] SAM3: 'box' score=0.96 @ [563 209 775 619]  (top of 1)  sim=0.922
21:30:40.105 [INFO ] SAM3: mask obtained (score=0.964, area=84148 px)
21:30:40.134 [DEBUG] Grasp point: robust centroid (669, 414)
21:30:40.135 [INFO ] MaskTracker: anchor locked (IoU streak=35, last IoU=0.999)
21:30:40.145 [INFO ] frame=35 state=NEAR      c=(670,413) depth=477.0mm  robot xyz=(nan, nan, nan)mm  tilt=-
21:30:40.418 [INFO ] SAM3: 1 detection(s) for 'box'
21:30:40.420 [DEBUG]   det conf=0.96 sim=0.922 pos=0.42 prox=1.00 -> 0.870
21:30:40.422 [INFO ] SAM3: 'box' score=0.96 @ [563 209 775 619]  (top of 1)  sim=0.922
21:30:40.422 [INFO ] SAM3: mask obtained (score=0.961, area=84121 px)
21:30:40.451 [DEBUG] Grasp point: robust centroid (669, 414)
21:30:40.451 [INFO ] MaskTracker: anchor locked (IoU streak=36, last IoU=0.999)
21:30:40.463 [INFO ] frame=36 state=NEAR      c=(670,413) depth=476.9mm  robot xyz=(nan, nan, nan)mm  tilt=-
21:30:40.734 [INFO ] SAM3: 1 detection(s) for 'box'
21:30:40.737 [DEBUG]   det conf=0.96 sim=0.922 pos=0.42 prox=1.00 -> 0.871
21:30:40.738 [INFO ] SAM3: 'box' score=0.96 @ [563 209 775 619]  (top of 1)  sim=0.922
21:30:40.739 [INFO ] SAM3: mask obtained (score=0.964, area=84105 px)
21:30:40.768 [DEBUG] Grasp point: robust centroid (669, 414)
21:30:40.768 [INFO ] MaskTracker: anchor locked (IoU streak=37, last IoU=0.999)
21:30:40.779 [INFO ] frame=37 state=NEAR      c=(670,413) depth=477.0mm  robot xyz=(nan, nan, nan)mm  tilt=-
21:30:41.050 [INFO ] SAM3: 1 detection(s) for 'box'
21:30:41.052 [DEBUG]   det conf=0.96 sim=0.922 pos=0.42 prox=1.00 -> 0.871
21:30:41.054 [INFO ] SAM3: 'box' score=0.96 @ [563 209 775 619]  (top of 1)  sim=0.922
21:30:41.054 [INFO ] SAM3: mask obtained (score=0.964, area=84170 px)
21:30:41.082 [DEBUG] Grasp point: robust centroid (669, 414)
21:30:41.083 [INFO ] MaskTracker: anchor locked (IoU streak=38, last IoU=0.999)
21:30:41.093 [INFO ] frame=38 state=NEAR      c=(670,413) depth=477.0mm  robot xyz=(nan, nan, nan)mm  tilt=-
21:30:41.365 [INFO ] SAM3: 1 detection(s) for 'box'
21:30:41.369 [DEBUG]   det conf=0.96 sim=0.920 pos=0.42 prox=1.00 -> 0.870
21:30:41.371 [INFO ] SAM3: 'box' score=0.96 @ [563 209 775 619]  (top of 1)  sim=0.920
21:30:41.372 [INFO ] SAM3: mask obtained (score=0.964, area=84139 px)
21:30:41.401 [DEBUG] Grasp point: robust centroid (669, 414)
21:30:41.401 [INFO ] MaskTracker: anchor locked (IoU streak=39, last IoU=0.999)
21:30:41.412 [INFO ] frame=39 state=NEAR      c=(670,413) depth=477.0mm  robot xyz=(nan, nan, nan)mm  tilt=-
21:30:41.685 [INFO ] SAM3: 1 detection(s) for 'box'
21:30:41.688 [DEBUG]   det conf=0.96 sim=0.922 pos=0.42 prox=1.00 -> 0.871
21:30:41.689 [INFO ] SAM3: 'box' score=0.96 @ [563 209 775 619]  (top of 1)  sim=0.922
21:30:41.689 [INFO ] SAM3: mask obtained (score=0.964, area=84128 px)
21:30:41.718 [DEBUG] Grasp point: robust centroid (669, 414)
21:30:41.718 [INFO ] MaskTracker: anchor locked (IoU streak=40, last IoU=0.999)
21:30:41.729 [INFO ] frame=40 state=NEAR      c=(670,413) depth=477.0mm  robot xyz=(nan, nan, nan)mm  tilt=-
21:30:42.001 [INFO ] SAM3: 1 detection(s) for 'box'
21:30:42.004 [DEBUG]   det conf=0.96 sim=0.923 pos=0.42 prox=1.00 -> 0.871
21:30:42.005 [INFO ] SAM3: 'box' score=0.96 @ [563 209 775 619]  (top of 1)  sim=0.923
21:30:42.006 [INFO ] SAM3: mask obtained (score=0.963, area=84128 px)
21:30:42.034 [DEBUG] Grasp point: robust centroid (669, 414)
21:30:42.034 [INFO ] MaskTracker: anchor locked (IoU streak=41, last IoU=0.999)
21:30:42.044 [INFO ] frame=41 state=NEAR      c=(670,413) depth=476.9mm  robot xyz=(nan, nan, nan)mm  tilt=-
21:30:42.314 [INFO ] SAM3: 1 detection(s) for 'box'
21:30:42.317 [DEBUG]   det conf=0.96 sim=0.922 pos=0.42 prox=1.00 -> 0.870
21:30:42.319 [INFO ] SAM3: 'box' score=0.96 @ [563 209 775 619]  (top of 1)  sim=0.922
21:30:42.319 [INFO ] SAM3: mask obtained (score=0.960, area=84133 px)
21:30:42.347 [DEBUG] Grasp point: robust centroid (669, 414)
21:30:42.348 [INFO ] MaskTracker: anchor locked (IoU streak=42, last IoU=0.999)
21:30:42.358 [INFO ] frame=42 state=NEAR      c=(670,413) depth=476.9mm  robot xyz=(nan, nan, nan)mm  tilt=-
21:30:42.624 [INFO ] SAM3: 1 detection(s) for 'box'
21:30:42.626 [DEBUG]   det conf=0.96 sim=0.921 pos=0.42 prox=1.00 -> 0.870
21:30:42.628 [INFO ] SAM3: 'box' score=0.96 @ [563 209 775 619]  (top of 1)  sim=0.921
21:30:42.628 [INFO ] SAM3: mask obtained (score=0.963, area=84111 px)
21:30:42.657 [DEBUG] Grasp point: robust centroid (669, 414)
21:30:42.657 [INFO ] MaskTracker: anchor locked (IoU streak=43, last IoU=0.999)
21:30:42.668 [INFO ] frame=43 state=NEAR      c=(670,413) depth=476.8mm  robot xyz=(nan, nan, nan)mm  tilt=-
21:30:42.929 [INFO ] SAM3: 1 detection(s) for 'box'
21:30:42.932 [DEBUG]   det conf=0.96 sim=0.921 pos=0.42 prox=1.00 -> 0.870
21:30:42.934 [INFO ] SAM3: 'box' score=0.96 @ [563 209 775 619]  (top of 1)  sim=0.921
21:30:42.935 [INFO ] SAM3: mask obtained (score=0.962, area=84149 px)
21:30:42.963 [DEBUG] Grasp point: robust centroid (669, 414)
21:30:42.963 [INFO ] MaskTracker: anchor locked (IoU streak=44, last IoU=0.999)
21:30:42.973 [INFO ] frame=44 state=NEAR      c=(670,413) depth=476.8mm  robot xyz=(nan, nan, nan)mm  tilt=-
21:30:43.239 [INFO ] SAM3: 1 detection(s) for 'box'
21:30:43.242 [DEBUG]   det conf=0.96 sim=0.923 pos=0.42 prox=1.00 -> 0.871
21:30:43.244 [INFO ] SAM3: 'box' score=0.96 @ [563 209 775 619]  (top of 1)  sim=0.923
21:30:43.244 [INFO ] SAM3: mask obtained (score=0.962, area=84134 px)
21:30:43.272 [DEBUG] Grasp point: robust centroid (669, 414)
21:30:43.273 [INFO ] MaskTracker: anchor locked (IoU streak=45, last IoU=0.999)
21:30:43.284 [INFO ] frame=45 state=NEAR      c=(670,413) depth=476.8mm  robot xyz=(nan, nan, nan)mm  tilt=-
21:30:43.549 [INFO ] SAM3: 1 detection(s) for 'box'
21:30:43.552 [DEBUG]   det conf=0.96 sim=0.922 pos=0.42 prox=1.00 -> 0.870
21:30:43.553 [INFO ] SAM3: 'box' score=0.96 @ [563 209 775 619]  (top of 1)  sim=0.922
21:30:43.554 [INFO ] SAM3: mask obtained (score=0.963, area=84109 px)
21:30:43.581 [DEBUG] Grasp point: robust centroid (669, 414)
21:30:43.581 [INFO ] MaskTracker: anchor locked (IoU streak=46, last IoU=0.999)
21:30:43.593 [INFO ] frame=46 state=NEAR      c=(670,413) depth=476.9mm  robot xyz=(nan, nan, nan)mm  tilt=-
21:30:43.858 [INFO ] SAM3: 1 detection(s) for 'box'
21:30:43.860 [DEBUG]   det conf=0.97 sim=0.922 pos=0.42 prox=1.00 -> 0.871
21:30:43.862 [INFO ] SAM3: 'box' score=0.97 @ [563 209 775 619]  (top of 1)  sim=0.922
21:30:43.862 [INFO ] SAM3: mask obtained (score=0.968, area=84137 px)
21:30:43.890 [DEBUG] Grasp point: robust centroid (669, 414)
21:30:43.891 [INFO ] MaskTracker: anchor locked (IoU streak=47, last IoU=0.999)
21:30:43.904 [INFO ] frame=47 state=NEAR      c=(670,413) depth=476.8mm  robot xyz=(nan, nan, nan)mm  tilt=-
21:30:44.179 [INFO ] SAM3: 1 detection(s) for 'box'
21:30:44.181 [DEBUG]   det conf=0.96 sim=0.923 pos=0.42 prox=1.00 -> 0.871
21:30:44.184 [INFO ] SAM3: 'box' score=0.96 @ [563 209 775 619]  (top of 1)  sim=0.923
21:30:44.184 [INFO ] SAM3: mask obtained (score=0.962, area=84133 px)
21:30:44.212 [DEBUG] Grasp point: robust centroid (669, 414)
21:30:44.212 [INFO ] MaskTracker: anchor locked (IoU streak=48, last IoU=0.999)
21:30:44.224 [INFO ] frame=48 state=NEAR      c=(670,413) depth=476.8mm  robot xyz=(nan, nan, nan)mm  tilt=-
21:30:44.493 [INFO ] SAM3: 1 detection(s) for 'box'
21:30:44.495 [DEBUG]   det conf=0.96 sim=0.920 pos=0.42 prox=1.00 -> 0.870
21:30:44.497 [INFO ] SAM3: 'box' score=0.96 @ [563 209 775 619]  (top of 1)  sim=0.920
21:30:44.498 [INFO ] SAM3: mask obtained (score=0.964, area=84130 px)
21:30:44.526 [DEBUG] Grasp point: robust centroid (669, 414)
21:30:44.527 [INFO ] MaskTracker: anchor locked (IoU streak=49, last IoU=0.999)
21:30:44.539 [INFO ] frame=49 state=NEAR      c=(670,413) depth=476.9mm  robot xyz=(nan, nan, nan)mm  tilt=-
21:30:44.810 [INFO ] SAM3: 1 detection(s) for 'box'
21:30:44.813 [DEBUG]   det conf=0.97 sim=0.921 pos=0.42 prox=1.00 -> 0.870
21:30:44.815 [INFO ] SAM3: 'box' score=0.97 @ [563 209 775 619]  (top of 1)  sim=0.921
21:30:44.815 [INFO ] SAM3: mask obtained (score=0.965, area=84105 px)
21:30:44.843 [DEBUG] Grasp point: robust centroid (669, 414)
21:30:44.843 [INFO ] MaskTracker: anchor locked (IoU streak=50, last IoU=0.999)
21:30:44.855 [INFO ] frame=50 state=NEAR      c=(670,413) depth=476.9mm  robot xyz=(nan, nan, nan)mm  tilt=-
21:30:45.119 [INFO ] SAM3: 1 detection(s) for 'box'
21:30:45.121 [DEBUG]   det conf=0.96 sim=0.922 pos=0.42 prox=1.00 -> 0.871
21:30:45.123 [INFO ] SAM3: 'box' score=0.96 @ [563 209 775 619]  (top of 1)  sim=0.922
21:30:45.123 [INFO ] SAM3: mask obtained (score=0.962, area=84127 px)
21:30:45.150 [DEBUG] Grasp point: robust centroid (669, 414)
21:30:45.151 [INFO ] MaskTracker: anchor locked (IoU streak=51, last IoU=0.999)
21:30:45.160 [INFO ] frame=51 state=NEAR      c=(670,413) depth=477.0mm  robot xyz=(nan, nan, nan)mm  tilt=-
21:30:45.423 [INFO ] SAM3: 1 detection(s) for 'box'
21:30:45.426 [DEBUG]   det conf=0.96 sim=0.923 pos=0.42 prox=1.00 -> 0.871
21:30:45.427 [INFO ] SAM3: 'box' score=0.96 @ [563 209 775 619]  (top of 1)  sim=0.923
21:30:45.427 [INFO ] SAM3: mask obtained (score=0.962, area=84100 px)
21:30:45.456 [DEBUG] Grasp point: robust centroid (669, 414)
21:30:45.456 [INFO ] MaskTracker: anchor locked (IoU streak=52, last IoU=0.999)
21:30:45.469 [INFO ] frame=52 state=NEAR      c=(670,413) depth=477.0mm  robot xyz=(nan, nan, nan)mm  tilt=-
21:30:45.733 [INFO ] SAM3: 1 detection(s) for 'box'
21:30:45.736 [DEBUG]   det conf=0.96 sim=0.922 pos=0.42 prox=1.00 -> 0.871
21:30:45.737 [INFO ] SAM3: 'box' score=0.96 @ [563 209 775 619]  (top of 1)  sim=0.922
21:30:45.737 [INFO ] SAM3: mask obtained (score=0.964, area=84165 px)
21:30:45.765 [DEBUG] Grasp point: robust centroid (669, 414)
21:30:45.765 [INFO ] MaskTracker: anchor locked (IoU streak=53, last IoU=0.999)
21:30:45.776 [INFO ] frame=53 state=NEAR      c=(670,413) depth=477.2mm  robot xyz=(nan, nan, nan)mm  tilt=-
21:30:46.037 [INFO ] SAM3: 1 detection(s) for 'box'
21:30:46.039 [DEBUG]   det conf=0.96 sim=0.922 pos=0.42 prox=1.00 -> 0.870
21:30:46.040 [INFO ] SAM3: 'box' score=0.96 @ [563 209 775 619]  (top of 1)  sim=0.922
21:30:46.041 [INFO ] SAM3: mask obtained (score=0.962, area=84124 px)
21:30:46.067 [DEBUG] Grasp point: robust centroid (669, 414)
21:30:46.068 [INFO ] MaskTracker: anchor locked (IoU streak=54, last IoU=0.999)
21:30:46.079 [INFO ] frame=54 state=NEAR      c=(670,413) depth=477.2mm  robot xyz=(nan, nan, nan)mm  tilt=-
21:30:46.323 [INFO ] SAM3: 1 detection(s) for 'box'
21:30:46.326 [DEBUG]   det conf=0.97 sim=0.923 pos=0.42 prox=1.00 -> 0.871
21:30:46.327 [INFO ] SAM3: 'box' score=0.97 @ [563 209 775 619]  (top of 1)  sim=0.923
21:30:46.327 [INFO ] SAM3: mask obtained (score=0.965, area=84093 px)
21:30:46.354 [DEBUG] Grasp point: robust centroid (669, 414)
21:30:46.354 [INFO ] MaskTracker: anchor locked (IoU streak=55, last IoU=0.999)
21:30:46.365 [INFO ] frame=55 state=NEAR      c=(670,413) depth=477.3mm  robot xyz=(nan, nan, nan)mm  tilt=-
21:30:46.612 [INFO ] SAM3: 1 detection(s) for 'box'
21:30:46.615 [DEBUG]   det conf=0.96 sim=0.924 pos=0.42 prox=1.00 -> 0.872
21:30:46.616 [INFO ] SAM3: 'box' score=0.96 @ [563 209 775 619]  (top of 1)  sim=0.924
21:30:46.617 [INFO ] SAM3: mask obtained (score=0.963, area=84143 px)
21:30:46.643 [DEBUG] Grasp point: robust centroid (669, 414)
21:30:46.644 [INFO ] MaskTracker: anchor locked (IoU streak=56, last IoU=0.999)
21:30:46.654 [INFO ] frame=56 state=NEAR      c=(670,413) depth=477.2mm  robot xyz=(nan, nan, nan)mm  tilt=-
21:30:46.900 [INFO ] SAM3: 1 detection(s) for 'box'
21:30:46.902 [DEBUG]   det conf=0.96 sim=0.923 pos=0.42 prox=1.00 -> 0.871
21:30:46.904 [INFO ] SAM3: 'box' score=0.96 @ [563 209 775 619]  (top of 1)  sim=0.923
21:30:46.904 [INFO ] SAM3: mask obtained (score=0.963, area=84124 px)
21:30:46.934 [DEBUG] Grasp point: robust centroid (669, 414)
21:30:46.934 [INFO ] MaskTracker: anchor locked (IoU streak=57, last IoU=0.999)
21:30:46.946 [INFO ] frame=57 state=NEAR      c=(670,413) depth=477.2mm  robot xyz=(nan, nan, nan)mm  tilt=-
21:30:47.195 [INFO ] SAM3: 1 detection(s) for 'box'
21:30:47.197 [DEBUG]   det conf=0.96 sim=0.921 pos=0.42 prox=1.00 -> 0.870
21:30:47.199 [INFO ] SAM3: 'box' score=0.96 @ [563 209 775 619]  (top of 1)  sim=0.921
21:30:47.199 [INFO ] SAM3: mask obtained (score=0.964, area=84123 px)
21:30:47.225 [DEBUG] Grasp point: robust centroid (669, 414)
21:30:47.226 [INFO ] MaskTracker: anchor locked (IoU streak=58, last IoU=0.999)
21:30:47.235 [INFO ] frame=58 state=NEAR      c=(670,413) depth=477.1mm  robot xyz=(nan, nan, nan)mm  tilt=-
21:30:47.489 [INFO ] SAM3: 1 detection(s) for 'box'
21:30:47.492 [DEBUG]   det conf=0.96 sim=0.921 pos=0.42 prox=1.00 -> 0.869
21:30:47.493 [INFO ] SAM3: 'box' score=0.96 @ [563 209 775 619]  (top of 1)  sim=0.921
21:30:47.493 [INFO ] SAM3: mask obtained (score=0.961, area=84166 px)
21:30:47.522 [DEBUG] Grasp point: robust centroid (669, 414)
21:30:47.522 [INFO ] MaskTracker: anchor locked (IoU streak=59, last IoU=0.999)
21:30:47.535 [INFO ] frame=59 state=NEAR      c=(670,413) depth=477.1mm  robot xyz=(nan, nan, nan)mm  tilt=-
21:30:47.794 [INFO ] SAM3: 1 detection(s) for 'box'
21:30:47.797 [DEBUG]   det conf=0.96 sim=0.924 pos=0.42 prox=1.00 -> 0.872
21:30:47.798 [INFO ] SAM3: 'box' score=0.96 @ [563 209 775 619]  (top of 1)  sim=0.924
21:30:47.799 [INFO ] SAM3: mask obtained (score=0.965, area=84190 px)
21:30:47.826 [DEBUG] Grasp point: robust centroid (670, 414)
21:30:47.826 [INFO ] MaskTracker: anchor locked (IoU streak=60, last IoU=0.999)
21:30:47.892 [INFO ] frame=60 state=NEAR      c=(670,413) depth=477.2mm  robot xyz=(nan, nan, nan)mm  tilt=-
21:30:48.156 [INFO ] SAM3: 1 detection(s) for 'box'
21:30:48.158 [DEBUG]   det conf=0.96 sim=0.922 pos=0.42 prox=1.00 -> 0.870
21:30:48.160 [INFO ] SAM3: 'box' score=0.96 @ [563 209 775 619]  (top of 1)  sim=0.922
21:30:48.160 [INFO ] SAM3: mask obtained (score=0.958, area=84111 px)
21:30:48.189 [DEBUG] Grasp point: robust centroid (669, 414)
21:30:48.189 [INFO ] MaskTracker: anchor locked (IoU streak=61, last IoU=0.999)
21:30:48.201 [INFO ] frame=61 state=NEAR      c=(670,413) depth=477.3mm  robot xyz=(nan, nan, nan)mm  tilt=-
21:30:48.465 [INFO ] SAM3: 1 detection(s) for 'box'
21:30:48.467 [DEBUG]   det conf=0.96 sim=0.922 pos=0.42 prox=1.00 -> 0.870
21:30:48.468 [INFO ] SAM3: 'box' score=0.96 @ [563 209 775 619]  (top of 1)  sim=0.922
21:30:48.469 [INFO ] SAM3: mask obtained (score=0.962, area=84125 px)
21:30:48.496 [DEBUG] Grasp point: robust centroid (669, 414)
21:30:48.496 [INFO ] MaskTracker: anchor locked (IoU streak=62, last IoU=0.999)
21:30:48.508 [INFO ] frame=62 state=NEAR      c=(670,413) depth=477.3mm  robot xyz=(nan, nan, nan)mm  tilt=-
21:30:48.763 [INFO ] SAM3: 1 detection(s) for 'box'
21:30:48.765 [DEBUG]   det conf=0.96 sim=0.920 pos=0.42 prox=1.00 -> 0.870
21:30:48.767 [INFO ] SAM3: 'box' score=0.96 @ [563 209 775 619]  (top of 1)  sim=0.920
21:30:48.767 [INFO ] SAM3: mask obtained (score=0.964, area=84082 px)
21:30:48.794 [DEBUG] Grasp point: robust centroid (669, 414)
21:30:48.794 [INFO ] MaskTracker: anchor locked (IoU streak=63, last IoU=0.999)
21:30:48.805 [INFO ] frame=63 state=NEAR      c=(670,413) depth=477.2mm  robot xyz=(nan, nan, nan)mm  tilt=-
21:30:49.062 [INFO ] SAM3: 1 detection(s) for 'box'
21:30:49.064 [DEBUG]   det conf=0.96 sim=0.922 pos=0.42 prox=1.00 -> 0.871
21:30:49.066 [INFO ] SAM3: 'box' score=0.96 @ [563 209 775 619]  (top of 1)  sim=0.922
21:30:49.066 [INFO ] SAM3: mask obtained (score=0.963, area=84114 px)
21:30:49.092 [DEBUG] Grasp point: robust centroid (669, 414)
21:30:49.093 [INFO ] MaskTracker: anchor locked (IoU streak=64, last IoU=0.999)
21:30:49.103 [INFO ] frame=64 state=NEAR      c=(670,413) depth=477.2mm  robot xyz=(nan, nan, nan)mm  tilt=-
21:30:49.350 [INFO ] SAM3: 1 detection(s) for 'box'
21:30:49.352 [DEBUG]   det conf=0.96 sim=0.921 pos=0.42 prox=1.00 -> 0.870
21:30:49.355 [INFO ] SAM3: 'box' score=0.96 @ [563 209 775 619]  (top of 1)  sim=0.921
21:30:49.355 [INFO ] SAM3: mask obtained (score=0.959, area=84142 px)
21:30:49.381 [DEBUG] Grasp point: robust centroid (669, 414)
21:30:49.381 [INFO ] MaskTracker: anchor locked (IoU streak=65, last IoU=0.999)
21:30:49.392 [INFO ] frame=65 state=NEAR      c=(670,413) depth=477.2mm  robot xyz=(nan, nan, nan)mm  tilt=-
21:30:49.636 [INFO ] SAM3: 1 detection(s) for 'box'
21:30:49.638 [DEBUG]   det conf=0.96 sim=0.921 pos=0.42 prox=1.00 -> 0.870
21:30:49.640 [INFO ] SAM3: 'box' score=0.96 @ [563 209 775 619]  (top of 1)  sim=0.921
21:30:49.640 [INFO ] SAM3: mask obtained (score=0.963, area=84098 px)
21:30:49.667 [DEBUG] Grasp point: robust centroid (669, 414)
21:30:49.667 [INFO ] MaskTracker: anchor locked (IoU streak=66, last IoU=0.999)
21:30:49.678 [INFO ] frame=66 state=NEAR      c=(670,413) depth=477.2mm  robot xyz=(nan, nan, nan)mm  tilt=-
21:30:49.924 [INFO ] SAM3: 1 detection(s) for 'box'
21:30:49.926 [DEBUG]   det conf=0.96 sim=0.922 pos=0.42 prox=1.00 -> 0.870
21:30:49.928 [INFO ] SAM3: 'box' score=0.96 @ [563 209 775 619]  (top of 1)  sim=0.922
21:30:49.928 [INFO ] SAM3: mask obtained (score=0.961, area=84108 px)
21:30:49.954 [DEBUG] Grasp point: robust centroid (669, 414)
21:30:49.955 [INFO ] MaskTracker: anchor locked (IoU streak=67, last IoU=0.999)
21:30:49.966 [INFO ] frame=67 state=NEAR      c=(670,413) depth=477.2mm  robot xyz=(nan, nan, nan)mm  tilt=-
21:30:50.215 [INFO ] SAM3: 1 detection(s) for 'box'
21:30:50.218 [DEBUG]   det conf=0.96 sim=0.920 pos=0.42 prox=1.00 -> 0.870
21:30:50.220 [INFO ] SAM3: 'box' score=0.96 @ [563 209 775 619]  (top of 1)  sim=0.920
21:30:50.220 [INFO ] SAM3: mask obtained (score=0.965, area=84155 px)
21:30:50.246 [DEBUG] Grasp point: robust centroid (669, 414)
21:30:50.246 [INFO ] MaskTracker: anchor locked (IoU streak=68, last IoU=0.999)
21:30:50.257 [INFO ] frame=68 state=NEAR      c=(670,413) depth=477.2mm  robot xyz=(nan, nan, nan)mm  tilt=-
21:30:50.501 [INFO ] SAM3: 1 detection(s) for 'box'
21:30:50.503 [DEBUG]   det conf=0.96 sim=0.922 pos=0.42 prox=1.00 -> 0.870
21:30:50.504 [INFO ] SAM3: 'box' score=0.96 @ [563 209 775 619]  (top of 1)  sim=0.922
21:30:50.505 [INFO ] SAM3: mask obtained (score=0.959, area=84137 px)
21:30:50.532 [DEBUG] Grasp point: robust centroid (669, 414)
21:30:50.532 [INFO ] MaskTracker: anchor locked (IoU streak=69, last IoU=0.999)
21:30:50.543 [INFO ] frame=69 state=NEAR      c=(670,413) depth=477.2mm  robot xyz=(nan, nan, nan)mm  tilt=-
21:30:50.789 [INFO ] SAM3: 1 detection(s) for 'box'
21:30:50.791 [DEBUG]   det conf=0.97 sim=0.922 pos=0.42 prox=1.00 -> 0.871
21:30:50.793 [INFO ] SAM3: 'box' score=0.97 @ [563 209 775 619]  (top of 1)  sim=0.922
21:30:50.793 [INFO ] SAM3: mask obtained (score=0.966, area=84121 px)
21:30:50.819 [DEBUG] Grasp point: robust centroid (669, 414)
21:30:50.820 [INFO ] MaskTracker: anchor locked (IoU streak=70, last IoU=0.999)
21:30:50.831 [INFO ] frame=70 state=NEAR      c=(670,413) depth=477.2mm  robot xyz=(nan, nan, nan)mm  tilt=-
21:30:51.077 [INFO ] SAM3: 1 detection(s) for 'box'
21:30:51.080 [DEBUG]   det conf=0.96 sim=0.921 pos=0.42 prox=1.00 -> 0.870
21:30:51.082 [INFO ] SAM3: 'box' score=0.96 @ [563 209 775 619]  (top of 1)  sim=0.921
21:30:51.082 [INFO ] SAM3: mask obtained (score=0.964, area=84128 px)
21:30:51.108 [DEBUG] Grasp point: robust centroid (669, 414)
21:30:51.108 [INFO ] MaskTracker: anchor locked (IoU streak=71, last IoU=0.999)
21:30:51.119 [INFO ] frame=71 state=NEAR      c=(670,413) depth=477.2mm  robot xyz=(nan, nan, nan)mm  tilt=-
21:30:51.364 [INFO ] SAM3: 1 detection(s) for 'box'
21:30:51.366 [DEBUG]   det conf=0.96 sim=0.922 pos=0.42 prox=1.00 -> 0.870
21:30:51.368 [INFO ] SAM3: 'box' score=0.96 @ [563 209 775 619]  (top of 1)  sim=0.922
21:30:51.368 [INFO ] SAM3: mask obtained (score=0.963, area=84172 px)
21:30:51.394 [DEBUG] Grasp point: robust centroid (669, 414)
21:30:51.395 [INFO ] MaskTracker: anchor locked (IoU streak=72, last IoU=0.999)
21:30:51.406 [INFO ] frame=72 state=NEAR      c=(670,413) depth=477.3mm  robot xyz=(nan, nan, nan)mm  tilt=-
21:30:51.654 [INFO ] SAM3: 1 detection(s) for 'box'
21:30:51.656 [DEBUG]   det conf=0.96 sim=0.923 pos=0.42 prox=1.00 -> 0.871
21:30:51.658 [INFO ] SAM3: 'box' score=0.96 @ [563 209 775 619]  (top of 1)  sim=0.923
21:30:51.658 [INFO ] SAM3: mask obtained (score=0.961, area=84129 px)
21:30:51.685 [DEBUG] Grasp point: robust centroid (669, 414)
21:30:51.685 [INFO ] MaskTracker: anchor locked (IoU streak=73, last IoU=0.999)
21:30:51.697 [INFO ] frame=73 state=NEAR      c=(670,413) depth=477.2mm  robot xyz=(nan, nan, nan)mm  tilt=-
21:30:51.940 [INFO ] SAM3: 1 detection(s) for 'box'
21:30:51.942 [DEBUG]   det conf=0.96 sim=0.921 pos=0.42 prox=1.00 -> 0.870
21:30:51.944 [INFO ] SAM3: 'box' score=0.96 @ [563 209 775 619]  (top of 1)  sim=0.921
21:30:51.944 [INFO ] SAM3: mask obtained (score=0.965, area=84159 px)
21:30:51.971 [DEBUG] Grasp point: robust centroid (669, 414)
21:30:51.971 [INFO ] MaskTracker: anchor locked (IoU streak=74, last IoU=0.999)
21:30:51.982 [INFO ] frame=74 state=NEAR      c=(670,413) depth=477.3mm  robot xyz=(nan, nan, nan)mm  tilt=-
21:30:52.222 [INFO ] SAM3: 1 detection(s) for 'box'
21:30:52.224 [DEBUG]   det conf=0.96 sim=0.923 pos=0.42 prox=1.00 -> 0.871
21:30:52.226 [INFO ] SAM3: 'box' score=0.96 @ [563 209 775 619]  (top of 1)  sim=0.923
21:30:52.226 [INFO ] SAM3: mask obtained (score=0.963, area=84167 px)
21:30:52.252 [DEBUG] Grasp point: robust centroid (669, 414)
21:30:52.252 [INFO ] MaskTracker: anchor locked (IoU streak=75, last IoU=0.999)
21:30:52.263 [INFO ] frame=75 state=NEAR      c=(670,413) depth=477.3mm  robot xyz=(nan, nan, nan)mm  tilt=-
21:30:52.509 [INFO ] SAM3: 1 detection(s) for 'box'
21:30:52.511 [DEBUG]   det conf=0.96 sim=0.921 pos=0.42 prox=1.00 -> 0.870
21:30:52.513 [INFO ] SAM3: 'box' score=0.96 @ [563 209 775 619]  (top of 1)  sim=0.921
21:30:52.513 [INFO ] SAM3: mask obtained (score=0.959, area=84146 px)
21:30:52.539 [DEBUG] Grasp point: robust centroid (669, 414)
21:30:52.540 [INFO ] MaskTracker: anchor locked (IoU streak=76, last IoU=0.999)
21:30:52.551 [INFO ] frame=76 state=NEAR      c=(670,413) depth=477.3mm  robot xyz=(nan, nan, nan)mm  tilt=-
21:30:52.796 [INFO ] SAM3: 1 detection(s) for 'box'
21:30:52.799 [DEBUG]   det conf=0.96 sim=0.924 pos=0.42 prox=1.00 -> 0.871
21:30:52.800 [INFO ] SAM3: 'box' score=0.96 @ [563 209 775 619]  (top of 1)  sim=0.924
21:30:52.801 [INFO ] SAM3: mask obtained (score=0.962, area=84135 px)
21:30:52.826 [DEBUG] Grasp point: robust centroid (669, 414)
21:30:52.827 [INFO ] MaskTracker: anchor locked (IoU streak=77, last IoU=0.999)
21:30:52.838 [INFO ] frame=77 state=NEAR      c=(670,413) depth=477.3mm  robot xyz=(nan, nan, nan)mm  tilt=-
21:30:53.080 [INFO ] SAM3: 1 detection(s) for 'box'
21:30:53.083 [DEBUG]   det conf=0.96 sim=0.920 pos=0.42 prox=1.00 -> 0.869
21:30:53.084 [INFO ] SAM3: 'box' score=0.96 @ [563 209 775 619]  (top of 1)  sim=0.920
21:30:53.085 [INFO ] SAM3: mask obtained (score=0.962, area=84154 px)
21:30:53.110 [DEBUG] Grasp point: robust centroid (669, 414)
21:30:53.111 [INFO ] MaskTracker: anchor locked (IoU streak=78, last IoU=0.998)
21:30:53.121 [INFO ] frame=78 state=NEAR      c=(670,413) depth=477.3mm  robot xyz=(nan, nan, nan)mm  tilt=-
21:30:53.366 [INFO ] SAM3: 1 detection(s) for 'box'
21:30:53.368 [DEBUG]   det conf=0.96 sim=0.923 pos=0.42 prox=1.00 -> 0.870
21:30:53.371 [INFO ] SAM3: 'box' score=0.96 @ [563 209 775 619]  (top of 1)  sim=0.923
21:30:53.372 [INFO ] SAM3: mask obtained (score=0.960, area=84114 px)
21:30:53.398 [DEBUG] Grasp point: robust centroid (669, 414)
21:30:53.399 [INFO ] MaskTracker: anchor locked (IoU streak=79, last IoU=0.999)
21:30:53.409 [INFO ] frame=79 state=NEAR      c=(670,413) depth=477.4mm  robot xyz=(nan, nan, nan)mm  tilt=-
21:30:53.652 [INFO ] SAM3: 1 detection(s) for 'box'
21:30:53.655 [DEBUG]   det conf=0.96 sim=0.922 pos=0.42 prox=1.00 -> 0.870
21:30:53.656 [INFO ] SAM3: 'box' score=0.96 @ [563 209 775 619]  (top of 1)  sim=0.922
21:30:53.656 [INFO ] SAM3: mask obtained (score=0.961, area=84155 px)
21:30:53.683 [DEBUG] Grasp point: robust centroid (669, 414)
21:30:53.683 [INFO ] MaskTracker: anchor locked (IoU streak=80, last IoU=0.999)
21:30:53.694 [INFO ] frame=80 state=NEAR      c=(670,413) depth=477.3mm  robot xyz=(nan, nan, nan)mm  tilt=-
21:30:53.936 [INFO ] SAM3: 1 detection(s) for 'box'
21:30:53.939 [DEBUG]   det conf=0.96 sim=0.921 pos=0.42 prox=1.00 -> 0.870
21:30:53.940 [INFO ] SAM3: 'box' score=0.96 @ [563 209 775 619]  (top of 1)  sim=0.921
21:30:53.940 [INFO ] SAM3: mask obtained (score=0.964, area=84113 px)
21:30:53.966 [DEBUG] Grasp point: robust centroid (669, 414)
21:30:53.967 [INFO ] MaskTracker: anchor locked (IoU streak=81, last IoU=0.999)
21:30:53.977 [INFO ] frame=81 state=NEAR      c=(670,413) depth=477.3mm  robot xyz=(nan, nan, nan)mm  tilt=-
21:30:54.214 [INFO ] SAM3: 1 detection(s) for 'box'
21:30:54.217 [DEBUG]   det conf=0.96 sim=0.923 pos=0.42 prox=1.00 -> 0.871
21:30:54.218 [INFO ] SAM3: 'box' score=0.96 @ [563 209 775 619]  (top of 1)  sim=0.923
21:30:54.219 [INFO ] SAM3: mask obtained (score=0.963, area=84165 px)
21:30:54.244 [DEBUG] Grasp point: robust centroid (669, 414)
21:30:54.244 [INFO ] MaskTracker: anchor locked (IoU streak=82, last IoU=0.999)
21:30:54.255 [INFO ] frame=82 state=NEAR      c=(670,413) depth=477.2mm  robot xyz=(nan, nan, nan)mm  tilt=-
21:30:54.502 [INFO ] SAM3: 1 detection(s) for 'box'
21:30:54.504 [DEBUG]   det conf=0.96 sim=0.922 pos=0.42 prox=1.00 -> 0.870
21:30:54.505 [INFO ] SAM3: 'box' score=0.96 @ [563 209 775 619]  (top of 1)  sim=0.922
21:30:54.506 [INFO ] SAM3: mask obtained (score=0.961, area=84142 px)
21:30:54.532 [DEBUG] Grasp point: robust centroid (669, 414)
21:30:54.532 [INFO ] MaskTracker: anchor locked (IoU streak=83, last IoU=0.999)
21:30:54.543 [INFO ] frame=83 state=NEAR      c=(670,413) depth=477.4mm  robot xyz=(nan, nan, nan)mm  tilt=-
21:30:54.789 [INFO ] SAM3: 1 detection(s) for 'box'
21:30:54.792 [DEBUG]   det conf=0.96 sim=0.920 pos=0.42 prox=1.00 -> 0.869
21:30:54.793 [INFO ] SAM3: 'box' score=0.96 @ [563 209 775 619]  (top of 1)  sim=0.920
21:30:54.793 [INFO ] SAM3: mask obtained (score=0.960, area=84159 px)
21:30:54.819 [DEBUG] Grasp point: robust centroid (669, 414)
21:30:54.820 [INFO ] MaskTracker: anchor locked (IoU streak=84, last IoU=0.999)
21:30:54.831 [INFO ] frame=84 state=NEAR      c=(670,413) depth=477.2mm  robot xyz=(nan, nan, nan)mm  tilt=-
21:30:55.077 [INFO ] SAM3: 1 detection(s) for 'box'
21:30:55.080 [DEBUG]   det conf=0.96 sim=0.921 pos=0.42 prox=1.00 -> 0.870
21:30:55.081 [INFO ] SAM3: 'box' score=0.96 @ [563 209 775 619]  (top of 1)  sim=0.921
21:30:55.081 [INFO ] SAM3: mask obtained (score=0.963, area=84163 px)
21:30:55.108 [DEBUG] Grasp point: robust centroid (669, 414)
21:30:55.109 [INFO ] MaskTracker: anchor locked (IoU streak=85, last IoU=0.999)
21:30:55.120 [INFO ] frame=85 state=NEAR      c=(670,413) depth=477.4mm  robot xyz=(nan, nan, nan)mm  tilt=-
21:30:55.362 [INFO ] SAM3: 1 detection(s) for 'box'
21:30:55.365 [DEBUG]   det conf=0.96 sim=0.922 pos=0.42 prox=1.00 -> 0.870
21:30:55.366 [INFO ] SAM3: 'box' score=0.96 @ [563 209 775 619]  (top of 1)  sim=0.922
21:30:55.367 [INFO ] SAM3: mask obtained (score=0.963, area=84134 px)
21:30:55.393 [DEBUG] Grasp point: robust centroid (669, 414)
21:30:55.393 [INFO ] MaskTracker: anchor locked (IoU streak=86, last IoU=0.999)
21:30:55.404 [INFO ] frame=86 state=NEAR      c=(670,413) depth=477.3mm  robot xyz=(nan, nan, nan)mm  tilt=-
21:30:55.652 [INFO ] SAM3: 1 detection(s) for 'box'
21:30:55.654 [DEBUG]   det conf=0.97 sim=0.922 pos=0.42 prox=1.00 -> 0.871
21:30:55.655 [INFO ] SAM3: 'box' score=0.97 @ [563 209 775 619]  (top of 1)  sim=0.922
21:30:55.656 [INFO ] SAM3: mask obtained (score=0.966, area=84135 px)
21:30:55.683 [DEBUG] Grasp point: robust centroid (669, 414)
21:30:55.684 [INFO ] MaskTracker: anchor locked (IoU streak=87, last IoU=0.999)
21:30:55.694 [INFO ] frame=87 state=NEAR      c=(670,413) depth=477.4mm  robot xyz=(nan, nan, nan)mm  tilt=-
21:30:55.935 [INFO ] SAM3: 1 detection(s) for 'box'
21:30:55.938 [DEBUG]   det conf=0.96 sim=0.922 pos=0.42 prox=1.00 -> 0.870
21:30:55.939 [INFO ] SAM3: 'box' score=0.96 @ [563 209 775 619]  (top of 1)  sim=0.922
21:30:55.939 [INFO ] SAM3: mask obtained (score=0.961, area=84155 px)
21:30:55.966 [DEBUG] Grasp point: robust centroid (669, 414)
21:30:55.966 [INFO ] MaskTracker: anchor locked (IoU streak=88, last IoU=0.999)
21:30:55.977 [INFO ] frame=88 state=NEAR      c=(670,413) depth=477.4mm  robot xyz=(nan, nan, nan)mm  tilt=-
21:30:56.223 [INFO ] SAM3: 1 detection(s) for 'box'
21:30:56.226 [DEBUG]   det conf=0.96 sim=0.920 pos=0.42 prox=1.00 -> 0.869
21:30:56.227 [INFO ] SAM3: 'box' score=0.96 @ [563 209 775 619]  (top of 1)  sim=0.920
21:30:56.227 [INFO ] SAM3: mask obtained (score=0.960, area=84139 px)
21:30:56.253 [DEBUG] Grasp point: robust centroid (669, 414)
21:30:56.254 [INFO ] MaskTracker: anchor locked (IoU streak=89, last IoU=0.999)
21:30:56.263 [INFO ] frame=89 state=NEAR      c=(670,413) depth=477.4mm  robot xyz=(nan, nan, nan)mm  tilt=-
21:30:56.509 [INFO ] SAM3: 1 detection(s) for 'box'
21:30:56.512 [DEBUG]   det conf=0.96 sim=0.923 pos=0.42 prox=1.00 -> 0.871
21:30:56.514 [INFO ] SAM3: 'box' score=0.96 @ [563 209 775 619]  (top of 1)  sim=0.923
21:30:56.514 [INFO ] SAM3: mask obtained (score=0.961, area=84097 px)
21:30:56.540 [DEBUG] Grasp point: robust centroid (669, 414)
21:30:56.540 [INFO ] MaskTracker: anchor locked (IoU streak=90, last IoU=0.999)
21:30:56.606 [INFO ] frame=90 state=NEAR      c=(670,413) depth=477.5mm  robot xyz=(nan, nan, nan)mm  tilt=-
21:30:56.852 [INFO ] SAM3: 1 detection(s) for 'box'
21:30:56.854 [DEBUG]   det conf=0.96 sim=0.922 pos=0.42 prox=1.00 -> 0.870
21:30:56.855 [INFO ] SAM3: 'box' score=0.96 @ [563 209 775 619]  (top of 1)  sim=0.922
21:30:56.856 [INFO ] SAM3: mask obtained (score=0.959, area=84165 px)
21:30:56.882 [DEBUG] Grasp point: robust centroid (669, 414)
21:30:56.883 [INFO ] MaskTracker: anchor locked (IoU streak=91, last IoU=0.999)
21:30:56.893 [INFO ] frame=91 state=NEAR      c=(670,413) depth=477.7mm  robot xyz=(nan, nan, nan)mm  tilt=-
21:30:57.139 [INFO ] SAM3: 1 detection(s) for 'box'
21:30:57.141 [DEBUG]   det conf=0.96 sim=0.920 pos=0.42 prox=1.00 -> 0.869
21:30:57.142 [INFO ] SAM3: 'box' score=0.96 @ [563 209 775 619]  (top of 1)  sim=0.920
21:30:57.143 [INFO ] SAM3: mask obtained (score=0.962, area=84128 px)
21:30:57.170 [DEBUG] Grasp point: robust centroid (670, 414)
21:30:57.170 [INFO ] MaskTracker: anchor locked (IoU streak=92, last IoU=0.999)
21:30:57.181 [INFO ] frame=92 state=NEAR      c=(670,413) depth=477.4mm  robot xyz=(nan, nan, nan)mm  tilt=-
21:30:57.425 [INFO ] SAM3: 1 detection(s) for 'box'
21:30:57.428 [DEBUG]   det conf=0.96 sim=0.922 pos=0.42 prox=1.00 -> 0.870
21:30:57.429 [INFO ] SAM3: 'box' score=0.96 @ [563 209 775 619]  (top of 1)  sim=0.922
21:30:57.430 [INFO ] SAM3: mask obtained (score=0.959, area=84165 px)
21:30:57.455 [DEBUG] Grasp point: robust centroid (669, 414)
21:30:57.456 [INFO ] MaskTracker: anchor locked (IoU streak=93, last IoU=0.999)
21:30:57.467 [INFO ] frame=93 state=NEAR      c=(670,413) depth=477.5mm  robot xyz=(nan, nan, nan)mm  tilt=-
21:30:57.713 [INFO ] SAM3: 1 detection(s) for 'box'
21:30:57.716 [DEBUG]   det conf=0.96 sim=0.921 pos=0.42 prox=1.00 -> 0.870
21:30:57.718 [INFO ] SAM3: 'box' score=0.96 @ [563 209 775 619]  (top of 1)  sim=0.921
21:30:57.718 [INFO ] SAM3: mask obtained (score=0.962, area=84155 px)
21:30:57.744 [DEBUG] Grasp point: robust centroid (670, 414)
21:30:57.744 [INFO ] MaskTracker: anchor locked (IoU streak=94, last IoU=0.999)
21:30:57.755 [INFO ] frame=94 state=NEAR      c=(670,413) depth=477.5mm  robot xyz=(nan, nan, nan)mm  tilt=-
21:30:57.993 [INFO ] SAM3: 1 detection(s) for 'box'
21:30:57.996 [DEBUG]   det conf=0.96 sim=0.921 pos=0.42 prox=1.00 -> 0.870
21:30:57.998 [INFO ] SAM3: 'box' score=0.96 @ [563 209 775 619]  (top of 1)  sim=0.921
21:30:57.998 [INFO ] SAM3: mask obtained (score=0.961, area=84148 px)
21:30:58.024 [DEBUG] Grasp point: robust centroid (669, 414)
21:30:58.024 [INFO ] MaskTracker: anchor locked (IoU streak=95, last IoU=0.999)
21:30:58.035 [INFO ] frame=95 state=NEAR      c=(670,413) depth=477.4mm  robot xyz=(nan, nan, nan)mm  tilt=-
21:30:58.283 [INFO ] SAM3: 1 detection(s) for 'box'
21:30:58.286 [DEBUG]   det conf=0.96 sim=0.919 pos=0.42 prox=1.00 -> 0.869
21:30:58.288 [INFO ] SAM3: 'box' score=0.96 @ [563 209 775 619]  (top of 1)  sim=0.919
21:30:58.288 [INFO ] SAM3: mask obtained (score=0.964, area=84158 px)
21:30:58.315 [DEBUG] Grasp point: robust centroid (669, 414)
21:30:58.315 [INFO ] MaskTracker: anchor locked (IoU streak=96, last IoU=0.999)
21:30:58.326 [INFO ] frame=96 state=NEAR      c=(670,413) depth=477.3mm  robot xyz=(nan, nan, nan)mm  tilt=-
21:30:58.566 [INFO ] SAM3: 1 detection(s) for 'box'
21:30:58.569 [DEBUG]   det conf=0.96 sim=0.921 pos=0.42 prox=1.00 -> 0.870
21:30:58.570 [INFO ] SAM3: 'box' score=0.96 @ [563 209 775 619]  (top of 1)  sim=0.921
21:30:58.570 [INFO ] SAM3: mask obtained (score=0.965, area=84172 px)
21:30:58.597 [DEBUG] Grasp point: robust centroid (669, 414)
21:30:58.597 [INFO ] MaskTracker: anchor locked (IoU streak=97, last IoU=0.999)
21:30:58.608 [INFO ] frame=97 state=NEAR      c=(670,413) depth=477.5mm  robot xyz=(nan, nan, nan)mm  tilt=-
21:30:58.853 [INFO ] SAM3: 1 detection(s) for 'box'
21:30:58.856 [DEBUG]   det conf=0.96 sim=0.922 pos=0.42 prox=1.00 -> 0.870
21:30:58.858 [INFO ] SAM3: 'box' score=0.96 @ [563 209 775 619]  (top of 1)  sim=0.922
21:30:58.858 [INFO ] SAM3: mask obtained (score=0.962, area=84135 px)
21:30:58.885 [DEBUG] Grasp point: robust centroid (669, 414)
21:30:58.885 [INFO ] MaskTracker: anchor locked (IoU streak=98, last IoU=0.999)
21:30:58.897 [INFO ] frame=98 state=NEAR      c=(670,413) depth=477.4mm  robot xyz=(nan, nan, nan)mm  tilt=-
21:30:59.140 [INFO ] SAM3: 1 detection(s) for 'box'
21:30:59.142 [DEBUG]   det conf=0.96 sim=0.921 pos=0.42 prox=1.00 -> 0.870
21:30:59.144 [INFO ] SAM3: 'box' score=0.96 @ [563 209 775 619]  (top of 1)  sim=0.921
21:30:59.144 [INFO ] SAM3: mask obtained (score=0.964, area=84153 px)
21:30:59.171 [DEBUG] Grasp point: robust centroid (669, 414)
21:30:59.172 [INFO ] MaskTracker: anchor locked (IoU streak=99, last IoU=0.999)
21:30:59.183 [INFO ] frame=99 state=NEAR      c=(670,413) depth=477.5mm  robot xyz=(nan, nan, nan)mm  tilt=-
21:30:59.423 [INFO ] SAM3: 1 detection(s) for 'box'
21:30:59.425 [DEBUG]   det conf=0.96 sim=0.921 pos=0.42 prox=1.00 -> 0.870
21:30:59.427 [INFO ] SAM3: 'box' score=0.96 @ [563 209 775 619]  (top of 1)  sim=0.921
21:30:59.427 [INFO ] SAM3: mask obtained (score=0.962, area=84161 px)
21:30:59.453 [DEBUG] Grasp point: robust centroid (669, 414)
21:30:59.454 [INFO ] MaskTracker: anchor locked (IoU streak=100, last IoU=0.999)
21:30:59.464 [INFO ] frame=100 state=NEAR      c=(670,413) depth=477.4mm  robot xyz=(nan, nan, nan)mm  tilt=-
21:30:59.714 [INFO ] SAM3: 1 detection(s) for 'box'
21:30:59.717 [DEBUG]   det conf=0.96 sim=0.922 pos=0.42 prox=1.00 -> 0.870
21:30:59.719 [INFO ] SAM3: 'box' score=0.96 @ [563 209 775 619]  (top of 1)  sim=0.922
21:30:59.719 [INFO ] SAM3: mask obtained (score=0.962, area=84120 px)
21:30:59.744 [DEBUG] Grasp point: robust centroid (669, 414)
21:30:59.745 [INFO ] MaskTracker: anchor locked (IoU streak=101, last IoU=0.999)
21:30:59.756 [INFO ] frame=101 state=NEAR      c=(670,413) depth=477.4mm  robot xyz=(nan, nan, nan)mm  tilt=-
21:31:00.002 [INFO ] SAM3: 1 detection(s) for 'box'
21:31:00.004 [DEBUG]   det conf=0.96 sim=0.920 pos=0.42 prox=1.00 -> 0.869
21:31:00.006 [INFO ] SAM3: 'box' score=0.96 @ [563 209 775 619]  (top of 1)  sim=0.920
21:31:00.006 [INFO ] SAM3: mask obtained (score=0.963, area=84155 px)
21:31:00.033 [DEBUG] Grasp point: robust centroid (669, 414)
21:31:00.033 [INFO ] MaskTracker: anchor locked (IoU streak=102, last IoU=0.999)
21:31:00.044 [INFO ] frame=102 state=NEAR      c=(670,413) depth=477.3mm  robot xyz=(nan, nan, nan)mm  tilt=-
21:31:00.290 [INFO ] SAM3: 1 detection(s) for 'box'
21:31:00.292 [DEBUG]   det conf=0.96 sim=0.921 pos=0.42 prox=1.00 -> 0.870
21:31:00.293 [INFO ] SAM3: 'box' score=0.96 @ [563 209 775 619]  (top of 1)  sim=0.921
21:31:00.293 [INFO ] SAM3: mask obtained (score=0.963, area=84182 px)
21:31:00.320 [DEBUG] Grasp point: robust centroid (669, 414)
21:31:00.320 [INFO ] MaskTracker: anchor locked (IoU streak=103, last IoU=0.999)
21:31:00.331 [INFO ] frame=103 state=NEAR      c=(670,413) depth=477.3mm  robot xyz=(nan, nan, nan)mm  tilt=-
21:31:00.574 [INFO ] SAM3: 1 detection(s) for 'box'
21:31:00.576 [DEBUG]   det conf=0.96 sim=0.922 pos=0.42 prox=1.00 -> 0.871
21:31:00.578 [INFO ] SAM3: 'box' score=0.96 @ [563 209 775 619]  (top of 1)  sim=0.922
21:31:00.578 [INFO ] SAM3: mask obtained (score=0.964, area=84147 px)
21:31:00.605 [DEBUG] Grasp point: robust centroid (669, 414)
21:31:00.605 [INFO ] MaskTracker: anchor locked (IoU streak=104, last IoU=0.999)
21:31:00.616 [INFO ] frame=104 state=NEAR      c=(670,413) depth=477.3mm  robot xyz=(nan, nan, nan)mm  tilt=-
21:31:00.857 [INFO ] SAM3: 1 detection(s) for 'box'
21:31:00.859 [DEBUG]   det conf=0.96 sim=0.923 pos=0.42 prox=1.00 -> 0.871
21:31:00.861 [INFO ] SAM3: 'box' score=0.96 @ [563 209 775 619]  (top of 1)  sim=0.923
21:31:00.861 [INFO ] SAM3: mask obtained (score=0.961, area=84132 px)
21:31:00.888 [DEBUG] Grasp point: robust centroid (669, 414)
21:31:00.888 [INFO ] MaskTracker: anchor locked (IoU streak=105, last IoU=0.999)
21:31:00.899 [INFO ] frame=105 state=NEAR      c=(670,413) depth=477.3mm  robot xyz=(nan, nan, nan)mm  tilt=-
21:31:01.145 [INFO ] SAM3: 1 detection(s) for 'box'
21:31:01.147 [DEBUG]   det conf=0.96 sim=0.921 pos=0.42 prox=1.00 -> 0.870
21:31:01.149 [INFO ] SAM3: 'box' score=0.96 @ [563 209 775 619]  (top of 1)  sim=0.921
21:31:01.149 [INFO ] SAM3: mask obtained (score=0.962, area=84122 px)
21:31:01.175 [DEBUG] Grasp point: robust centroid (669, 414)
21:31:01.175 [INFO ] MaskTracker: anchor locked (IoU streak=106, last IoU=0.999)
21:31:01.186 [INFO ] frame=106 state=NEAR      c=(670,413) depth=477.4mm  robot xyz=(nan, nan, nan)mm  tilt=-
21:31:01.433 [INFO ] SAM3: 1 detection(s) for 'box'
21:31:01.436 [DEBUG]   det conf=0.96 sim=0.923 pos=0.42 prox=1.00 -> 0.871
21:31:01.437 [INFO ] SAM3: 'box' score=0.96 @ [563 209 775 619]  (top of 1)  sim=0.923
21:31:01.437 [INFO ] SAM3: mask obtained (score=0.962, area=84127 px)
21:31:01.463 [DEBUG] Grasp point: robust centroid (669, 414)
21:31:01.464 [INFO ] MaskTracker: anchor locked (IoU streak=107, last IoU=0.999)
21:31:01.474 [INFO ] frame=107 state=NEAR      c=(670,413) depth=477.2mm  robot xyz=(nan, nan, nan)mm  tilt=-
21:31:01.715 [INFO ] SAM3: 1 detection(s) for 'box'
21:31:01.717 [DEBUG]   det conf=0.96 sim=0.923 pos=0.42 prox=1.00 -> 0.871
21:31:01.719 [INFO ] SAM3: 'box' score=0.96 @ [563 209 775 619]  (top of 1)  sim=0.923
21:31:01.719 [INFO ] SAM3: mask obtained (score=0.964, area=84165 px)
21:31:01.745 [DEBUG] Grasp point: robust centroid (669, 414)
21:31:01.745 [INFO ] MaskTracker: anchor locked (IoU streak=108, last IoU=0.999)
21:31:01.757 [INFO ] frame=108 state=NEAR      c=(670,413) depth=477.2mm  robot xyz=(nan, nan, nan)mm  tilt=-
21:31:01.997 [INFO ] SAM3: 1 detection(s) for 'box'
21:31:02.000 [DEBUG]   det conf=0.96 sim=0.921 pos=0.42 prox=1.00 -> 0.870
21:31:02.002 [INFO ] SAM3: 'box' score=0.96 @ [563 209 775 619]  (top of 1)  sim=0.921
21:31:02.002 [INFO ] SAM3: mask obtained (score=0.963, area=84128 px)
21:31:02.028 [DEBUG] Grasp point: robust centroid (669, 414)
21:31:02.028 [INFO ] MaskTracker: anchor locked (IoU streak=109, last IoU=0.999)
21:31:02.039 [INFO ] frame=109 state=NEAR      c=(670,413) depth=477.3mm  robot xyz=(nan, nan, nan)mm  tilt=-
21:31:02.286 [INFO ] SAM3: 1 detection(s) for 'box'
21:31:02.288 [DEBUG]   det conf=0.96 sim=0.920 pos=0.42 prox=1.00 -> 0.869
21:31:02.290 [INFO ] SAM3: 'box' score=0.96 @ [563 209 775 619]  (top of 1)  sim=0.920
21:31:02.290 [INFO ] SAM3: mask obtained (score=0.965, area=84151 px)
21:31:02.316 [DEBUG] Grasp point: robust centroid (669, 414)
21:31:02.317 [INFO ] MaskTracker: anchor locked (IoU streak=110, last IoU=0.999)
21:31:02.328 [INFO ] frame=110 state=NEAR      c=(670,413) depth=477.3mm  robot xyz=(nan, nan, nan)mm  tilt=-
21:31:02.572 [INFO ] SAM3: 1 detection(s) for 'box'
21:31:02.574 [DEBUG]   det conf=0.96 sim=0.921 pos=0.42 prox=1.00 -> 0.870
21:31:02.576 [INFO ] SAM3: 'box' score=0.96 @ [563 209 775 619]  (top of 1)  sim=0.921
21:31:02.576 [INFO ] SAM3: mask obtained (score=0.963, area=84163 px)
21:31:02.602 [DEBUG] Grasp point: robust centroid (669, 414)
21:31:02.602 [INFO ] MaskTracker: anchor locked (IoU streak=111, last IoU=0.999)
21:31:02.613 [INFO ] frame=111 state=NEAR      c=(670,413) depth=477.3mm  robot xyz=(nan, nan, nan)mm  tilt=-
21:31:02.852 [INFO ] SAM3: 1 detection(s) for 'box'
21:31:02.854 [DEBUG]   det conf=0.96 sim=0.921 pos=0.42 prox=1.00 -> 0.869
21:31:02.856 [INFO ] SAM3: 'box' score=0.96 @ [563 209 775 619]  (top of 1)  sim=0.921
21:31:02.856 [INFO ] SAM3: mask obtained (score=0.958, area=84137 px)
21:31:02.883 [DEBUG] Grasp point: robust centroid (669, 414)
21:31:02.884 [INFO ] MaskTracker: anchor locked (IoU streak=112, last IoU=0.999)
21:31:02.894 [INFO ] frame=112 state=NEAR      c=(670,413) depth=477.3mm  robot xyz=(nan, nan, nan)mm  tilt=-
21:31:03.134 [INFO ] SAM3: 1 detection(s) for 'box'
21:31:03.137 [DEBUG]   det conf=0.96 sim=0.921 pos=0.42 prox=1.00 -> 0.870
21:31:03.138 [INFO ] SAM3: 'box' score=0.96 @ [563 209 775 619]  (top of 1)  sim=0.921
21:31:03.138 [INFO ] SAM3: mask obtained (score=0.960, area=84113 px)
21:31:03.165 [DEBUG] Grasp point: robust centroid (669, 414)
21:31:03.166 [INFO ] MaskTracker: anchor locked (IoU streak=113, last IoU=0.999)
21:31:03.176 [INFO ] frame=113 state=NEAR      c=(670,413) depth=477.3mm  robot xyz=(nan, nan, nan)mm  tilt=-
21:31:03.419 [INFO ] SAM3: 1 detection(s) for 'box'
21:31:03.421 [DEBUG]   det conf=0.96 sim=0.919 pos=0.42 prox=1.00 -> 0.869
21:31:03.423 [INFO ] SAM3: 'box' score=0.96 @ [563 209 775 619]  (top of 1)  sim=0.919
21:31:03.423 [INFO ] SAM3: mask obtained (score=0.964, area=84143 px)
21:31:03.449 [DEBUG] Grasp point: robust centroid (669, 414)
21:31:03.450 [INFO ] MaskTracker: anchor locked (IoU streak=114, last IoU=0.999)
21:31:03.461 [INFO ] frame=114 state=NEAR      c=(670,413) depth=477.2mm  robot xyz=(nan, nan, nan)mm  tilt=-
21:31:03.704 [INFO ] SAM3: 1 detection(s) for 'box'
21:31:03.707 [DEBUG]   det conf=0.96 sim=0.920 pos=0.42 prox=1.00 -> 0.869
21:31:03.708 [INFO ] SAM3: 'box' score=0.96 @ [563 209 775 619]  (top of 1)  sim=0.920
21:31:03.709 [INFO ] SAM3: mask obtained (score=0.961, area=84128 px)
21:31:03.735 [DEBUG] Grasp point: robust centroid (669, 414)
21:31:03.736 [INFO ] MaskTracker: anchor locked (IoU streak=115, last IoU=0.999)
21:31:03.746 [INFO ] frame=115 state=NEAR      c=(670,413) depth=477.3mm  robot xyz=(nan, nan, nan)mm  tilt=-
21:31:03.993 [INFO ] SAM3: 1 detection(s) for 'box'
21:31:03.996 [DEBUG]   det conf=0.96 sim=0.922 pos=0.42 prox=1.00 -> 0.870
21:31:03.998 [INFO ] SAM3: 'box' score=0.96 @ [563 209 775 619]  (top of 1)  sim=0.922
21:31:03.998 [INFO ] SAM3: mask obtained (score=0.961, area=84155 px)
21:31:04.024 [DEBUG] Grasp point: robust centroid (669, 414)
21:31:04.024 [INFO ] MaskTracker: anchor locked (IoU streak=116, last IoU=0.999)
21:31:04.035 [INFO ] frame=116 state=NEAR      c=(670,413) depth=477.2mm  robot xyz=(nan, nan, nan)mm  tilt=-
21:31:04.277 [INFO ] SAM3: 1 detection(s) for 'box'
21:31:04.279 [DEBUG]   det conf=0.96 sim=0.921 pos=0.42 prox=1.00 -> 0.870
21:31:04.281 [INFO ] SAM3: 'box' score=0.96 @ [563 209 775 619]  (top of 1)  sim=0.921
21:31:04.281 [INFO ] SAM3: mask obtained (score=0.960, area=84145 px)
21:31:04.307 [DEBUG] Grasp point: robust centroid (669, 414)
21:31:04.308 [INFO ] MaskTracker: anchor locked (IoU streak=117, last IoU=0.999)
21:31:04.318 [INFO ] frame=117 state=NEAR      c=(670,413) depth=477.2mm  robot xyz=(nan, nan, nan)mm  tilt=-
21:31:04.563 [INFO ] SAM3: 1 detection(s) for 'box'
21:31:04.566 [DEBUG]   det conf=0.96 sim=0.920 pos=0.42 prox=1.00 -> 0.870
21:31:04.567 [INFO ] SAM3: 'box' score=0.96 @ [563 209 775 619]  (top of 1)  sim=0.920
21:31:04.568 [INFO ] SAM3: mask obtained (score=0.963, area=84152 px)
21:31:04.593 [DEBUG] Grasp point: robust centroid (669, 414)
21:31:04.594 [INFO ] MaskTracker: anchor locked (IoU streak=118, last IoU=0.999)
21:31:04.604 [INFO ] frame=118 state=NEAR      c=(670,413) depth=477.2mm  robot xyz=(nan, nan, nan)mm  tilt=-
21:31:04.849 [INFO ] SAM3: 1 detection(s) for 'box'
21:31:04.851 [DEBUG]   det conf=0.96 sim=0.922 pos=0.42 prox=1.00 -> 0.870
21:31:04.853 [INFO ] SAM3: 'box' score=0.96 @ [563 209 775 619]  (top of 1)  sim=0.922
21:31:04.853 [INFO ] SAM3: mask obtained (score=0.959, area=84177 px)
21:31:04.879 [DEBUG] Grasp point: robust centroid (669, 414)
21:31:04.879 [INFO ] MaskTracker: anchor locked (IoU streak=119, last IoU=0.999)
21:31:04.890 [INFO ] frame=119 state=NEAR      c=(670,413) depth=477.1mm  robot xyz=(nan, nan, nan)mm  tilt=-
21:31:05.133 [INFO ] SAM3: 1 detection(s) for 'box'
21:31:05.135 [DEBUG]   det conf=0.96 sim=0.920 pos=0.42 prox=1.00 -> 0.870
21:31:05.137 [INFO ] SAM3: 'box' score=0.96 @ [563 209 775 619]  (top of 1)  sim=0.920
21:31:05.137 [INFO ] SAM3: mask obtained (score=0.964, area=84160 px)
21:31:05.162 [DEBUG] Grasp point: robust centroid (669, 414)
21:31:05.163 [INFO ] MaskTracker: anchor locked (IoU streak=120, last IoU=0.999)
21:31:05.228 [INFO ] frame=120 state=NEAR      c=(670,413) depth=477.1mm  robot xyz=(nan, nan, nan)mm  tilt=-
21:31:05.472 [INFO ] SAM3: 1 detection(s) for 'box'
21:31:05.474 [DEBUG]   det conf=0.97 sim=0.920 pos=0.42 prox=1.00 -> 0.870
21:31:05.476 [INFO ] SAM3: 'box' score=0.97 @ [563 209 775 619]  (top of 1)  sim=0.920
21:31:05.476 [INFO ] SAM3: mask obtained (score=0.965, area=84145 px)
21:31:05.502 [DEBUG] Grasp point: robust centroid (669, 414)
21:31:05.503 [INFO ] MaskTracker: anchor locked (IoU streak=121, last IoU=0.999)
21:31:05.514 [INFO ] frame=121 state=NEAR      c=(670,413) depth=477.0mm  robot xyz=(nan, nan, nan)mm  tilt=-
21:31:05.755 [INFO ] SAM3: 1 detection(s) for 'box'
21:31:05.757 [DEBUG]   det conf=0.96 sim=0.923 pos=0.42 prox=1.00 -> 0.871
21:31:05.759 [INFO ] SAM3: 'box' score=0.96 @ [563 209 775 619]  (top of 1)  sim=0.923
21:31:05.759 [INFO ] SAM3: mask obtained (score=0.962, area=84150 px)
21:31:05.785 [DEBUG] Grasp point: robust centroid (669, 414)
21:31:05.785 [INFO ] MaskTracker: anchor locked (IoU streak=122, last IoU=0.999)
21:31:05.797 [INFO ] frame=122 state=NEAR      c=(670,413) depth=477.0mm  robot xyz=(nan, nan, nan)mm  tilt=-
21:31:06.046 [INFO ] SAM3: 1 detection(s) for 'box'
21:31:06.048 [DEBUG]   det conf=0.97 sim=0.923 pos=0.42 prox=1.00 -> 0.871
21:31:06.050 [INFO ] SAM3: 'box' score=0.97 @ [563 209 775 619]  (top of 1)  sim=0.923
21:31:06.050 [INFO ] SAM3: mask obtained (score=0.965, area=84133 px)
21:31:06.076 [DEBUG] Grasp point: robust centroid (669, 414)
21:31:06.077 [INFO ] MaskTracker: anchor locked (IoU streak=123, last IoU=0.999)
21:31:06.088 [INFO ] frame=123 state=NEAR      c=(670,413) depth=477.1mm  robot xyz=(nan, nan, nan)mm  tilt=-
21:31:06.335 [INFO ] SAM3: 1 detection(s) for 'box'
21:31:06.338 [DEBUG]   det conf=0.96 sim=0.921 pos=0.42 prox=1.00 -> 0.870
21:31:06.339 [INFO ] SAM3: 'box' score=0.96 @ [563 209 775 619]  (top of 1)  sim=0.921
21:31:06.340 [INFO ] SAM3: mask obtained (score=0.962, area=84115 px)
21:31:06.367 [DEBUG] Grasp point: robust centroid (669, 414)
21:31:06.367 [INFO ] MaskTracker: anchor locked (IoU streak=124, last IoU=0.999)
21:31:06.379 [INFO ] frame=124 state=NEAR      c=(670,413) depth=477.1mm  robot xyz=(nan, nan, nan)mm  tilt=-
21:31:06.621 [INFO ] SAM3: 1 detection(s) for 'box'
21:31:06.624 [DEBUG]   det conf=0.96 sim=0.923 pos=0.42 prox=1.00 -> 0.871
21:31:06.626 [INFO ] SAM3: 'box' score=0.96 @ [563 209 775 619]  (top of 1)  sim=0.923
21:31:06.626 [INFO ] SAM3: mask obtained (score=0.965, area=84122 px)
21:31:06.653 [DEBUG] Grasp point: robust centroid (669, 414)
21:31:06.654 [INFO ] MaskTracker: anchor locked (IoU streak=125, last IoU=0.999)
21:31:06.665 [INFO ] frame=125 state=NEAR      c=(670,413) depth=477.1mm  robot xyz=(nan, nan, nan)mm  tilt=-
21:31:06.913 [INFO ] SAM3: 1 detection(s) for 'box'
21:31:06.915 [DEBUG]   det conf=0.96 sim=0.922 pos=0.42 prox=1.00 -> 0.870
21:31:06.917 [INFO ] SAM3: 'box' score=0.96 @ [563 209 775 619]  (top of 1)  sim=0.922
21:31:06.917 [INFO ] SAM3: mask obtained (score=0.959, area=84111 px)
21:31:06.943 [DEBUG] Grasp point: robust centroid (669, 414)
21:31:06.944 [INFO ] MaskTracker: anchor locked (IoU streak=126, last IoU=0.999)
21:31:06.954 [INFO ] frame=126 state=NEAR      c=(670,413) depth=477.1mm  robot xyz=(nan, nan, nan)mm  tilt=-
21:31:07.199 [INFO ] SAM3: 1 detection(s) for 'box'
21:31:07.201 [DEBUG]   det conf=0.96 sim=0.922 pos=0.42 prox=1.00 -> 0.870
21:31:07.203 [INFO ] SAM3: 'box' score=0.96 @ [563 209 775 619]  (top of 1)  sim=0.922
21:31:07.203 [INFO ] SAM3: mask obtained (score=0.963, area=84153 px)
21:31:07.229 [DEBUG] Grasp point: robust centroid (669, 414)
21:31:07.230 [INFO ] MaskTracker: anchor locked (IoU streak=127, last IoU=0.999)
21:31:07.240 [INFO ] frame=127 state=NEAR      c=(670,413) depth=477.1mm  robot xyz=(nan, nan, nan)mm  tilt=-
21:31:07.486 [INFO ] SAM3: 1 detection(s) for 'box'
21:31:07.488 [DEBUG]   det conf=0.96 sim=0.921 pos=0.42 prox=1.00 -> 0.870
21:31:07.490 [INFO ] SAM3: 'box' score=0.96 @ [563 209 775 619]  (top of 1)  sim=0.921
21:31:07.490 [INFO ] SAM3: mask obtained (score=0.960, area=84167 px)
21:31:07.516 [DEBUG] Grasp point: robust centroid (669, 414)
21:31:07.517 [INFO ] MaskTracker: anchor locked (IoU streak=128, last IoU=0.999)
21:31:07.527 [INFO ] frame=128 state=NEAR      c=(670,413) depth=477.1mm  robot xyz=(nan, nan, nan)mm  tilt=-
21:31:07.773 [INFO ] SAM3: 1 detection(s) for 'box'
21:31:07.776 [DEBUG]   det conf=0.97 sim=0.921 pos=0.42 prox=1.00 -> 0.870
21:31:07.777 [INFO ] SAM3: 'box' score=0.97 @ [563 209 775 619]  (top of 1)  sim=0.921
21:31:07.778 [INFO ] SAM3: mask obtained (score=0.965, area=84116 px)
21:31:07.804 [DEBUG] Grasp point: robust centroid (669, 414)
21:31:07.804 [INFO ] MaskTracker: anchor locked (IoU streak=129, last IoU=0.999)
21:31:07.815 [INFO ] frame=129 state=NEAR      c=(670,413) depth=477.1mm  robot xyz=(nan, nan, nan)mm  tilt=-
21:31:08.062 [INFO ] SAM3: 1 detection(s) for 'box'
21:31:08.064 [DEBUG]   det conf=0.96 sim=0.921 pos=0.42 prox=1.00 -> 0.870
21:31:08.066 [INFO ] SAM3: 'box' score=0.96 @ [563 209 775 619]  (top of 1)  sim=0.921
21:31:08.067 [INFO ] SAM3: mask obtained (score=0.961, area=84159 px)
21:31:08.092 [DEBUG] Grasp point: robust centroid (669, 414)
21:31:08.092 [INFO ] MaskTracker: anchor locked (IoU streak=130, last IoU=0.999)
21:31:08.103 [INFO ] frame=130 state=NEAR      c=(670,413) depth=477.1mm  robot xyz=(nan, nan, nan)mm  tilt=-
21:31:08.350 [INFO ] SAM3: 1 detection(s) for 'box'
21:31:08.352 [DEBUG]   det conf=0.96 sim=0.921 pos=0.42 prox=1.00 -> 0.870
21:31:08.354 [INFO ] SAM3: 'box' score=0.96 @ [563 209 775 619]  (top of 1)  sim=0.921
21:31:08.354 [INFO ] SAM3: mask obtained (score=0.962, area=84154 px)
21:31:08.379 [DEBUG] Grasp point: robust centroid (669, 414)
21:31:08.380 [INFO ] MaskTracker: anchor locked (IoU streak=131, last IoU=0.999)
21:31:08.390 [INFO ] frame=131 state=NEAR      c=(670,413) depth=477.1mm  robot xyz=(nan, nan, nan)mm  tilt=-
21:31:08.630 [INFO ] SAM3: 1 detection(s) for 'box'
21:31:08.632 [DEBUG]   det conf=0.96 sim=0.923 pos=0.42 prox=1.00 -> 0.871
21:31:08.634 [INFO ] SAM3: 'box' score=0.96 @ [563 209 775 619]  (top of 1)  sim=0.923
21:31:08.634 [INFO ] SAM3: mask obtained (score=0.964, area=84135 px)
21:31:08.660 [DEBUG] Grasp point: robust centroid (669, 414)
21:31:08.660 [INFO ] MaskTracker: anchor locked (IoU streak=132, last IoU=0.999)
21:31:08.672 [INFO ] frame=132 state=NEAR      c=(670,413) depth=477.1mm  robot xyz=(nan, nan, nan)mm  tilt=-
21:31:08.911 [INFO ] SAM3: 1 detection(s) for 'box'
21:31:08.914 [DEBUG]   det conf=0.96 sim=0.922 pos=0.42 prox=1.00 -> 0.870
21:31:08.916 [INFO ] SAM3: 'box' score=0.96 @ [563 209 775 619]  (top of 1)  sim=0.922
21:31:08.916 [INFO ] SAM3: mask obtained (score=0.960, area=84184 px)
21:31:08.942 [DEBUG] Grasp point: robust centroid (669, 414)
21:31:08.942 [INFO ] MaskTracker: anchor locked (IoU streak=133, last IoU=0.999)
21:31:08.954 [INFO ] frame=133 state=NEAR      c=(670,413) depth=477.0mm  robot xyz=(nan, nan, nan)mm  tilt=-
21:31:09.199 [INFO ] SAM3: 1 detection(s) for 'box'
21:31:09.202 [DEBUG]   det conf=0.96 sim=0.923 pos=0.42 prox=1.00 -> 0.871
21:31:09.203 [INFO ] SAM3: 'box' score=0.96 @ [563 209 775 619]  (top of 1)  sim=0.923
21:31:09.204 [INFO ] SAM3: mask obtained (score=0.963, area=84155 px)
21:31:09.230 [DEBUG] Grasp point: robust centroid (669, 414)
21:31:09.230 [INFO ] MaskTracker: anchor locked (IoU streak=134, last IoU=0.999)
21:31:09.241 [INFO ] frame=134 state=NEAR      c=(670,413) depth=477.1mm  robot xyz=(nan, nan, nan)mm  tilt=-
21:31:09.487 [INFO ] SAM3: 1 detection(s) for 'box'
21:31:09.489 [DEBUG]   det conf=0.96 sim=0.922 pos=0.42 prox=1.00 -> 0.871
21:31:09.491 [INFO ] SAM3: 'box' score=0.96 @ [563 209 775 619]  (top of 1)  sim=0.922
21:31:09.491 [INFO ] SAM3: mask obtained (score=0.965, area=84165 px)
21:31:09.517 [DEBUG] Grasp point: robust centroid (669, 414)
21:31:09.518 [INFO ] MaskTracker: anchor locked (IoU streak=135, last IoU=0.999)
21:31:09.528 [INFO ] frame=135 state=NEAR      c=(670,413) depth=477.1mm  robot xyz=(nan, nan, nan)mm  tilt=-
21:31:09.771 [INFO ] SAM3: 1 detection(s) for 'box'
21:31:09.774 [DEBUG]   det conf=0.96 sim=0.922 pos=0.42 prox=1.00 -> 0.871
21:31:09.776 [INFO ] SAM3: 'box' score=0.96 @ [563 209 775 619]  (top of 1)  sim=0.922
21:31:09.776 [INFO ] SAM3: mask obtained (score=0.964, area=84143 px)
21:31:09.803 [DEBUG] Grasp point: robust centroid (669, 414)
21:31:09.804 [INFO ] MaskTracker: anchor locked (IoU streak=136, last IoU=0.999)
21:31:09.815 [INFO ] frame=136 state=NEAR      c=(670,413) depth=477.0mm  robot xyz=(nan, nan, nan)mm  tilt=-
21:31:10.055 [INFO ] SAM3: 1 detection(s) for 'box'
21:31:10.057 [DEBUG]   det conf=0.96 sim=0.925 pos=0.42 prox=1.00 -> 0.872
21:31:10.059 [INFO ] SAM3: 'box' score=0.96 @ [563 209 775 619]  (top of 1)  sim=0.925
21:31:10.059 [INFO ] SAM3: mask obtained (score=0.961, area=84150 px)
21:31:10.086 [DEBUG] Grasp point: robust centroid (669, 414)
21:31:10.087 [INFO ] MaskTracker: anchor locked (IoU streak=137, last IoU=0.999)
21:31:10.098 [INFO ] frame=137 state=NEAR      c=(670,413) depth=477.2mm  robot xyz=(nan, nan, nan)mm  tilt=-
21:31:10.345 [INFO ] SAM3: 1 detection(s) for 'box'
21:31:10.348 [DEBUG]   det conf=0.96 sim=0.921 pos=0.42 prox=1.00 -> 0.870
21:31:10.350 [INFO ] SAM3: 'box' score=0.96 @ [563 209 775 619]  (top of 1)  sim=0.921
21:31:10.350 [INFO ] SAM3: mask obtained (score=0.965, area=84125 px)
21:31:10.377 [DEBUG] Grasp point: robust centroid (669, 414)
21:31:10.377 [INFO ] MaskTracker: anchor locked (IoU streak=138, last IoU=0.999)
21:31:10.389 [INFO ] frame=138 state=NEAR      c=(670,413) depth=477.1mm  robot xyz=(nan, nan, nan)mm  tilt=-
21:31:10.635 [INFO ] SAM3: 1 detection(s) for 'box'
21:31:10.637 [DEBUG]   det conf=0.96 sim=0.921 pos=0.42 prox=1.00 -> 0.870
21:31:10.639 [INFO ] SAM3: 'box' score=0.96 @ [563 209 775 619]  (top of 1)  sim=0.921
21:31:10.639 [INFO ] SAM3: mask obtained (score=0.963, area=84166 px)
21:31:10.666 [DEBUG] Grasp point: robust centroid (669, 414)
21:31:10.666 [INFO ] MaskTracker: anchor locked (IoU streak=139, last IoU=0.999)
21:31:10.677 [INFO ] frame=139 state=NEAR      c=(670,413) depth=477.2mm  robot xyz=(nan, nan, nan)mm  tilt=-
21:31:10.924 [INFO ] SAM3: 1 detection(s) for 'box'
21:31:10.926 [DEBUG]   det conf=0.96 sim=0.921 pos=0.42 prox=1.00 -> 0.869
21:31:10.928 [INFO ] SAM3: 'box' score=0.96 @ [563 209 775 619]  (top of 1)  sim=0.921
21:31:10.929 [INFO ] SAM3: mask obtained (score=0.959, area=84167 px)
21:31:10.955 [DEBUG] Grasp point: robust centroid (669, 414)
21:31:10.955 [INFO ] MaskTracker: anchor locked (IoU streak=140, last IoU=0.999)
21:31:10.966 [INFO ] frame=140 state=NEAR      c=(670,413) depth=477.1mm  robot xyz=(nan, nan, nan)mm  tilt=-
21:31:11.210 [INFO ] SAM3: 1 detection(s) for 'box'
21:31:11.212 [DEBUG]   det conf=0.96 sim=0.922 pos=0.42 prox=1.00 -> 0.870
21:31:11.214 [INFO ] SAM3: 'box' score=0.96 @ [563 209 775 619]  (top of 1)  sim=0.922
21:31:11.214 [INFO ] SAM3: mask obtained (score=0.960, area=84147 px)
21:31:11.240 [DEBUG] Grasp point: robust centroid (669, 414)
21:31:11.240 [INFO ] MaskTracker: anchor locked (IoU streak=141, last IoU=0.999)
21:31:11.251 [INFO ] frame=141 state=NEAR      c=(670,413) depth=477.1mm  robot xyz=(nan, nan, nan)mm  tilt=-
21:31:11.495 [INFO ] SAM3: 1 detection(s) for 'box'
21:31:11.497 [DEBUG]   det conf=0.96 sim=0.922 pos=0.42 prox=1.00 -> 0.870
21:31:11.499 [INFO ] SAM3: 'box' score=0.96 @ [563 209 775 619]  (top of 1)  sim=0.922
21:31:11.499 [INFO ] SAM3: mask obtained (score=0.961, area=84171 px)
21:31:11.525 [DEBUG] Grasp point: robust centroid (670, 414)
21:31:11.525 [INFO ] MaskTracker: anchor locked (IoU streak=142, last IoU=0.999)
21:31:11.536 [INFO ] frame=142 state=NEAR      c=(670,413) depth=477.1mm  robot xyz=(nan, nan, nan)mm  tilt=-
21:31:11.780 [INFO ] SAM3: 1 detection(s) for 'box'
21:31:11.783 [DEBUG]   det conf=0.96 sim=0.922 pos=0.42 prox=1.00 -> 0.870
21:31:11.784 [INFO ] SAM3: 'box' score=0.96 @ [563 209 775 619]  (top of 1)  sim=0.922
21:31:11.785 [INFO ] SAM3: mask obtained (score=0.961, area=84192 px)
21:31:11.810 [DEBUG] Grasp point: robust centroid (669, 414)
21:31:11.811 [INFO ] MaskTracker: anchor locked (IoU streak=143, last IoU=0.999)
21:31:11.821 [INFO ] frame=143 state=NEAR      c=(670,413) depth=477.2mm  robot xyz=(nan, nan, nan)mm  tilt=-
21:31:12.068 [INFO ] SAM3: 1 detection(s) for 'box'
21:31:12.070 [DEBUG]   det conf=0.96 sim=0.921 pos=0.42 prox=1.00 -> 0.870
21:31:12.072 [INFO ] SAM3: 'box' score=0.96 @ [563 209 775 619]  (top of 1)  sim=0.921
21:31:12.072 [INFO ] SAM3: mask obtained (score=0.964, area=84150 px)
21:31:12.099 [DEBUG] Grasp point: robust centroid (669, 414)
21:31:12.099 [INFO ] MaskTracker: anchor locked (IoU streak=144, last IoU=0.999)
21:31:12.110 [INFO ] frame=144 state=NEAR      c=(670,413) depth=477.2mm  robot xyz=(nan, nan, nan)mm  tilt=-
21:31:12.355 [INFO ] SAM3: 1 detection(s) for 'box'
21:31:12.357 [DEBUG]   det conf=0.96 sim=0.920 pos=0.42 prox=1.00 -> 0.869
21:31:12.358 [INFO ] SAM3: 'box' score=0.96 @ [563 209 775 619]  (top of 1)  sim=0.920
21:31:12.359 [INFO ] SAM3: mask obtained (score=0.960, area=84148 px)
21:31:12.385 [DEBUG] Grasp point: robust centroid (669, 414)
21:31:12.386 [INFO ] MaskTracker: anchor locked (IoU streak=145, last IoU=0.999)
21:31:12.397 [INFO ] frame=145 state=NEAR      c=(670,413) depth=477.2mm  robot xyz=(nan, nan, nan)mm  tilt=-
21:31:12.641 [INFO ] SAM3: 1 detection(s) for 'box'
21:31:12.643 [DEBUG]   det conf=0.96 sim=0.922 pos=0.42 prox=1.00 -> 0.871
21:31:12.645 [INFO ] SAM3: 'box' score=0.96 @ [563 209 775 619]  (top of 1)  sim=0.922
21:31:12.645 [INFO ] SAM3: mask obtained (score=0.965, area=84173 px)
21:31:12.671 [DEBUG] Grasp point: robust centroid (669, 414)
21:31:12.672 [INFO ] MaskTracker: anchor locked (IoU streak=146, last IoU=0.999)
21:31:12.683 [INFO ] frame=146 state=NEAR      c=(670,413) depth=477.3mm  robot xyz=(nan, nan, nan)mm  tilt=-
21:31:12.926 [INFO ] SAM3: 1 detection(s) for 'box'
21:31:12.929 [DEBUG]   det conf=0.96 sim=0.923 pos=0.42 prox=1.00 -> 0.871
21:31:12.931 [INFO ] SAM3: 'box' score=0.96 @ [563 209 775 619]  (top of 1)  sim=0.923
21:31:12.931 [INFO ] SAM3: mask obtained (score=0.962, area=84155 px)
21:31:12.957 [DEBUG] Grasp point: robust centroid (669, 414)
21:31:12.958 [INFO ] MaskTracker: anchor locked (IoU streak=147, last IoU=0.999)
21:31:12.969 [INFO ] frame=147 state=NEAR      c=(670,413) depth=477.3mm  robot xyz=(nan, nan, nan)mm  tilt=-
21:31:13.211 [INFO ] SAM3: 1 detection(s) for 'box'
21:31:13.213 [DEBUG]   det conf=0.96 sim=0.920 pos=0.42 prox=1.00 -> 0.870
21:31:13.215 [INFO ] SAM3: 'box' score=0.96 @ [563 209 775 619]  (top of 1)  sim=0.920
21:31:13.216 [INFO ] SAM3: mask obtained (score=0.964, area=84149 px)
21:31:13.241 [DEBUG] Grasp point: robust centroid (669, 414)
21:31:13.241 [INFO ] MaskTracker: anchor locked (IoU streak=148, last IoU=0.999)
21:31:13.253 [INFO ] frame=148 state=NEAR      c=(670,413) depth=477.2mm  robot xyz=(nan, nan, nan)mm  tilt=-
21:31:13.499 [INFO ] SAM3: 1 detection(s) for 'box'
21:31:13.501 [DEBUG]   det conf=0.96 sim=0.920 pos=0.42 prox=1.00 -> 0.869
21:31:13.503 [INFO ] SAM3: 'box' score=0.96 @ [563 209 775 619]  (top of 1)  sim=0.920
21:31:13.503 [INFO ] SAM3: mask obtained (score=0.960, area=84186 px)
21:31:13.529 [DEBUG] Grasp point: robust centroid (669, 414)
21:31:13.530 [INFO ] MaskTracker: anchor locked (IoU streak=149, last IoU=0.999)
21:31:13.540 [INFO ] frame=149 state=NEAR      c=(670,413) depth=477.2mm  robot xyz=(nan, nan, nan)mm  tilt=-
21:31:13.785 [INFO ] SAM3: 1 detection(s) for 'box'
21:31:13.788 [DEBUG]   det conf=0.96 sim=0.919 pos=0.42 prox=1.00 -> 0.869
21:31:13.790 [INFO ] SAM3: 'box' score=0.96 @ [563 209 775 619]  (top of 1)  sim=0.919
21:31:13.790 [INFO ] SAM3: mask obtained (score=0.960, area=84183 px)
21:31:13.816 [DEBUG] Grasp point: robust centroid (669, 414)
21:31:13.817 [INFO ] MaskTracker: anchor locked (IoU streak=150, last IoU=0.999)
21:31:13.881 [INFO ] frame=150 state=NEAR      c=(670,413) depth=477.2mm  robot xyz=(nan, nan, nan)mm  tilt=-
21:31:14.124 [INFO ] SAM3: 1 detection(s) for 'box'
21:31:14.129 [DEBUG]   det conf=0.96 sim=0.921 pos=0.42 prox=1.00 -> 0.870
21:31:14.131 [INFO ] SAM3: 'box' score=0.96 @ [563 209 775 619]  (top of 1)  sim=0.921
21:31:14.132 [INFO ] SAM3: mask obtained (score=0.964, area=84167 px)
21:31:14.162 [DEBUG] Grasp point: robust centroid (669, 414)
21:31:14.162 [INFO ] MaskTracker: anchor locked (IoU streak=151, last IoU=0.999)
21:31:14.173 [INFO ] frame=151 state=NEAR      c=(670,413) depth=477.3mm  robot xyz=(nan, nan, nan)mm  tilt=-
21:31:14.419 [INFO ] SAM3: 1 detection(s) for 'box'
21:31:14.422 [DEBUG]   det conf=0.96 sim=0.920 pos=0.42 prox=1.00 -> 0.869
21:31:14.423 [INFO ] SAM3: 'box' score=0.96 @ [563 209 775 619]  (top of 1)  sim=0.920
21:31:14.423 [INFO ] SAM3: mask obtained (score=0.960, area=84180 px)
21:31:14.450 [DEBUG] Grasp point: robust centroid (669, 414)
21:31:14.450 [INFO ] MaskTracker: anchor locked (IoU streak=152, last IoU=0.999)
21:31:14.461 [INFO ] frame=152 state=NEAR      c=(670,413) depth=477.2mm  robot xyz=(nan, nan, nan)mm  tilt=-
21:31:14.708 [INFO ] SAM3: 1 detection(s) for 'box'
21:31:14.710 [DEBUG]   det conf=0.96 sim=0.921 pos=0.42 prox=1.00 -> 0.870
21:31:14.712 [INFO ] SAM3: 'box' score=0.96 @ [563 209 775 619]  (top of 1)  sim=0.921
21:31:14.712 [INFO ] SAM3: mask obtained (score=0.960, area=84130 px)
21:31:14.739 [DEBUG] Grasp point: robust centroid (669, 414)
21:31:14.739 [INFO ] MaskTracker: anchor locked (IoU streak=153, last IoU=0.999)
21:31:14.750 [INFO ] frame=153 state=NEAR      c=(670,413) depth=477.3mm  robot xyz=(nan, nan, nan)mm  tilt=-
21:31:14.993 [INFO ] SAM3: 1 detection(s) for 'box'
21:31:14.996 [DEBUG]   det conf=0.96 sim=0.922 pos=0.42 prox=1.00 -> 0.870
21:31:14.997 [INFO ] SAM3: 'box' score=0.96 @ [563 209 775 619]  (top of 1)  sim=0.922
21:31:14.997 [INFO ] SAM3: mask obtained (score=0.958, area=84192 px)
21:31:15.023 [DEBUG] Grasp point: robust centroid (669, 414)
21:31:15.023 [INFO ] MaskTracker: anchor locked (IoU streak=154, last IoU=0.999)
21:31:15.034 [INFO ] frame=154 state=NEAR      c=(670,413) depth=477.3mm  robot xyz=(nan, nan, nan)mm  tilt=-
21:31:15.280 [INFO ] SAM3: 1 detection(s) for 'box'
21:31:15.283 [DEBUG]   det conf=0.96 sim=0.922 pos=0.42 prox=1.00 -> 0.870
21:31:15.284 [INFO ] SAM3: 'box' score=0.96 @ [563 209 775 619]  (top of 1)  sim=0.922
21:31:15.285 [INFO ] SAM3: mask obtained (score=0.961, area=84145 px)
21:31:15.310 [DEBUG] Grasp point: robust centroid (669, 414)
21:31:15.310 [INFO ] MaskTracker: anchor locked (IoU streak=155, last IoU=0.999)
21:31:15.321 [INFO ] frame=155 state=NEAR      c=(670,413) depth=477.3mm  robot xyz=(nan, nan, nan)mm  tilt=-
21:31:15.570 [INFO ] SAM3: 1 detection(s) for 'box'
21:31:15.572 [DEBUG]   det conf=0.96 sim=0.921 pos=0.42 prox=1.00 -> 0.870
21:31:15.573 [INFO ] SAM3: 'box' score=0.96 @ [563 209 775 619]  (top of 1)  sim=0.921
21:31:15.573 [INFO ] SAM3: mask obtained (score=0.963, area=84151 px)
21:31:15.600 [DEBUG] Grasp point: robust centroid (669, 414)
21:31:15.600 [INFO ] MaskTracker: anchor locked (IoU streak=156, last IoU=0.999)
21:31:15.612 [INFO ] frame=156 state=NEAR      c=(670,413) depth=477.3mm  robot xyz=(nan, nan, nan)mm  tilt=-
21:31:15.860 [INFO ] SAM3: 1 detection(s) for 'box'
21:31:15.862 [DEBUG]   det conf=0.96 sim=0.920 pos=0.42 prox=1.00 -> 0.869
21:31:15.864 [INFO ] SAM3: 'box' score=0.96 @ [563 209 775 619]  (top of 1)  sim=0.920
21:31:15.864 [INFO ] SAM3: mask obtained (score=0.961, area=84150 px)
21:31:15.891 [DEBUG] Grasp point: robust centroid (669, 414)
21:31:15.891 [INFO ] MaskTracker: anchor locked (IoU streak=157, last IoU=0.999)
21:31:15.902 [INFO ] frame=157 state=NEAR      c=(670,413) depth=477.4mm  robot xyz=(nan, nan, nan)mm  tilt=-
21:31:16.148 [INFO ] SAM3: 1 detection(s) for 'box'
21:31:16.151 [DEBUG]   det conf=0.96 sim=0.921 pos=0.42 prox=1.00 -> 0.870
21:31:16.152 [INFO ] SAM3: 'box' score=0.96 @ [563 209 775 619]  (top of 1)  sim=0.921
21:31:16.153 [INFO ] SAM3: mask obtained (score=0.961, area=84127 px)
21:31:16.178 [DEBUG] Grasp point: robust centroid (669, 414)
21:31:16.179 [INFO ] MaskTracker: anchor locked (IoU streak=158, last IoU=0.999)
21:31:16.190 [INFO ] frame=158 state=NEAR      c=(670,413) depth=477.4mm  robot xyz=(nan, nan, nan)mm  tilt=-
21:31:16.433 [INFO ] SAM3: 1 detection(s) for 'box'
21:31:16.435 [DEBUG]   det conf=0.96 sim=0.921 pos=0.42 prox=1.00 -> 0.870
21:31:16.437 [INFO ] SAM3: 'box' score=0.96 @ [563 209 775 619]  (top of 1)  sim=0.921
21:31:16.437 [INFO ] SAM3: mask obtained (score=0.961, area=84167 px)
21:31:16.463 [DEBUG] Grasp point: robust centroid (669, 414)
21:31:16.464 [INFO ] MaskTracker: anchor locked (IoU streak=159, last IoU=0.999)
21:31:16.474 [INFO ] frame=159 state=NEAR      c=(670,413) depth=477.4mm  robot xyz=(nan, nan, nan)mm  tilt=-
21:31:16.714 [INFO ] SAM3: 1 detection(s) for 'box'
21:31:16.717 [DEBUG]   det conf=0.96 sim=0.923 pos=0.42 prox=1.00 -> 0.871
21:31:16.718 [INFO ] SAM3: 'box' score=0.96 @ [563 209 775 619]  (top of 1)  sim=0.923
21:31:16.718 [INFO ] SAM3: mask obtained (score=0.963, area=84172 px)
21:31:16.744 [DEBUG] Grasp point: robust centroid (669, 414)
21:31:16.745 [INFO ] MaskTracker: anchor locked (IoU streak=160, last IoU=0.999)
21:31:16.755 [INFO ] frame=160 state=NEAR      c=(670,413) depth=477.4mm  robot xyz=(nan, nan, nan)mm  tilt=-
21:31:16.999 [INFO ] SAM3: 1 detection(s) for 'box'
21:31:17.001 [DEBUG]   det conf=0.96 sim=0.926 pos=0.42 prox=1.00 -> 0.872
21:31:17.003 [INFO ] SAM3: 'box' score=0.96 @ [563 209 776 619]  (top of 1)  sim=0.926
21:31:17.003 [INFO ] SAM3: mask obtained (score=0.960, area=84177 px)
21:31:17.029 [DEBUG] Grasp point: robust centroid (669, 414)
21:31:17.030 [INFO ] MaskTracker: anchor locked (IoU streak=161, last IoU=0.999)
21:31:17.040 [INFO ] frame=161 state=NEAR      c=(670,413) depth=477.4mm  robot xyz=(nan, nan, nan)mm  tilt=-
21:31:17.287 [INFO ] SAM3: 1 detection(s) for 'box'
21:31:17.289 [DEBUG]   det conf=0.96 sim=0.920 pos=0.42 prox=1.00 -> 0.869
21:31:17.291 [INFO ] SAM3: 'box' score=0.96 @ [563 209 775 619]  (top of 1)  sim=0.920
21:31:17.291 [INFO ] SAM3: mask obtained (score=0.958, area=84164 px)
21:31:17.318 [DEBUG] Grasp point: robust centroid (669, 414)
21:31:17.318 [INFO ] MaskTracker: anchor locked (IoU streak=162, last IoU=0.999)
21:31:17.329 [INFO ] frame=162 state=NEAR      c=(670,413) depth=477.3mm  robot xyz=(nan, nan, nan)mm  tilt=-
21:31:17.571 [INFO ] SAM3: 1 detection(s) for 'box'
21:31:17.573 [DEBUG]   det conf=0.96 sim=0.922 pos=0.42 prox=1.00 -> 0.870
21:31:17.575 [INFO ] SAM3: 'box' score=0.96 @ [563 209 775 619]  (top of 1)  sim=0.922
21:31:17.575 [INFO ] SAM3: mask obtained (score=0.962, area=84222 px)
21:31:17.602 [DEBUG] Grasp point: robust centroid (669, 414)
21:31:17.602 [INFO ] MaskTracker: anchor locked (IoU streak=163, last IoU=0.999)
21:31:17.613 [INFO ] frame=163 state=NEAR      c=(670,413) depth=477.4mm  robot xyz=(nan, nan, nan)mm  tilt=-
21:31:17.858 [INFO ] SAM3: 1 detection(s) for 'box'
21:31:17.861 [DEBUG]   det conf=0.96 sim=0.922 pos=0.42 prox=1.00 -> 0.870
21:31:17.862 [INFO ] SAM3: 'box' score=0.96 @ [563 209 775 619]  (top of 1)  sim=0.922
21:31:17.863 [INFO ] SAM3: mask obtained (score=0.962, area=84149 px)
21:31:17.889 [DEBUG] Grasp point: robust centroid (669, 414)
21:31:17.889 [INFO ] MaskTracker: anchor locked (IoU streak=164, last IoU=0.999)
21:31:17.900 [INFO ] frame=164 state=NEAR      c=(670,413) depth=477.3mm  robot xyz=(nan, nan, nan)mm  tilt=-
21:31:18.145 [INFO ] SAM3: 1 detection(s) for 'box'
21:31:18.147 [DEBUG]   det conf=0.96 sim=0.920 pos=0.42 prox=1.00 -> 0.869
21:31:18.149 [INFO ] SAM3: 'box' score=0.96 @ [563 209 775 619]  (top of 1)  sim=0.920
21:31:18.150 [INFO ] SAM3: mask obtained (score=0.962, area=84162 px)
21:31:18.176 [DEBUG] Grasp point: robust centroid (669, 414)
21:31:18.176 [INFO ] MaskTracker: anchor locked (IoU streak=165, last IoU=0.999)
21:31:18.187 [INFO ] frame=165 state=NEAR      c=(670,413) depth=477.3mm  robot xyz=(nan, nan, nan)mm  tilt=-
21:31:18.426 [INFO ] SAM3: 1 detection(s) for 'box'
21:31:18.429 [DEBUG]   det conf=0.96 sim=0.920 pos=0.42 prox=1.00 -> 0.869
21:31:18.431 [INFO ] SAM3: 'box' score=0.96 @ [563 209 775 619]  (top of 1)  sim=0.920
21:31:18.431 [INFO ] SAM3: mask obtained (score=0.961, area=84177 px)
21:31:18.456 [DEBUG] Grasp point: robust centroid (669, 414)
21:31:18.457 [INFO ] MaskTracker: anchor locked (IoU streak=166, last IoU=0.999)
21:31:18.468 [INFO ] frame=166 state=NEAR      c=(670,413) depth=477.3mm  robot xyz=(nan, nan, nan)mm  tilt=-
21:31:18.715 [INFO ] SAM3: 1 detection(s) for 'box'
21:31:18.717 [DEBUG]   det conf=0.96 sim=0.922 pos=0.42 prox=1.00 -> 0.871
21:31:18.719 [INFO ] SAM3: 'box' score=0.96 @ [563 209 775 619]  (top of 1)  sim=0.922
21:31:18.719 [INFO ] SAM3: mask obtained (score=0.962, area=84120 px)
21:31:18.744 [DEBUG] Grasp point: robust centroid (669, 414)
21:31:18.745 [INFO ] MaskTracker: anchor locked (IoU streak=167, last IoU=0.999)
21:31:18.756 [INFO ] frame=167 state=NEAR      c=(670,413) depth=477.3mm  robot xyz=(nan, nan, nan)mm  tilt=-
21:31:19.001 [INFO ] SAM3: 1 detection(s) for 'box'
21:31:19.004 [DEBUG]   det conf=0.96 sim=0.920 pos=0.42 prox=1.00 -> 0.870
21:31:19.005 [INFO ] SAM3: 'box' score=0.96 @ [563 209 775 619]  (top of 1)  sim=0.920
21:31:19.006 [INFO ] SAM3: mask obtained (score=0.963, area=84149 px)
21:31:19.033 [DEBUG] Grasp point: robust centroid (669, 414)
21:31:19.033 [INFO ] MaskTracker: anchor locked (IoU streak=168, last IoU=0.999)
21:31:19.045 [INFO ] frame=168 state=NEAR      c=(670,413) depth=477.2mm  robot xyz=(nan, nan, nan)mm  tilt=-
21:31:19.290 [INFO ] SAM3: 1 detection(s) for 'box'
21:31:19.292 [DEBUG]   det conf=0.96 sim=0.921 pos=0.42 prox=1.00 -> 0.869
21:31:19.294 [INFO ] SAM3: 'box' score=0.96 @ [563 209 775 619]  (top of 1)  sim=0.921
21:31:19.294 [INFO ] SAM3: mask obtained (score=0.960, area=84157 px)
21:31:19.321 [DEBUG] Grasp point: robust centroid (669, 414)
21:31:19.321 [INFO ] MaskTracker: anchor locked (IoU streak=169, last IoU=0.999)
21:31:19.333 [INFO ] frame=169 state=NEAR      c=(670,413) depth=477.2mm  robot xyz=(nan, nan, nan)mm  tilt=-
21:31:19.577 [INFO ] SAM3: 1 detection(s) for 'box'
21:31:19.580 [DEBUG]   det conf=0.96 sim=0.922 pos=0.42 prox=1.00 -> 0.870
21:31:19.582 [INFO ] SAM3: 'box' score=0.96 @ [563 209 775 619]  (top of 1)  sim=0.922
21:31:19.582 [INFO ] SAM3: mask obtained (score=0.963, area=84132 px)
21:31:19.608 [DEBUG] Grasp point: robust centroid (669, 414)
21:31:19.609 [INFO ] MaskTracker: anchor locked (IoU streak=170, last IoU=0.999)
21:31:19.620 [INFO ] frame=170 state=NEAR      c=(670,413) depth=477.2mm  robot xyz=(nan, nan, nan)mm  tilt=-
21:31:19.868 [INFO ] SAM3: 1 detection(s) for 'box'
21:31:19.870 [DEBUG]   det conf=0.96 sim=0.920 pos=0.42 prox=1.00 -> 0.869
21:31:19.872 [INFO ] SAM3: 'box' score=0.96 @ [563 209 775 619]  (top of 1)  sim=0.920
21:31:19.872 [INFO ] SAM3: mask obtained (score=0.958, area=84179 px)
21:31:19.899 [DEBUG] Grasp point: robust centroid (669, 414)
21:31:19.899 [INFO ] MaskTracker: anchor locked (IoU streak=171, last IoU=0.999)
21:31:19.910 [INFO ] frame=171 state=NEAR      c=(670,413) depth=477.2mm  robot xyz=(nan, nan, nan)mm  tilt=-
21:31:20.156 [INFO ] SAM3: 1 detection(s) for 'box'
21:31:20.158 [DEBUG]   det conf=0.96 sim=0.920 pos=0.42 prox=1.00 -> 0.869
21:31:20.160 [INFO ] SAM3: 'box' score=0.96 @ [563 209 775 619]  (top of 1)  sim=0.920
21:31:20.160 [INFO ] SAM3: mask obtained (score=0.963, area=84136 px)
21:31:20.187 [DEBUG] Grasp point: robust centroid (670, 414)
21:31:20.188 [INFO ] MaskTracker: anchor locked (IoU streak=172, last IoU=0.999)
21:31:20.199 [INFO ] frame=172 state=NEAR      c=(670,413) depth=477.2mm  robot xyz=(nan, nan, nan)mm  tilt=-
21:31:20.441 [INFO ] SAM3: 1 detection(s) for 'box'
21:31:20.443 [DEBUG]   det conf=0.96 sim=0.922 pos=0.42 prox=1.00 -> 0.870
21:31:20.445 [INFO ] SAM3: 'box' score=0.96 @ [563 209 775 619]  (top of 1)  sim=0.922
21:31:20.445 [INFO ] SAM3: mask obtained (score=0.959, area=84150 px)
21:31:20.471 [DEBUG] Grasp point: robust centroid (669, 414)
21:31:20.471 [INFO ] MaskTracker: anchor locked (IoU streak=173, last IoU=0.999)
21:31:20.482 [INFO ] frame=173 state=NEAR      c=(670,413) depth=477.2mm  robot xyz=(nan, nan, nan)mm  tilt=-
21:31:20.727 [INFO ] SAM3: 1 detection(s) for 'box'
21:31:20.730 [DEBUG]   det conf=0.96 sim=0.921 pos=0.42 prox=1.00 -> 0.870
21:31:20.731 [INFO ] SAM3: 'box' score=0.96 @ [563 209 775 619]  (top of 1)  sim=0.921
21:31:20.732 [INFO ] SAM3: mask obtained (score=0.961, area=84164 px)
21:31:20.757 [DEBUG] Grasp point: robust centroid (669, 414)
21:31:20.758 [INFO ] MaskTracker: anchor locked (IoU streak=174, last IoU=0.999)
21:31:20.768 [INFO ] frame=174 state=NEAR      c=(670,413) depth=477.2mm  robot xyz=(nan, nan, nan)mm  tilt=-
21:31:21.011 [INFO ] SAM3: 1 detection(s) for 'box'
21:31:21.014 [DEBUG]   det conf=0.96 sim=0.922 pos=0.42 prox=1.00 -> 0.870
21:31:21.016 [INFO ] SAM3: 'box' score=0.96 @ [563 209 775 619]  (top of 1)  sim=0.922
21:31:21.016 [INFO ] SAM3: mask obtained (score=0.961, area=84191 px)
21:31:21.041 [DEBUG] Grasp point: robust centroid (669, 414)
21:31:21.042 [INFO ] MaskTracker: anchor locked (IoU streak=175, last IoU=0.999)
21:31:21.052 [INFO ] frame=175 state=NEAR      c=(670,413) depth=477.3mm  robot xyz=(nan, nan, nan)mm  tilt=-
21:31:21.299 [INFO ] SAM3: 1 detection(s) for 'box'
21:31:21.302 [DEBUG]   det conf=0.96 sim=0.921 pos=0.42 prox=1.00 -> 0.870
21:31:21.303 [INFO ] SAM3: 'box' score=0.96 @ [563 209 775 619]  (top of 1)  sim=0.921
21:31:21.303 [INFO ] SAM3: mask obtained (score=0.964, area=84180 px)
21:31:21.330 [DEBUG] Grasp point: robust centroid (669, 414)
21:31:21.330 [INFO ] MaskTracker: anchor locked (IoU streak=176, last IoU=0.999)
21:31:21.341 [INFO ] frame=176 state=NEAR      c=(670,413) depth=477.2mm  robot xyz=(nan, nan, nan)mm  tilt=-
21:31:21.586 [INFO ] SAM3: 1 detection(s) for 'box'
21:31:21.589 [DEBUG]   det conf=0.96 sim=0.920 pos=0.42 prox=1.00 -> 0.869
21:31:21.590 [INFO ] SAM3: 'box' score=0.96 @ [563 209 775 619]  (top of 1)  sim=0.920
21:31:21.590 [INFO ] SAM3: mask obtained (score=0.962, area=84119 px)
21:31:21.617 [DEBUG] Grasp point: robust centroid (669, 414)
21:31:21.618 [INFO ] MaskTracker: anchor locked (IoU streak=177, last IoU=0.999)
21:31:21.628 [INFO ] frame=177 state=NEAR      c=(670,413) depth=477.2mm  robot xyz=(nan, nan, nan)mm  tilt=-
21:31:21.875 [INFO ] SAM3: 1 detection(s) for 'box'
21:31:21.877 [DEBUG]   det conf=0.96 sim=0.921 pos=0.42 prox=1.00 -> 0.870
21:31:21.879 [INFO ] SAM3: 'box' score=0.96 @ [563 209 775 619]  (top of 1)  sim=0.921
21:31:21.879 [INFO ] SAM3: mask obtained (score=0.961, area=84157 px)
21:31:21.905 [DEBUG] Grasp point: robust centroid (669, 414)
21:31:21.906 [INFO ] MaskTracker: anchor locked (IoU streak=178, last IoU=0.999)
21:31:21.916 [INFO ] frame=178 state=NEAR      c=(670,413) depth=477.2mm  robot xyz=(nan, nan, nan)mm  tilt=-
21:31:22.161 [INFO ] SAM3: 1 detection(s) for 'box'
21:31:22.163 [DEBUG]   det conf=0.96 sim=0.920 pos=0.42 prox=1.00 -> 0.870
21:31:22.165 [INFO ] SAM3: 'box' score=0.96 @ [563 209 775 619]  (top of 1)  sim=0.920
21:31:22.165 [INFO ] SAM3: mask obtained (score=0.963, area=84155 px)
21:31:22.191 [DEBUG] Grasp point: robust centroid (669, 414)
21:31:22.191 [INFO ] MaskTracker: anchor locked (IoU streak=179, last IoU=0.999)
21:31:22.202 [INFO ] frame=179 state=NEAR      c=(670,413) depth=477.1mm  robot xyz=(nan, nan, nan)mm  tilt=-
21:31:22.448 [INFO ] SAM3: 1 detection(s) for 'box'
21:31:22.452 [DEBUG]   det conf=0.96 sim=0.921 pos=0.42 prox=1.00 -> 0.870
21:31:22.454 [INFO ] SAM3: 'box' score=0.96 @ [563 209 775 619]  (top of 1)  sim=0.921
21:31:22.455 [INFO ] SAM3: mask obtained (score=0.962, area=84180 px)
21:31:22.483 [DEBUG] Grasp point: robust centroid (669, 414)
21:31:22.483 [INFO ] MaskTracker: anchor locked (IoU streak=180, last IoU=0.999)
21:31:22.550 [INFO ] frame=180 state=NEAR      c=(670,413) depth=477.1mm  robot xyz=(nan, nan, nan)mm  tilt=-
21:31:22.792 [INFO ] SAM3: 1 detection(s) for 'box'
21:31:22.794 [DEBUG]   det conf=0.96 sim=0.922 pos=0.42 prox=1.00 -> 0.870
21:31:22.797 [INFO ] SAM3: 'box' score=0.96 @ [563 209 775 619]  (top of 1)  sim=0.922
21:31:22.797 [INFO ] SAM3: mask obtained (score=0.961, area=84162 px)
21:31:22.823 [DEBUG] Grasp point: robust centroid (669, 414)
21:31:22.823 [INFO ] MaskTracker: anchor locked (IoU streak=181, last IoU=0.999)
21:31:22.835 [INFO ] frame=181 state=NEAR      c=(670,413) depth=477.2mm  robot xyz=(nan, nan, nan)mm  tilt=-
21:31:23.081 [INFO ] SAM3: 1 detection(s) for 'box'
21:31:23.083 [DEBUG]   det conf=0.96 sim=0.920 pos=0.42 prox=1.00 -> 0.870
21:31:23.085 [INFO ] SAM3: 'box' score=0.96 @ [563 209 775 619]  (top of 1)  sim=0.920
21:31:23.085 [INFO ] SAM3: mask obtained (score=0.964, area=84157 px)
21:31:23.110 [DEBUG] Grasp point: robust centroid (669, 414)
21:31:23.111 [INFO ] MaskTracker: anchor locked (IoU streak=182, last IoU=0.999)
21:31:23.122 [INFO ] frame=182 state=NEAR      c=(670,413) depth=477.1mm  robot xyz=(nan, nan, nan)mm  tilt=-
21:31:23.368 [INFO ] SAM3: 1 detection(s) for 'box'
21:31:23.370 [DEBUG]   det conf=0.96 sim=0.923 pos=0.42 prox=1.00 -> 0.871
21:31:23.372 [INFO ] SAM3: 'box' score=0.96 @ [563 209 775 619]  (top of 1)  sim=0.923
21:31:23.372 [INFO ] SAM3: mask obtained (score=0.962, area=84186 px)
21:31:23.400 [DEBUG] Grasp point: robust centroid (669, 414)
21:31:23.400 [INFO ] MaskTracker: anchor locked (IoU streak=183, last IoU=0.999)
21:31:23.411 [INFO ] frame=183 state=NEAR      c=(670,413) depth=477.1mm  robot xyz=(nan, nan, nan)mm  tilt=-
21:31:23.657 [INFO ] SAM3: 1 detection(s) for 'box'
21:31:23.660 [DEBUG]   det conf=0.96 sim=0.922 pos=0.42 prox=1.00 -> 0.870
21:31:23.661 [INFO ] SAM3: 'box' score=0.96 @ [563 209 775 619]  (top of 1)  sim=0.922
21:31:23.661 [INFO ] SAM3: mask obtained (score=0.961, area=84180 px)
21:31:23.688 [DEBUG] Grasp point: robust centroid (669, 414)
21:31:23.688 [INFO ] MaskTracker: anchor locked (IoU streak=184, last IoU=0.999)
21:31:23.699 [INFO ] frame=184 state=NEAR      c=(670,413) depth=477.1mm  robot xyz=(nan, nan, nan)mm  tilt=-
21:31:23.942 [INFO ] SAM3: 1 detection(s) for 'box'
21:31:23.945 [DEBUG]   det conf=0.96 sim=0.923 pos=0.42 prox=1.00 -> 0.870
21:31:23.946 [INFO ] SAM3: 'box' score=0.96 @ [563 209 775 619]  (top of 1)  sim=0.923
21:31:23.947 [INFO ] SAM3: mask obtained (score=0.961, area=84121 px)
21:31:23.973 [DEBUG] Grasp point: robust centroid (669, 414)
21:31:23.973 [INFO ] MaskTracker: anchor locked (IoU streak=185, last IoU=0.999)
21:31:23.984 [INFO ] frame=185 state=NEAR      c=(670,413) depth=477.1mm  robot xyz=(nan, nan, nan)mm  tilt=-
21:31:24.226 [INFO ] SAM3: 1 detection(s) for 'box'
21:31:24.228 [DEBUG]   det conf=0.96 sim=0.922 pos=0.42 prox=1.00 -> 0.871
21:31:24.230 [INFO ] SAM3: 'box' score=0.96 @ [563 209 775 619]  (top of 1)  sim=0.922
21:31:24.230 [INFO ] SAM3: mask obtained (score=0.962, area=84157 px)
21:31:24.256 [DEBUG] Grasp point: robust centroid (669, 414)
21:31:24.257 [INFO ] MaskTracker: anchor locked (IoU streak=186, last IoU=0.999)
21:31:24.267 [INFO ] frame=186 state=NEAR      c=(670,413) depth=477.1mm  robot xyz=(nan, nan, nan)mm  tilt=-
21:31:24.510 [INFO ] SAM3: 1 detection(s) for 'box'
21:31:24.513 [DEBUG]   det conf=0.96 sim=0.921 pos=0.42 prox=1.00 -> 0.870
21:31:24.515 [INFO ] SAM3: 'box' score=0.96 @ [563 209 775 619]  (top of 1)  sim=0.921
21:31:24.515 [INFO ] SAM3: mask obtained (score=0.960, area=84164 px)
21:31:24.541 [DEBUG] Grasp point: robust centroid (669, 414)
21:31:24.541 [INFO ] MaskTracker: anchor locked (IoU streak=187, last IoU=0.999)
21:31:24.552 [INFO ] frame=187 state=NEAR      c=(670,413) depth=477.1mm  robot xyz=(nan, nan, nan)mm  tilt=-
21:31:24.799 [INFO ] SAM3: 1 detection(s) for 'box'
21:31:24.801 [DEBUG]   det conf=0.96 sim=0.919 pos=0.42 prox=1.00 -> 0.869
21:31:24.803 [INFO ] SAM3: 'box' score=0.96 @ [563 209 775 619]  (top of 1)  sim=0.919
21:31:24.803 [INFO ] SAM3: mask obtained (score=0.963, area=84141 px)
21:31:24.829 [DEBUG] Grasp point: robust centroid (669, 414)
21:31:24.830 [INFO ] MaskTracker: anchor locked (IoU streak=188, last IoU=0.999)
21:31:24.840 [INFO ] frame=188 state=NEAR      c=(670,413) depth=477.0mm  robot xyz=(nan, nan, nan)mm  tilt=-
21:31:25.087 [INFO ] SAM3: 1 detection(s) for 'box'
21:31:25.089 [DEBUG]   det conf=0.96 sim=0.921 pos=0.42 prox=1.00 -> 0.870
21:31:25.090 [INFO ] SAM3: 'box' score=0.96 @ [563 209 775 619]  (top of 1)  sim=0.921
21:31:25.091 [INFO ] SAM3: mask obtained (score=0.962, area=84187 px)
21:31:25.117 [DEBUG] Grasp point: robust centroid (669, 414)
21:31:25.118 [INFO ] MaskTracker: anchor locked (IoU streak=189, last IoU=0.999)
21:31:25.128 [INFO ] frame=189 state=NEAR      c=(670,413) depth=477.0mm  robot xyz=(nan, nan, nan)mm  tilt=-
21:31:25.375 [INFO ] SAM3: 1 detection(s) for 'box'
21:31:25.377 [DEBUG]   det conf=0.97 sim=0.921 pos=0.42 prox=1.00 -> 0.870
21:31:25.379 [INFO ] SAM3: 'box' score=0.97 @ [563 209 775 619]  (top of 1)  sim=0.921
21:31:25.380 [INFO ] SAM3: mask obtained (score=0.965, area=84145 px)
21:31:25.406 [DEBUG] Grasp point: robust centroid (669, 414)
21:31:25.407 [INFO ] MaskTracker: anchor locked (IoU streak=190, last IoU=0.999)
21:31:25.418 [INFO ] frame=190 state=NEAR      c=(670,413) depth=477.1mm  robot xyz=(nan, nan, nan)mm  tilt=-
21:31:25.665 [INFO ] SAM3: 1 detection(s) for 'box'
21:31:25.667 [DEBUG]   det conf=0.96 sim=0.921 pos=0.42 prox=1.00 -> 0.870
21:31:25.669 [INFO ] SAM3: 'box' score=0.96 @ [563 209 775 619]  (top of 1)  sim=0.921
21:31:25.669 [INFO ] SAM3: mask obtained (score=0.963, area=84168 px)
21:31:25.695 [DEBUG] Grasp point: robust centroid (669, 414)
21:31:25.696 [INFO ] MaskTracker: anchor locked (IoU streak=191, last IoU=0.999)
21:31:25.706 [INFO ] frame=191 state=NEAR      c=(670,413) depth=477.0mm  robot xyz=(nan, nan, nan)mm  tilt=-
21:31:25.948 [INFO ] SAM3: 1 detection(s) for 'box'
21:31:25.950 [DEBUG]   det conf=0.97 sim=0.923 pos=0.42 prox=1.00 -> 0.871
21:31:25.952 [INFO ] SAM3: 'box' score=0.97 @ [563 209 775 619]  (top of 1)  sim=0.923
21:31:25.952 [INFO ] SAM3: mask obtained (score=0.967, area=84176 px)
21:31:25.978 [DEBUG] Grasp point: robust centroid (669, 414)
21:31:25.979 [INFO ] MaskTracker: anchor locked (IoU streak=192, last IoU=0.999)
21:31:25.990 [INFO ] frame=192 state=NEAR      c=(670,413) depth=477.1mm  robot xyz=(nan, nan, nan)mm  tilt=-
21:31:26.235 [INFO ] SAM3: 1 detection(s) for 'box'
21:31:26.238 [DEBUG]   det conf=0.96 sim=0.921 pos=0.42 prox=1.00 -> 0.870
21:31:26.239 [INFO ] SAM3: 'box' score=0.96 @ [563 209 775 619]  (top of 1)  sim=0.921
21:31:26.239 [INFO ] SAM3: mask obtained (score=0.965, area=84176 px)
21:31:26.265 [DEBUG] Grasp point: robust centroid (669, 414)
21:31:26.265 [INFO ] MaskTracker: anchor locked (IoU streak=193, last IoU=0.999)
21:31:26.275 [INFO ] frame=193 state=NEAR      c=(670,413) depth=477.1mm  robot xyz=(nan, nan, nan)mm  tilt=-
21:31:26.522 [INFO ] SAM3: 1 detection(s) for 'box'
21:31:26.525 [DEBUG]   det conf=0.96 sim=0.920 pos=0.42 prox=1.00 -> 0.869
21:31:26.527 [INFO ] SAM3: 'box' score=0.96 @ [563 209 775 619]  (top of 1)  sim=0.920
21:31:26.527 [INFO ] SAM3: mask obtained (score=0.963, area=84143 px)
21:31:26.553 [DEBUG] Grasp point: robust centroid (669, 414)
21:31:26.553 [INFO ] MaskTracker: anchor locked (IoU streak=194, last IoU=0.999)
21:31:26.566 [INFO ] frame=194 state=NEAR      c=(670,413) depth=477.0mm  robot xyz=(nan, nan, nan)mm  tilt=-
21:31:26.811 [INFO ] SAM3: 1 detection(s) for 'box'
21:31:26.813 [DEBUG]   det conf=0.96 sim=0.924 pos=0.42 prox=1.00 -> 0.871
21:31:26.815 [INFO ] SAM3: 'box' score=0.96 @ [563 209 775 619]  (top of 1)  sim=0.924
21:31:26.815 [INFO ] SAM3: mask obtained (score=0.961, area=84160 px)
21:31:26.841 [DEBUG] Grasp point: robust centroid (669, 414)
21:31:26.841 [INFO ] MaskTracker: anchor locked (IoU streak=195, last IoU=0.999)
21:31:26.852 [INFO ] frame=195 state=NEAR      c=(670,413) depth=477.2mm  robot xyz=(nan, nan, nan)mm  tilt=-
21:31:27.100 [INFO ] SAM3: 1 detection(s) for 'box'
21:31:27.102 [DEBUG]   det conf=0.96 sim=0.919 pos=0.42 prox=1.00 -> 0.869
21:31:27.104 [INFO ] SAM3: 'box' score=0.96 @ [563 209 775 619]  (top of 1)  sim=0.919
21:31:27.104 [INFO ] SAM3: mask obtained (score=0.962, area=84164 px)
21:31:27.130 [DEBUG] Grasp point: robust centroid (669, 414)
21:31:27.131 [INFO ] MaskTracker: anchor locked (IoU streak=196, last IoU=0.999)
21:31:27.142 [INFO ] frame=196 state=NEAR      c=(670,413) depth=477.2mm  robot xyz=(nan, nan, nan)mm  tilt=-
21:31:27.387 [INFO ] SAM3: 1 detection(s) for 'box'
21:31:27.390 [DEBUG]   det conf=0.96 sim=0.922 pos=0.42 prox=1.00 -> 0.870
21:31:27.391 [INFO ] SAM3: 'box' score=0.96 @ [563 209 775 619]  (top of 1)  sim=0.922
21:31:27.391 [INFO ] SAM3: mask obtained (score=0.963, area=84165 px)
21:31:27.418 [DEBUG] Grasp point: robust centroid (669, 414)
21:31:27.418 [INFO ] MaskTracker: anchor locked (IoU streak=197, last IoU=0.999)
21:31:27.429 [INFO ] frame=197 state=NEAR      c=(670,413) depth=477.1mm  robot xyz=(nan, nan, nan)mm  tilt=-
21:31:27.675 [INFO ] SAM3: 1 detection(s) for 'box'
21:31:27.677 [DEBUG]   det conf=0.96 sim=0.921 pos=0.42 prox=1.00 -> 0.870
21:31:27.679 [INFO ] SAM3: 'box' score=0.96 @ [563 209 775 619]  (top of 1)  sim=0.921
21:31:27.679 [INFO ] SAM3: mask obtained (score=0.963, area=84171 px)
21:31:27.705 [DEBUG] Grasp point: robust centroid (669, 414)
21:31:27.706 [INFO ] MaskTracker: anchor locked (IoU streak=198, last IoU=0.999)
21:31:27.717 [INFO ] frame=198 state=NEAR      c=(670,413) depth=477.2mm  robot xyz=(nan, nan, nan)mm  tilt=-
21:31:27.958 [INFO ] SAM3: 1 detection(s) for 'box'
21:31:27.960 [DEBUG]   det conf=0.96 sim=0.923 pos=0.42 prox=1.00 -> 0.871
21:31:27.962 [INFO ] SAM3: 'box' score=0.96 @ [563 209 775 619]  (top of 1)  sim=0.923
21:31:27.962 [INFO ] SAM3: mask obtained (score=0.959, area=84130 px)
21:31:27.988 [DEBUG] Grasp point: robust centroid (669, 414)
21:31:27.988 [INFO ] MaskTracker: anchor locked (IoU streak=199, last IoU=0.999)
21:31:27.999 [INFO ] frame=199 state=NEAR      c=(670,413) depth=477.2mm  robot xyz=(nan, nan, nan)mm  tilt=-
21:31:28.246 [INFO ] SAM3: 1 detection(s) for 'box'
21:31:28.249 [DEBUG]   det conf=0.96 sim=0.921 pos=0.42 prox=1.00 -> 0.870
21:31:28.251 [INFO ] SAM3: 'box' score=0.96 @ [563 209 775 619]  (top of 1)  sim=0.921
21:31:28.251 [INFO ] SAM3: mask obtained (score=0.961, area=84161 px)
21:31:28.277 [DEBUG] Grasp point: robust centroid (669, 414)
21:31:28.278 [INFO ] MaskTracker: anchor locked (IoU streak=200, last IoU=0.999)
21:31:28.288 [INFO ] frame=200 state=NEAR      c=(670,413) depth=477.2mm  robot xyz=(nan, nan, nan)mm  tilt=-
21:31:28.532 [INFO ] SAM3: 1 detection(s) for 'box'
21:31:28.535 [DEBUG]   det conf=0.96 sim=0.923 pos=0.42 prox=1.00 -> 0.871
21:31:28.537 [INFO ] SAM3: 'box' score=0.96 @ [563 209 775 619]  (top of 1)  sim=0.923
21:31:28.537 [INFO ] SAM3: mask obtained (score=0.963, area=84157 px)
21:31:28.564 [DEBUG] Grasp point: robust centroid (669, 414)
21:31:28.564 [INFO ] MaskTracker: anchor locked (IoU streak=201, last IoU=0.999)
21:31:28.575 [INFO ] frame=201 state=NEAR      c=(670,413) depth=477.2mm  robot xyz=(nan, nan, nan)mm  tilt=-
21:31:28.815 [INFO ] SAM3: 1 detection(s) for 'box'
21:31:28.817 [DEBUG]   det conf=0.96 sim=0.922 pos=0.42 prox=1.00 -> 0.870
21:31:28.819 [INFO ] SAM3: 'box' score=0.96 @ [563 209 775 619]  (top of 1)  sim=0.922
21:31:28.819 [INFO ] SAM3: mask obtained (score=0.963, area=84162 px)
21:31:28.844 [DEBUG] Grasp point: robust centroid (669, 414)
21:31:28.845 [INFO ] MaskTracker: anchor locked (IoU streak=202, last IoU=0.999)
21:31:28.856 [INFO ] frame=202 state=NEAR      c=(670,413) depth=477.2mm  robot xyz=(nan, nan, nan)mm  tilt=-
21:31:29.098 [INFO ] SAM3: 1 detection(s) for 'box'
21:31:29.100 [DEBUG]   det conf=0.96 sim=0.923 pos=0.42 prox=1.00 -> 0.871
21:31:29.102 [INFO ] SAM3: 'box' score=0.96 @ [563 209 775 619]  (top of 1)  sim=0.923
21:31:29.102 [INFO ] SAM3: mask obtained (score=0.963, area=84153 px)
21:31:29.128 [DEBUG] Grasp point: robust centroid (669, 414)
21:31:29.128 [INFO ] MaskTracker: anchor locked (IoU streak=203, last IoU=0.999)
21:31:29.139 [INFO ] frame=203 state=NEAR      c=(670,413) depth=477.1mm  robot xyz=(nan, nan, nan)mm  tilt=-
21:31:29.385 [INFO ] SAM3: 1 detection(s) for 'box'
21:31:29.387 [DEBUG]   det conf=0.96 sim=0.922 pos=0.42 prox=1.00 -> 0.870
21:31:29.389 [INFO ] SAM3: 'box' score=0.96 @ [563 209 775 619]  (top of 1)  sim=0.922
21:31:29.389 [INFO ] SAM3: mask obtained (score=0.961, area=84141 px)
21:31:29.416 [DEBUG] Grasp point: robust centroid (669, 414)
21:31:29.416 [INFO ] MaskTracker: anchor locked (IoU streak=204, last IoU=0.999)
21:31:29.428 [INFO ] frame=204 state=NEAR      c=(670,413) depth=477.1mm  robot xyz=(nan, nan, nan)mm  tilt=-
21:31:29.668 [INFO ] SAM3: 1 detection(s) for 'box'
21:31:29.670 [DEBUG]   det conf=0.96 sim=0.923 pos=0.42 prox=1.00 -> 0.871
21:31:29.672 [INFO ] SAM3: 'box' score=0.96 @ [563 209 775 619]  (top of 1)  sim=0.923
21:31:29.672 [INFO ] SAM3: mask obtained (score=0.964, area=84140 px)
21:31:29.699 [DEBUG] Grasp point: robust centroid (669, 414)
21:31:29.699 [INFO ] MaskTracker: anchor locked (IoU streak=205, last IoU=0.999)
21:31:29.710 [INFO ] frame=205 state=NEAR      c=(670,413) depth=477.1mm  robot xyz=(nan, nan, nan)mm  tilt=-
21:31:29.954 [INFO ] SAM3: 1 detection(s) for 'box'
21:31:29.956 [DEBUG]   det conf=0.96 sim=0.921 pos=0.42 prox=1.00 -> 0.870
21:31:29.958 [INFO ] SAM3: 'box' score=0.96 @ [563 209 775 619]  (top of 1)  sim=0.921
21:31:29.958 [INFO ] SAM3: mask obtained (score=0.964, area=84180 px)
21:31:29.985 [DEBUG] Grasp point: robust centroid (669, 414)
21:31:29.985 [INFO ] MaskTracker: anchor locked (IoU streak=206, last IoU=0.999)
21:31:29.996 [INFO ] frame=206 state=NEAR      c=(670,413) depth=477.2mm  robot xyz=(nan, nan, nan)mm  tilt=-
21:31:30.240 [INFO ] SAM3: 1 detection(s) for 'box'
21:31:30.242 [DEBUG]   det conf=0.96 sim=0.921 pos=0.42 prox=1.00 -> 0.870
21:31:30.244 [INFO ] SAM3: 'box' score=0.96 @ [563 209 775 619]  (top of 1)  sim=0.921
21:31:30.244 [INFO ] SAM3: mask obtained (score=0.961, area=84172 px)
21:31:30.271 [DEBUG] Grasp point: robust centroid (669, 414)
21:31:30.271 [INFO ] MaskTracker: anchor locked (IoU streak=207, last IoU=0.999)
21:31:30.282 [INFO ] frame=207 state=NEAR      c=(670,413) depth=477.2mm  robot xyz=(nan, nan, nan)mm  tilt=-
21:31:30.524 [INFO ] SAM3: 1 detection(s) for 'box'
21:31:30.526 [DEBUG]   det conf=0.96 sim=0.922 pos=0.42 prox=1.00 -> 0.870
21:31:30.528 [INFO ] SAM3: 'box' score=0.96 @ [563 209 775 619]  (top of 1)  sim=0.922
21:31:30.528 [INFO ] SAM3: mask obtained (score=0.960, area=84210 px)
21:31:30.554 [DEBUG] Grasp point: robust centroid (669, 414)
21:31:30.555 [INFO ] MaskTracker: anchor locked (IoU streak=208, last IoU=0.999)
21:31:30.566 [INFO ] frame=208 state=NEAR      c=(670,413) depth=477.3mm  robot xyz=(nan, nan, nan)mm  tilt=-
21:31:30.808 [INFO ] SAM3: 1 detection(s) for 'box'
21:31:30.810 [DEBUG]   det conf=0.96 sim=0.924 pos=0.42 prox=1.00 -> 0.872
21:31:30.812 [INFO ] SAM3: 'box' score=0.96 @ [563 209 775 619]  (top of 1)  sim=0.924
21:31:30.813 [INFO ] SAM3: mask obtained (score=0.964, area=84148 px)
21:31:30.839 [DEBUG] Grasp point: robust centroid (669, 414)
21:31:30.839 [INFO ] MaskTracker: anchor locked (IoU streak=209, last IoU=0.999)
21:31:30.850 [INFO ] frame=209 state=NEAR      c=(670,413) depth=477.3mm  robot xyz=(nan, nan, nan)mm  tilt=-
21:31:31.097 [INFO ] SAM3: 1 detection(s) for 'box'
21:31:31.099 [DEBUG]   det conf=0.96 sim=0.920 pos=0.42 prox=1.00 -> 0.869
21:31:31.101 [INFO ] SAM3: 'box' score=0.96 @ [563 209 775 619]  (top of 1)  sim=0.920
21:31:31.101 [INFO ] SAM3: mask obtained (score=0.959, area=84147 px)
21:31:31.127 [DEBUG] Grasp point: robust centroid (669, 414)
21:31:31.127 [INFO ] MaskTracker: anchor locked (IoU streak=210, last IoU=0.999)
21:31:31.192 [INFO ] frame=210 state=NEAR      c=(670,413) depth=477.2mm  robot xyz=(nan, nan, nan)mm  tilt=-
21:31:31.437 [INFO ] SAM3: 1 detection(s) for 'box'
21:31:31.439 [DEBUG]   det conf=0.96 sim=0.921 pos=0.42 prox=1.00 -> 0.870
21:31:31.440 [INFO ] SAM3: 'box' score=0.96 @ [563 209 775 619]  (top of 1)  sim=0.921
21:31:31.440 [INFO ] SAM3: mask obtained (score=0.961, area=84147 px)
21:31:31.467 [DEBUG] Grasp point: robust centroid (669, 414)
21:31:31.467 [INFO ] MaskTracker: anchor locked (IoU streak=211, last IoU=0.999)
21:31:31.478 [INFO ] frame=211 state=NEAR      c=(670,413) depth=477.4mm  robot xyz=(nan, nan, nan)mm  tilt=-
21:31:31.723 [INFO ] SAM3: 1 detection(s) for 'box'
21:31:31.726 [DEBUG]   det conf=0.97 sim=0.922 pos=0.42 prox=1.00 -> 0.871
21:31:31.727 [INFO ] SAM3: 'box' score=0.97 @ [563 209 775 619]  (top of 1)  sim=0.922
21:31:31.727 [INFO ] SAM3: mask obtained (score=0.966, area=84173 px)
21:31:31.754 [DEBUG] Grasp point: robust centroid (669, 414)
21:31:31.754 [INFO ] MaskTracker: anchor locked (IoU streak=212, last IoU=0.999)
21:31:31.765 [INFO ] frame=212 state=NEAR      c=(670,413) depth=477.4mm  robot xyz=(nan, nan, nan)mm  tilt=-
21:31:32.003 [INFO ] SAM3: 1 detection(s) for 'box'
21:31:32.005 [DEBUG]   det conf=0.96 sim=0.923 pos=0.42 prox=1.00 -> 0.871
21:31:32.008 [INFO ] SAM3: 'box' score=0.96 @ [563 209 775 619]  (top of 1)  sim=0.923
21:31:32.008 [INFO ] SAM3: mask obtained (score=0.960, area=84177 px)
21:31:32.035 [DEBUG] Grasp point: robust centroid (669, 414)
21:31:32.035 [INFO ] MaskTracker: anchor locked (IoU streak=213, last IoU=0.999)
21:31:32.046 [INFO ] frame=213 state=NEAR      c=(670,413) depth=477.3mm  robot xyz=(nan, nan, nan)mm  tilt=-
21:31:32.293 [INFO ] SAM3: 1 detection(s) for 'box'
21:31:32.295 [DEBUG]   det conf=0.96 sim=0.921 pos=0.42 prox=1.00 -> 0.870
21:31:32.297 [INFO ] SAM3: 'box' score=0.96 @ [563 209 775 619]  (top of 1)  sim=0.921
21:31:32.297 [INFO ] SAM3: mask obtained (score=0.963, area=84151 px)
21:31:32.323 [DEBUG] Grasp point: robust centroid (669, 414)
21:31:32.323 [INFO ] MaskTracker: anchor locked (IoU streak=214, last IoU=0.999)
21:31:32.334 [INFO ] frame=214 state=NEAR      c=(670,413) depth=477.2mm  robot xyz=(nan, nan, nan)mm  tilt=-
21:31:32.579 [INFO ] SAM3: 1 detection(s) for 'box'
21:31:32.581 [DEBUG]   det conf=0.96 sim=0.920 pos=0.42 prox=1.00 -> 0.869
21:31:32.583 [INFO ] SAM3: 'box' score=0.96 @ [563 209 775 619]  (top of 1)  sim=0.920
21:31:32.583 [INFO ] SAM3: mask obtained (score=0.958, area=84153 px)
21:31:32.608 [DEBUG] Grasp point: robust centroid (669, 414)
21:31:32.609 [INFO ] MaskTracker: anchor locked (IoU streak=215, last IoU=0.999)
21:31:32.619 [INFO ] frame=215 state=NEAR      c=(670,413) depth=477.3mm  robot xyz=(nan, nan, nan)mm  tilt=-
21:31:32.866 [INFO ] SAM3: 1 detection(s) for 'box'
21:31:32.868 [DEBUG]   det conf=0.96 sim=0.920 pos=0.42 prox=1.00 -> 0.870
21:31:32.870 [INFO ] SAM3: 'box' score=0.96 @ [563 209 775 619]  (top of 1)  sim=0.920
21:31:32.870 [INFO ] SAM3: mask obtained (score=0.963, area=84161 px)
21:31:32.897 [DEBUG] Grasp point: robust centroid (669, 414)
21:31:32.898 [INFO ] MaskTracker: anchor locked (IoU streak=216, last IoU=0.999)
21:31:32.909 [INFO ] frame=216 state=NEAR      c=(670,413) depth=477.3mm  robot xyz=(nan, nan, nan)mm  tilt=-
21:31:33.148 [INFO ] SAM3: 1 detection(s) for 'box'
21:31:33.151 [DEBUG]   det conf=0.96 sim=0.923 pos=0.42 prox=1.00 -> 0.871
21:31:33.152 [INFO ] SAM3: 'box' score=0.96 @ [563 209 775 619]  (top of 1)  sim=0.923
21:31:33.152 [INFO ] SAM3: mask obtained (score=0.961, area=84139 px)
21:31:33.179 [DEBUG] Grasp point: robust centroid (669, 414)
21:31:33.179 [INFO ] MaskTracker: anchor locked (IoU streak=217, last IoU=0.999)
21:31:33.190 [INFO ] frame=217 state=NEAR      c=(670,413) depth=477.3mm  robot xyz=(nan, nan, nan)mm  tilt=-
21:31:33.437 [INFO ] SAM3: 1 detection(s) for 'box'
21:31:33.439 [DEBUG]   det conf=0.96 sim=0.921 pos=0.42 prox=1.00 -> 0.870
21:31:33.441 [INFO ] SAM3: 'box' score=0.96 @ [563 209 775 619]  (top of 1)  sim=0.921
21:31:33.441 [INFO ] SAM3: mask obtained (score=0.961, area=84156 px)
21:31:33.469 [DEBUG] Grasp point: robust centroid (669, 414)
21:31:33.469 [INFO ] MaskTracker: anchor locked (IoU streak=218, last IoU=0.999)
21:31:33.481 [INFO ] frame=218 state=NEAR      c=(670,413) depth=477.2mm  robot xyz=(nan, nan, nan)mm  tilt=-
21:31:33.724 [INFO ] SAM3: 1 detection(s) for 'box'
21:31:33.726 [DEBUG]   det conf=0.96 sim=0.922 pos=0.42 prox=1.00 -> 0.870
21:31:33.728 [INFO ] SAM3: 'box' score=0.96 @ [563 209 775 619]  (top of 1)  sim=0.922
21:31:33.728 [INFO ] SAM3: mask obtained (score=0.962, area=84162 px)
21:31:33.755 [DEBUG] Grasp point: robust centroid (669, 414)
21:31:33.755 [INFO ] MaskTracker: anchor locked (IoU streak=219, last IoU=0.999)
21:31:33.766 [INFO ] frame=219 state=NEAR      c=(670,413) depth=477.1mm  robot xyz=(nan, nan, nan)mm  tilt=-
21:31:34.012 [INFO ] SAM3: 1 detection(s) for 'box'
21:31:34.014 [DEBUG]   det conf=0.96 sim=0.920 pos=0.42 prox=1.00 -> 0.869
21:31:34.016 [INFO ] SAM3: 'box' score=0.96 @ [563 209 775 619]  (top of 1)  sim=0.920
21:31:34.016 [INFO ] SAM3: mask obtained (score=0.961, area=84152 px)
21:31:34.042 [DEBUG] Grasp point: robust centroid (669, 414)
21:31:34.042 [INFO ] MaskTracker: anchor locked (IoU streak=220, last IoU=0.999)
21:31:34.053 [INFO ] frame=220 state=NEAR      c=(670,413) depth=477.2mm  robot xyz=(nan, nan, nan)mm  tilt=-
21:31:34.319 [INFO ] SAM3: 1 detection(s) for 'box'
21:31:34.322 [DEBUG]   det conf=0.96 sim=0.921 pos=0.42 prox=1.00 -> 0.870
21:31:34.324 [INFO ] SAM3: 'box' score=0.96 @ [563 209 775 619]  (top of 1)  sim=0.921
21:31:34.324 [INFO ] SAM3: mask obtained (score=0.963, area=84143 px)
21:31:34.352 [DEBUG] Grasp point: robust centroid (669, 414)
21:31:34.353 [INFO ] MaskTracker: anchor locked (IoU streak=221, last IoU=0.999)
21:31:34.365 [INFO ] frame=221 state=NEAR      c=(670,413) depth=477.2mm  robot xyz=(nan, nan, nan)mm  tilt=-
21:31:34.623 [INFO ] SAM3: 1 detection(s) for 'box'
21:31:34.626 [DEBUG]   det conf=0.96 sim=0.921 pos=0.42 prox=1.00 -> 0.870
21:31:34.628 [INFO ] SAM3: 'box' score=0.96 @ [563 209 775 619]  (top of 1)  sim=0.921
21:31:34.628 [INFO ] SAM3: mask obtained (score=0.957, area=84195 px)
21:31:34.657 [DEBUG] Grasp point: robust centroid (669, 414)
21:31:34.657 [INFO ] MaskTracker: anchor locked (IoU streak=222, last IoU=0.999)
21:31:34.667 [INFO ] frame=222 state=NEAR      c=(670,413) depth=477.2mm  robot xyz=(nan, nan, nan)mm  tilt=-
21:31:34.933 [INFO ] SAM3: 1 detection(s) for 'box'
21:31:34.935 [DEBUG]   det conf=0.96 sim=0.921 pos=0.42 prox=1.00 -> 0.870
21:31:34.937 [INFO ] SAM3: 'box' score=0.96 @ [563 209 775 619]  (top of 1)  sim=0.921
21:31:34.937 [INFO ] SAM3: mask obtained (score=0.961, area=84188 px)
21:31:34.965 [DEBUG] Grasp point: robust centroid (669, 414)
21:31:34.966 [INFO ] MaskTracker: anchor locked (IoU streak=223, last IoU=0.999)
21:31:34.977 [INFO ] frame=223 state=NEAR      c=(670,413) depth=477.3mm  robot xyz=(nan, nan, nan)mm  tilt=-
21:31:35.240 [INFO ] SAM3: 1 detection(s) for 'box'
21:31:35.242 [DEBUG]   det conf=0.96 sim=0.923 pos=0.42 prox=1.00 -> 0.871
21:31:35.244 [INFO ] SAM3: 'box' score=0.96 @ [563 209 775 619]  (top of 1)  sim=0.923
21:31:35.245 [INFO ] SAM3: mask obtained (score=0.960, area=84136 px)
21:31:35.273 [DEBUG] Grasp point: robust centroid (669, 414)
21:31:35.273 [INFO ] MaskTracker: anchor locked (IoU streak=224, last IoU=0.999)
21:31:35.284 [INFO ] frame=224 state=NEAR      c=(670,413) depth=477.2mm  robot xyz=(nan, nan, nan)mm  tilt=-
21:31:35.525 [INFO ] SAM3: 1 detection(s) for 'box'
21:31:35.527 [DEBUG]   det conf=0.96 sim=0.919 pos=0.42 prox=1.00 -> 0.869
21:31:35.529 [INFO ] SAM3: 'box' score=0.96 @ [563 209 775 619]  (top of 1)  sim=0.919
21:31:35.529 [INFO ] SAM3: mask obtained (score=0.964, area=84186 px)
21:31:35.556 [DEBUG] Grasp point: robust centroid (669, 414)
21:31:35.556 [INFO ] MaskTracker: anchor locked (IoU streak=225, last IoU=0.999)
21:31:35.567 [INFO ] frame=225 state=NEAR      c=(670,413) depth=477.2mm  robot xyz=(nan, nan, nan)mm  tilt=-
21:31:35.816 [INFO ] SAM3: 1 detection(s) for 'box'
21:31:35.818 [DEBUG]   det conf=0.96 sim=0.922 pos=0.42 prox=1.00 -> 0.870
21:31:35.819 [INFO ] SAM3: 'box' score=0.96 @ [563 209 775 619]  (top of 1)  sim=0.922
21:31:35.820 [INFO ] SAM3: mask obtained (score=0.963, area=84149 px)
21:31:35.846 [DEBUG] Grasp point: robust centroid (669, 414)
21:31:35.847 [INFO ] MaskTracker: anchor locked (IoU streak=226, last IoU=0.999)
21:31:35.858 [INFO ] frame=226 state=NEAR      c=(670,413) depth=477.2mm  robot xyz=(nan, nan, nan)mm  tilt=-
21:31:36.106 [INFO ] SAM3: 1 detection(s) for 'box'
21:31:36.108 [DEBUG]   det conf=0.96 sim=0.926 pos=0.42 prox=1.00 -> 0.872
21:31:36.110 [INFO ] SAM3: 'box' score=0.96 @ [563 209 776 619]  (top of 1)  sim=0.926
21:31:36.110 [INFO ] SAM3: mask obtained (score=0.962, area=84139 px)
21:31:36.136 [DEBUG] Grasp point: robust centroid (669, 414)
21:31:36.137 [INFO ] MaskTracker: anchor locked (IoU streak=227, last IoU=0.999)
21:31:36.146 [INFO ] frame=227 state=NEAR      c=(670,413) depth=477.3mm  robot xyz=(nan, nan, nan)mm  tilt=-
21:31:36.392 [INFO ] SAM3: 1 detection(s) for 'box'
21:31:36.395 [DEBUG]   det conf=0.96 sim=0.923 pos=0.42 prox=1.00 -> 0.871
21:31:36.396 [INFO ] SAM3: 'box' score=0.96 @ [563 209 775 619]  (top of 1)  sim=0.923
21:31:36.396 [INFO ] SAM3: mask obtained (score=0.963, area=84142 px)
21:31:36.422 [DEBUG] Grasp point: robust centroid (669, 414)
21:31:36.422 [INFO ] MaskTracker: anchor locked (IoU streak=228, last IoU=0.999)
21:31:36.433 [INFO ] frame=228 state=NEAR      c=(670,413) depth=477.2mm  robot xyz=(nan, nan, nan)mm  tilt=-
21:31:36.678 [INFO ] SAM3: 1 detection(s) for 'box'
21:31:36.680 [DEBUG]   det conf=0.96 sim=0.921 pos=0.42 prox=1.00 -> 0.870
21:31:36.681 [INFO ] SAM3: 'box' score=0.96 @ [563 209 775 619]  (top of 1)  sim=0.921
21:31:36.682 [INFO ] SAM3: mask obtained (score=0.962, area=84146 px)
21:31:36.707 [DEBUG] Grasp point: robust centroid (669, 414)
21:31:36.708 [INFO ] MaskTracker: anchor locked (IoU streak=229, last IoU=0.999)
21:31:36.721 [INFO ] frame=229 state=NEAR      c=(670,413) depth=477.2mm  robot xyz=(nan, nan, nan)mm  tilt=-
21:31:36.962 [INFO ] SAM3: 1 detection(s) for 'box'
21:31:36.965 [DEBUG]   det conf=0.96 sim=0.921 pos=0.42 prox=1.00 -> 0.870
21:31:36.966 [INFO ] SAM3: 'box' score=0.96 @ [563 209 775 619]  (top of 1)  sim=0.921
21:31:36.966 [INFO ] SAM3: mask obtained (score=0.963, area=84170 px)
21:31:36.992 [DEBUG] Grasp point: robust centroid (669, 414)
21:31:36.992 [INFO ] MaskTracker: anchor locked (IoU streak=230, last IoU=0.999)
21:31:37.004 [INFO ] frame=230 state=NEAR      c=(670,413) depth=477.1mm  robot xyz=(nan, nan, nan)mm  tilt=-
21:31:37.246 [INFO ] SAM3: 1 detection(s) for 'box'
21:31:37.249 [DEBUG]   det conf=0.96 sim=0.923 pos=0.42 prox=1.00 -> 0.871
21:31:37.251 [INFO ] SAM3: 'box' score=0.96 @ [563 209 775 619]  (top of 1)  sim=0.923
21:31:37.251 [INFO ] SAM3: mask obtained (score=0.963, area=84136 px)
21:31:37.277 [DEBUG] Grasp point: robust centroid (669, 414)
21:31:37.277 [INFO ] MaskTracker: anchor locked (IoU streak=231, last IoU=0.999)
21:31:37.288 [INFO ] frame=231 state=NEAR      c=(670,413) depth=477.3mm  robot xyz=(nan, nan, nan)mm  tilt=-
21:31:37.536 [INFO ] SAM3: 1 detection(s) for 'box'
21:31:37.538 [DEBUG]   det conf=0.96 sim=0.921 pos=0.42 prox=1.00 -> 0.870
21:31:37.540 [INFO ] SAM3: 'box' score=0.96 @ [563 209 775 619]  (top of 1)  sim=0.921
21:31:37.540 [INFO ] SAM3: mask obtained (score=0.962, area=84164 px)
21:31:37.566 [DEBUG] Grasp point: robust centroid (669, 414)
21:31:37.567 [INFO ] MaskTracker: anchor locked (IoU streak=232, last IoU=0.999)
21:31:37.578 [INFO ] frame=232 state=NEAR      c=(670,413) depth=477.2mm  robot xyz=(nan, nan, nan)mm  tilt=-
21:31:37.823 [INFO ] SAM3: 1 detection(s) for 'box'
21:31:37.825 [DEBUG]   det conf=0.96 sim=0.921 pos=0.42 prox=1.00 -> 0.870
21:31:37.827 [INFO ] SAM3: 'box' score=0.96 @ [563 209 775 619]  (top of 1)  sim=0.921
21:31:37.827 [INFO ] SAM3: mask obtained (score=0.961, area=84163 px)
21:31:37.854 [DEBUG] Grasp point: robust centroid (670, 414)
21:31:37.854 [INFO ] MaskTracker: anchor locked (IoU streak=233, last IoU=0.999)
21:31:37.864 [INFO ] frame=233 state=NEAR      c=(670,413) depth=477.2mm  robot xyz=(nan, nan, nan)mm  tilt=-
21:31:38.106 [INFO ] SAM3: 1 detection(s) for 'box'
21:31:38.109 [DEBUG]   det conf=0.96 sim=0.922 pos=0.42 prox=1.00 -> 0.871
21:31:38.111 [INFO ] SAM3: 'box' score=0.96 @ [563 209 775 619]  (top of 1)  sim=0.922
21:31:38.112 [INFO ] SAM3: mask obtained (score=0.963, area=84168 px)
21:31:38.140 [DEBUG] Grasp point: robust centroid (669, 414)
21:31:38.140 [INFO ] MaskTracker: anchor locked (IoU streak=234, last IoU=0.999)
21:31:38.151 [INFO ] frame=234 state=NEAR      c=(670,413) depth=477.2mm  robot xyz=(nan, nan, nan)mm  tilt=-
21:31:38.398 [INFO ] SAM3: 1 detection(s) for 'box'
21:31:38.400 [DEBUG]   det conf=0.96 sim=0.923 pos=0.42 prox=1.00 -> 0.871
21:31:38.402 [INFO ] SAM3: 'box' score=0.96 @ [563 209 775 619]  (top of 1)  sim=0.923
21:31:38.402 [INFO ] SAM3: mask obtained (score=0.959, area=84150 px)
21:31:38.428 [DEBUG] Grasp point: robust centroid (669, 414)
21:31:38.428 [INFO ] MaskTracker: anchor locked (IoU streak=235, last IoU=0.999)
21:31:38.438 [INFO ] frame=235 state=NEAR      c=(670,413) depth=477.2mm  robot xyz=(nan, nan, nan)mm  tilt=-
21:31:38.682 [INFO ] SAM3: 1 detection(s) for 'box'
21:31:38.684 [DEBUG]   det conf=0.96 sim=0.922 pos=0.42 prox=1.00 -> 0.871
21:31:38.686 [INFO ] SAM3: 'box' score=0.96 @ [563 209 775 619]  (top of 1)  sim=0.922
21:31:38.686 [INFO ] SAM3: mask obtained (score=0.965, area=84179 px)
21:31:38.712 [DEBUG] Grasp point: robust centroid (669, 414)
21:31:38.712 [INFO ] MaskTracker: anchor locked (IoU streak=236, last IoU=0.999)
21:31:38.723 [INFO ] frame=236 state=NEAR      c=(670,413) depth=477.2mm  robot xyz=(nan, nan, nan)mm  tilt=-
21:31:38.970 [INFO ] SAM3: 1 detection(s) for 'box'
21:31:38.972 [DEBUG]   det conf=0.96 sim=0.920 pos=0.42 prox=1.00 -> 0.869
21:31:38.974 [INFO ] SAM3: 'box' score=0.96 @ [563 209 775 619]  (top of 1)  sim=0.920
21:31:38.974 [INFO ] SAM3: mask obtained (score=0.958, area=84140 px)
21:31:39.003 [DEBUG] Grasp point: robust centroid (669, 414)
21:31:39.003 [INFO ] MaskTracker: anchor locked (IoU streak=237, last IoU=0.999)
21:31:39.015 [INFO ] frame=237 state=NEAR      c=(670,413) depth=477.2mm  robot xyz=(nan, nan, nan)mm  tilt=-
21:31:39.275 [INFO ] SAM3: 1 detection(s) for 'box'
21:31:39.278 [DEBUG]   det conf=0.96 sim=0.923 pos=0.42 prox=1.00 -> 0.871
21:31:39.280 [INFO ] SAM3: 'box' score=0.96 @ [563 209 775 619]  (top of 1)  sim=0.923
21:31:39.281 [INFO ] SAM3: mask obtained (score=0.960, area=84138 px)
21:31:39.308 [DEBUG] Grasp point: robust centroid (669, 414)
21:31:39.309 [INFO ] MaskTracker: anchor locked (IoU streak=238, last IoU=0.999)
21:31:39.320 [INFO ] frame=238 state=NEAR      c=(670,413) depth=477.2mm  robot xyz=(nan, nan, nan)mm  tilt=-
21:31:39.583 [INFO ] SAM3: 1 detection(s) for 'box'
21:31:39.586 [DEBUG]   det conf=0.96 sim=0.923 pos=0.42 prox=1.00 -> 0.871
21:31:39.587 [INFO ] SAM3: 'box' score=0.96 @ [563 209 775 619]  (top of 1)  sim=0.923
21:31:39.588 [INFO ] SAM3: mask obtained (score=0.965, area=84136 px)
21:31:39.615 [DEBUG] Grasp point: robust centroid (669, 414)
21:31:39.615 [INFO ] MaskTracker: anchor locked (IoU streak=239, last IoU=0.999)
21:31:39.626 [INFO ] frame=239 state=NEAR      c=(670,413) depth=477.1mm  robot xyz=(nan, nan, nan)mm  tilt=-
21:31:39.888 [INFO ] SAM3: 1 detection(s) for 'box'
21:31:39.891 [DEBUG]   det conf=0.96 sim=0.922 pos=0.42 prox=1.00 -> 0.870
21:31:39.892 [INFO ] SAM3: 'box' score=0.96 @ [563 209 775 619]  (top of 1)  sim=0.922
21:31:39.892 [INFO ] SAM3: mask obtained (score=0.964, area=84148 px)
21:31:39.919 [DEBUG] Grasp point: robust centroid (669, 414)
21:31:39.920 [INFO ] MaskTracker: anchor locked (IoU streak=240, last IoU=0.999)
21:31:39.985 [INFO ] frame=240 state=NEAR      c=(670,413) depth=477.2mm  robot xyz=(nan, nan, nan)mm  tilt=-
21:31:40.235 [INFO ] SAM3: 1 detection(s) for 'box'
21:31:40.238 [DEBUG]   det conf=0.96 sim=0.921 pos=0.42 prox=1.00 -> 0.870
21:31:40.239 [INFO ] SAM3: 'box' score=0.96 @ [563 209 775 619]  (top of 1)  sim=0.921
21:31:40.240 [INFO ] SAM3: mask obtained (score=0.963, area=84136 px)
21:31:40.268 [DEBUG] Grasp point: robust centroid (669, 414)
21:31:40.269 [INFO ] MaskTracker: anchor locked (IoU streak=241, last IoU=0.999)
21:31:40.281 [INFO ] frame=241 state=NEAR      c=(670,413) depth=477.1mm  robot xyz=(nan, nan, nan)mm  tilt=-
21:31:40.540 [INFO ] SAM3: 1 detection(s) for 'box'
21:31:40.542 [DEBUG]   det conf=0.96 sim=0.922 pos=0.42 prox=1.00 -> 0.870
21:31:40.544 [INFO ] SAM3: 'box' score=0.96 @ [563 209 775 619]  (top of 1)  sim=0.922
21:31:40.544 [INFO ] SAM3: mask obtained (score=0.959, area=84167 px)
21:31:40.570 [DEBUG] Grasp point: robust centroid (669, 414)
21:31:40.570 [INFO ] MaskTracker: anchor locked (IoU streak=242, last IoU=0.999)
21:31:40.582 [INFO ] frame=242 state=NEAR      c=(670,413) depth=477.2mm  robot xyz=(nan, nan, nan)mm  tilt=-
21:31:40.820 [INFO ] SAM3: 1 detection(s) for 'box'
21:31:40.822 [DEBUG]   det conf=0.96 sim=0.922 pos=0.42 prox=1.00 -> 0.870
21:31:40.824 [INFO ] SAM3: 'box' score=0.96 @ [563 209 775 619]  (top of 1)  sim=0.922
21:31:40.824 [INFO ] SAM3: mask obtained (score=0.961, area=84154 px)
21:31:40.852 [DEBUG] Grasp point: robust centroid (669, 414)
21:31:40.852 [INFO ] MaskTracker: anchor locked (IoU streak=243, last IoU=0.999)
21:31:40.863 [INFO ] frame=243 state=NEAR      c=(670,413) depth=477.2mm  robot xyz=(nan, nan, nan)mm  tilt=-
21:31:41.118 [INFO ] SAM3: 1 detection(s) for 'box'
21:31:41.120 [DEBUG]   det conf=0.96 sim=0.921 pos=0.42 prox=1.00 -> 0.869
21:31:41.121 [INFO ] SAM3: 'box' score=0.96 @ [563 209 775 619]  (top of 1)  sim=0.921
21:31:41.122 [INFO ] SAM3: mask obtained (score=0.960, area=84154 px)
21:31:41.148 [DEBUG] Grasp point: robust centroid (669, 414)
21:31:41.148 [INFO ] MaskTracker: anchor locked (IoU streak=244, last IoU=0.999)
21:31:41.159 [INFO ] frame=244 state=NEAR      c=(670,413) depth=477.3mm  robot xyz=(nan, nan, nan)mm  tilt=-
21:31:41.401 [INFO ] SAM3: 1 detection(s) for 'box'
21:31:41.403 [DEBUG]   det conf=0.96 sim=0.921 pos=0.42 prox=1.00 -> 0.870
21:31:41.404 [INFO ] SAM3: 'box' score=0.96 @ [563 209 775 619]  (top of 1)  sim=0.921
21:31:41.404 [INFO ] SAM3: mask obtained (score=0.964, area=84180 px)
21:31:41.431 [DEBUG] Grasp point: robust centroid (669, 414)
21:31:41.431 [INFO ] MaskTracker: anchor locked (IoU streak=245, last IoU=0.999)
21:31:41.441 [INFO ] frame=245 state=NEAR      c=(670,413) depth=477.2mm  robot xyz=(nan, nan, nan)mm  tilt=-
21:31:41.685 [INFO ] SAM3: 1 detection(s) for 'box'
21:31:41.687 [DEBUG]   det conf=0.96 sim=0.922 pos=0.42 prox=1.00 -> 0.871
21:31:41.688 [INFO ] SAM3: 'box' score=0.96 @ [563 209 775 619]  (top of 1)  sim=0.922
21:31:41.689 [INFO ] SAM3: mask obtained (score=0.964, area=84173 px)
21:31:41.715 [DEBUG] Grasp point: robust centroid (669, 414)
21:31:41.716 [INFO ] MaskTracker: anchor locked (IoU streak=246, last IoU=0.999)
21:31:41.726 [INFO ] frame=246 state=NEAR      c=(670,413) depth=477.2mm  robot xyz=(nan, nan, nan)mm  tilt=-
21:31:41.973 [INFO ] SAM3: 1 detection(s) for 'box'
21:31:41.975 [DEBUG]   det conf=0.96 sim=0.921 pos=0.42 prox=1.00 -> 0.870
21:31:41.977 [INFO ] SAM3: 'box' score=0.96 @ [563 209 775 619]  (top of 1)  sim=0.921
21:31:41.978 [INFO ] SAM3: mask obtained (score=0.964, area=84169 px)
21:31:42.004 [DEBUG] Grasp point: robust centroid (669, 414)
21:31:42.005 [INFO ] MaskTracker: anchor locked (IoU streak=247, last IoU=0.999)
21:31:42.015 [INFO ] frame=247 state=NEAR      c=(670,413) depth=477.3mm  robot xyz=(nan, nan, nan)mm  tilt=-
21:31:42.266 [INFO ] SAM3: 1 detection(s) for 'box'
21:31:42.269 [DEBUG]   det conf=0.96 sim=0.918 pos=0.42 prox=1.00 -> 0.868
21:31:42.271 [INFO ] SAM3: 'box' score=0.96 @ [563 209 775 619]  (top of 1)  sim=0.918
21:31:42.271 [INFO ] SAM3: mask obtained (score=0.959, area=84154 px)
21:31:42.298 [DEBUG] Grasp point: robust centroid (669, 414)
21:31:42.299 [INFO ] MaskTracker: anchor locked (IoU streak=248, last IoU=0.999)
21:31:42.309 [INFO ] frame=248 state=NEAR      c=(670,413) depth=477.3mm  robot xyz=(nan, nan, nan)mm  tilt=-
21:31:42.555 [INFO ] SAM3: 1 detection(s) for 'box'
21:31:42.558 [DEBUG]   det conf=0.96 sim=0.922 pos=0.42 prox=1.00 -> 0.870
21:31:42.560 [INFO ] SAM3: 'box' score=0.96 @ [563 209 775 619]  (top of 1)  sim=0.922
21:31:42.560 [INFO ] SAM3: mask obtained (score=0.960, area=84135 px)
21:31:42.588 [DEBUG] Grasp point: robust centroid (669, 414)
21:31:42.589 [INFO ] MaskTracker: anchor locked (IoU streak=249, last IoU=0.999)
21:31:42.600 [INFO ] frame=249 state=NEAR      c=(670,413) depth=477.2mm  robot xyz=(nan, nan, nan)mm  tilt=-
21:31:42.852 [INFO ] SAM3: 1 detection(s) for 'box'
21:31:42.855 [DEBUG]   det conf=0.97 sim=0.922 pos=0.42 prox=1.00 -> 0.871
21:31:42.856 [INFO ] SAM3: 'box' score=0.97 @ [563 209 775 619]  (top of 1)  sim=0.922
21:31:42.857 [INFO ] SAM3: mask obtained (score=0.966, area=84167 px)
21:31:42.884 [DEBUG] Grasp point: robust centroid (669, 414)
21:31:42.884 [INFO ] MaskTracker: anchor locked (IoU streak=250, last IoU=0.999)
21:31:42.895 [INFO ] frame=250 state=NEAR      c=(670,413) depth=477.2mm  robot xyz=(nan, nan, nan)mm  tilt=-
21:31:43.162 [INFO ] SAM3: 1 detection(s) for 'box'
21:31:43.164 [DEBUG]   det conf=0.96 sim=0.921 pos=0.42 prox=1.00 -> 0.870
21:31:43.166 [INFO ] SAM3: 'box' score=0.96 @ [563 209 775 619]  (top of 1)  sim=0.921
21:31:43.166 [INFO ] SAM3: mask obtained (score=0.964, area=84135 px)
21:31:43.193 [DEBUG] Grasp point: robust centroid (669, 414)
21:31:43.193 [INFO ] MaskTracker: anchor locked (IoU streak=251, last IoU=0.999)
21:31:43.204 [INFO ] frame=251 state=NEAR      c=(670,413) depth=477.2mm  robot xyz=(nan, nan, nan)mm  tilt=-
21:31:43.469 [INFO ] SAM3: 1 detection(s) for 'box'
21:31:43.471 [DEBUG]   det conf=0.96 sim=0.921 pos=0.42 prox=1.00 -> 0.870
21:31:43.473 [INFO ] SAM3: 'box' score=0.96 @ [563 209 775 619]  (top of 1)  sim=0.921
21:31:43.473 [INFO ] SAM3: mask obtained (score=0.964, area=84169 px)
21:31:43.501 [DEBUG] Grasp point: robust centroid (669, 414)
21:31:43.501 [INFO ] MaskTracker: anchor locked (IoU streak=252, last IoU=0.999)
21:31:43.513 [INFO ] frame=252 state=NEAR      c=(670,413) depth=477.3mm  robot xyz=(nan, nan, nan)mm  tilt=-
21:31:43.776 [INFO ] SAM3: 1 detection(s) for 'box'
21:31:43.779 [DEBUG]   det conf=0.97 sim=0.924 pos=0.42 prox=1.00 -> 0.872
21:31:43.781 [INFO ] SAM3: 'box' score=0.97 @ [563 209 775 619]  (top of 1)  sim=0.924
21:31:43.781 [INFO ] SAM3: mask obtained (score=0.967, area=84174 px)
21:31:43.809 [DEBUG] Grasp point: robust centroid (669, 414)
21:31:43.809 [INFO ] MaskTracker: anchor locked (IoU streak=253, last IoU=0.999)
21:31:43.821 [INFO ] frame=253 state=NEAR      c=(670,413) depth=477.2mm  robot xyz=(nan, nan, nan)mm  tilt=-
21:31:44.092 [INFO ] SAM3: 1 detection(s) for 'box'
21:31:44.094 [DEBUG]   det conf=0.96 sim=0.922 pos=0.42 prox=1.00 -> 0.870
21:31:44.096 [INFO ] SAM3: 'box' score=0.96 @ [563 209 775 619]  (top of 1)  sim=0.922
21:31:44.096 [INFO ] SAM3: mask obtained (score=0.959, area=84158 px)
21:31:44.124 [DEBUG] Grasp point: robust centroid (669, 414)
21:31:44.125 [INFO ] MaskTracker: anchor locked (IoU streak=254, last IoU=0.999)
21:31:44.136 [INFO ] frame=254 state=NEAR      c=(670,413) depth=477.3mm  robot xyz=(nan, nan, nan)mm  tilt=-
21:31:44.400 [INFO ] SAM3: 1 detection(s) for 'box'
21:31:44.403 [DEBUG]   det conf=0.96 sim=0.920 pos=0.42 prox=1.00 -> 0.870
21:31:44.405 [INFO ] SAM3: 'box' score=0.96 @ [563 209 775 619]  (top of 1)  sim=0.920
21:31:44.405 [INFO ] SAM3: mask obtained (score=0.963, area=84119 px)
21:31:44.433 [DEBUG] Grasp point: robust centroid (669, 414)
21:31:44.434 [INFO ] MaskTracker: anchor locked (IoU streak=255, last IoU=0.999)
21:31:44.445 [INFO ] frame=255 state=NEAR      c=(670,413) depth=477.3mm  robot xyz=(nan, nan, nan)mm  tilt=-
21:31:44.718 [INFO ] SAM3: 1 detection(s) for 'box'
21:31:44.720 [DEBUG]   det conf=0.96 sim=0.924 pos=0.42 prox=1.00 -> 0.871
21:31:44.722 [INFO ] SAM3: 'box' score=0.96 @ [563 209 775 619]  (top of 1)  sim=0.924
21:31:44.722 [INFO ] SAM3: mask obtained (score=0.960, area=84134 px)
21:31:44.752 [DEBUG] Grasp point: robust centroid (669, 414)
21:31:44.752 [INFO ] MaskTracker: anchor locked (IoU streak=256, last IoU=0.999)
21:31:44.763 [INFO ] frame=256 state=NEAR      c=(670,413) depth=477.3mm  robot xyz=(nan, nan, nan)mm  tilt=-
21:31:45.035 [INFO ] SAM3: 1 detection(s) for 'box'
21:31:45.037 [DEBUG]   det conf=0.96 sim=0.920 pos=0.42 prox=1.00 -> 0.869
21:31:45.038 [INFO ] SAM3: 'box' score=0.96 @ [563 209 775 619]  (top of 1)  sim=0.920
21:31:45.039 [INFO ] SAM3: mask obtained (score=0.961, area=84156 px)
21:31:45.068 [DEBUG] Grasp point: robust centroid (669, 414)
21:31:45.068 [INFO ] MaskTracker: anchor locked (IoU streak=257, last IoU=0.999)
21:31:45.079 [INFO ] frame=257 state=NEAR      c=(670,413) depth=477.3mm  robot xyz=(nan, nan, nan)mm  tilt=-
21:31:45.350 [INFO ] SAM3: 1 detection(s) for 'box'
21:31:45.353 [DEBUG]   det conf=0.96 sim=0.922 pos=0.42 prox=1.00 -> 0.870
21:31:45.357 [INFO ] SAM3: 'box' score=0.96 @ [563 209 775 619]  (top of 1)  sim=0.922
21:31:45.357 [INFO ] SAM3: mask obtained (score=0.959, area=84142 px)
21:31:45.386 [DEBUG] Grasp point: robust centroid (669, 414)
21:31:45.387 [INFO ] MaskTracker: anchor locked (IoU streak=258, last IoU=0.999)
21:31:45.398 [INFO ] frame=258 state=NEAR      c=(670,413) depth=477.2mm  robot xyz=(nan, nan, nan)mm  tilt=-
21:31:45.666 [INFO ] SAM3: 1 detection(s) for 'box'
21:31:45.668 [DEBUG]   det conf=0.96 sim=0.921 pos=0.42 prox=1.00 -> 0.870
21:31:45.670 [INFO ] SAM3: 'box' score=0.96 @ [563 209 775 619]  (top of 1)  sim=0.921
21:31:45.670 [INFO ] SAM3: mask obtained (score=0.962, area=84152 px)
21:31:45.698 [DEBUG] Grasp point: robust centroid (669, 414)
21:31:45.698 [INFO ] MaskTracker: anchor locked (IoU streak=259, last IoU=0.999)
21:31:45.711 [INFO ] frame=259 state=NEAR      c=(670,413) depth=477.1mm  robot xyz=(nan, nan, nan)mm  tilt=-
21:31:45.971 [INFO ] SAM3: 1 detection(s) for 'box'
21:31:45.974 [DEBUG]   det conf=0.96 sim=0.922 pos=0.42 prox=1.00 -> 0.870
21:31:45.975 [INFO ] SAM3: 'box' score=0.96 @ [563 209 775 619]  (top of 1)  sim=0.922
21:31:45.975 [INFO ] SAM3: mask obtained (score=0.962, area=84151 px)
21:31:46.003 [DEBUG] Grasp point: robust centroid (669, 414)
21:31:46.003 [INFO ] MaskTracker: anchor locked (IoU streak=260, last IoU=0.999)
21:31:46.016 [INFO ] frame=260 state=NEAR      c=(670,413) depth=477.3mm  robot xyz=(nan, nan, nan)mm  tilt=-
21:31:46.274 [INFO ] SAM3: 1 detection(s) for 'box'
21:31:46.277 [DEBUG]   det conf=0.96 sim=0.923 pos=0.42 prox=1.00 -> 0.871
21:31:46.279 [INFO ] SAM3: 'box' score=0.96 @ [563 209 775 619]  (top of 1)  sim=0.923
21:31:46.279 [INFO ] SAM3: mask obtained (score=0.960, area=84163 px)
21:31:46.306 [DEBUG] Grasp point: robust centroid (669, 414)
21:31:46.307 [INFO ] MaskTracker: anchor locked (IoU streak=261, last IoU=0.999)
21:31:46.317 [INFO ] frame=261 state=NEAR      c=(670,413) depth=477.2mm  robot xyz=(nan, nan, nan)mm  tilt=-
21:31:46.576 [INFO ] SAM3: 1 detection(s) for 'box'
21:31:46.579 [DEBUG]   det conf=0.96 sim=0.921 pos=0.42 prox=1.00 -> 0.870
21:31:46.581 [INFO ] SAM3: 'box' score=0.96 @ [563 209 775 619]  (top of 1)  sim=0.921
21:31:46.581 [INFO ] SAM3: mask obtained (score=0.965, area=84161 px)
21:31:46.609 [DEBUG] Grasp point: robust centroid (669, 414)
21:31:46.609 [INFO ] MaskTracker: anchor locked (IoU streak=262, last IoU=0.999)
21:31:46.622 [INFO ] frame=262 state=NEAR      c=(670,413) depth=477.3mm  robot xyz=(nan, nan, nan)mm  tilt=-
21:31:46.880 [INFO ] SAM3: 1 detection(s) for 'box'
21:31:46.882 [DEBUG]   det conf=0.96 sim=0.921 pos=0.42 prox=1.00 -> 0.870
21:31:46.884 [INFO ] SAM3: 'box' score=0.96 @ [563 209 775 619]  (top of 1)  sim=0.921
21:31:46.884 [INFO ] SAM3: mask obtained (score=0.964, area=84170 px)
21:31:46.912 [DEBUG] Grasp point: robust centroid (669, 414)
21:31:46.912 [INFO ] MaskTracker: anchor locked (IoU streak=263, last IoU=0.999)
21:31:46.923 [INFO ] frame=263 state=NEAR      c=(670,413) depth=477.2mm  robot xyz=(nan, nan, nan)mm  tilt=-
21:31:47.182 [INFO ] SAM3: 1 detection(s) for 'box'
21:31:47.184 [DEBUG]   det conf=0.96 sim=0.921 pos=0.42 prox=1.00 -> 0.870
21:31:47.186 [INFO ] SAM3: 'box' score=0.96 @ [563 209 775 619]  (top of 1)  sim=0.921
21:31:47.186 [INFO ] SAM3: mask obtained (score=0.964, area=84137 px)
21:31:47.213 [DEBUG] Grasp point: robust centroid (669, 414)
21:31:47.213 [INFO ] MaskTracker: anchor locked (IoU streak=264, last IoU=0.999)
21:31:47.226 [INFO ] frame=264 state=NEAR      c=(670,413) depth=477.3mm  robot xyz=(nan, nan, nan)mm  tilt=-
21:31:47.492 [INFO ] SAM3: 1 detection(s) for 'box'
21:31:47.495 [DEBUG]   det conf=0.96 sim=0.921 pos=0.42 prox=1.00 -> 0.870
21:31:47.497 [INFO ] SAM3: 'box' score=0.96 @ [563 209 775 619]  (top of 1)  sim=0.921
21:31:47.497 [INFO ] SAM3: mask obtained (score=0.960, area=84150 px)
21:31:47.525 [DEBUG] Grasp point: robust centroid (669, 414)
21:31:47.525 [INFO ] MaskTracker: anchor locked (IoU streak=265, last IoU=0.999)
21:31:47.539 [INFO ] frame=265 state=NEAR      c=(670,413) depth=477.3mm  robot xyz=(nan, nan, nan)mm  tilt=-
21:31:47.812 [INFO ] SAM3: 1 detection(s) for 'box'
21:31:47.815 [DEBUG]   det conf=0.96 sim=0.922 pos=0.42 prox=1.00 -> 0.870
21:31:47.817 [INFO ] SAM3: 'box' score=0.96 @ [563 209 775 619]  (top of 1)  sim=0.922
21:31:47.817 [INFO ] SAM3: mask obtained (score=0.962, area=84144 px)
21:31:47.845 [DEBUG] Grasp point: robust centroid (669, 414)
21:31:47.846 [INFO ] MaskTracker: anchor locked (IoU streak=266, last IoU=0.999)
21:31:47.857 [INFO ] frame=266 state=NEAR      c=(670,413) depth=477.3mm  robot xyz=(nan, nan, nan)mm  tilt=-
21:31:48.121 [INFO ] SAM3: 1 detection(s) for 'box'
21:31:48.124 [DEBUG]   det conf=0.96 sim=0.923 pos=0.42 prox=1.00 -> 0.871
21:31:48.126 [INFO ] SAM3: 'box' score=0.96 @ [563 209 775 619]  (top of 1)  sim=0.923
21:31:48.126 [INFO ] SAM3: mask obtained (score=0.962, area=84138 px)
21:31:48.154 [DEBUG] Grasp point: robust centroid (669, 414)
21:31:48.155 [INFO ] MaskTracker: anchor locked (IoU streak=267, last IoU=0.999)
21:31:48.166 [INFO ] frame=267 state=NEAR      c=(670,413) depth=477.4mm  robot xyz=(nan, nan, nan)mm  tilt=-
21:31:48.430 [INFO ] SAM3: 1 detection(s) for 'box'
21:31:48.432 [DEBUG]   det conf=0.96 sim=0.920 pos=0.42 prox=1.00 -> 0.870
21:31:48.433 [INFO ] SAM3: 'box' score=0.96 @ [563 209 775 619]  (top of 1)  sim=0.920
21:31:48.434 [INFO ] SAM3: mask obtained (score=0.963, area=84151 px)
21:31:48.461 [DEBUG] Grasp point: robust centroid (669, 414)
21:31:48.462 [INFO ] MaskTracker: anchor locked (IoU streak=268, last IoU=0.999)
21:31:48.472 [INFO ] frame=268 state=NEAR      c=(670,413) depth=477.3mm  robot xyz=(nan, nan, nan)mm  tilt=-
21:31:48.735 [INFO ] SAM3: 1 detection(s) for 'box'
21:31:48.738 [DEBUG]   det conf=0.96 sim=0.922 pos=0.42 prox=1.00 -> 0.870
21:31:48.740 [INFO ] SAM3: 'box' score=0.96 @ [563 209 775 619]  (top of 1)  sim=0.922
21:31:48.740 [INFO ] SAM3: mask obtained (score=0.962, area=84145 px)
21:31:48.768 [DEBUG] Grasp point: robust centroid (669, 414)
21:31:48.769 [INFO ] MaskTracker: anchor locked (IoU streak=269, last IoU=0.999)
21:31:48.782 [INFO ] frame=269 state=NEAR      c=(670,413) depth=477.3mm  robot xyz=(nan, nan, nan)mm  tilt=-
21:31:49.046 [INFO ] SAM3: 1 detection(s) for 'box'
21:31:49.048 [DEBUG]   det conf=0.96 sim=0.921 pos=0.42 prox=1.00 -> 0.869
21:31:49.050 [INFO ] SAM3: 'box' score=0.96 @ [563 209 775 619]  (top of 1)  sim=0.921
21:31:49.050 [INFO ] SAM3: mask obtained (score=0.960, area=84154 px)
21:31:49.076 [DEBUG] Grasp point: robust centroid (670, 414)
21:31:49.076 [INFO ] MaskTracker: anchor locked (IoU streak=270, last IoU=0.999)
21:31:49.140 [INFO ] frame=270 state=NEAR      c=(670,413) depth=477.2mm  robot xyz=(nan, nan, nan)mm  tilt=-
21:31:49.402 [INFO ] SAM3: 1 detection(s) for 'box'
21:31:49.404 [DEBUG]   det conf=0.96 sim=0.921 pos=0.42 prox=1.00 -> 0.870
21:31:49.406 [INFO ] SAM3: 'box' score=0.96 @ [563 209 775 619]  (top of 1)  sim=0.921
21:31:49.406 [INFO ] SAM3: mask obtained (score=0.962, area=84140 px)
21:31:49.434 [DEBUG] Grasp point: robust centroid (669, 414)
21:31:49.435 [INFO ] MaskTracker: anchor locked (IoU streak=271, last IoU=0.999)
21:31:49.448 [INFO ] frame=271 state=NEAR      c=(670,413) depth=477.3mm  robot xyz=(nan, nan, nan)mm  tilt=-
21:31:49.714 [INFO ] SAM3: 1 detection(s) for 'box'
21:31:49.716 [DEBUG]   det conf=0.96 sim=0.922 pos=0.42 prox=1.00 -> 0.870
21:31:49.718 [INFO ] SAM3: 'box' score=0.96 @ [563 209 775 619]  (top of 1)  sim=0.922
21:31:49.718 [INFO ] SAM3: mask obtained (score=0.961, area=84139 px)
21:31:49.746 [DEBUG] Grasp point: robust centroid (669, 414)
21:31:49.746 [INFO ] MaskTracker: anchor locked (IoU streak=272, last IoU=0.999)
21:31:49.758 [INFO ] frame=272 state=NEAR      c=(670,413) depth=477.3mm  robot xyz=(nan, nan, nan)mm  tilt=-
21:31:50.017 [INFO ] SAM3: 1 detection(s) for 'box'
21:31:50.020 [DEBUG]   det conf=0.96 sim=0.922 pos=0.42 prox=1.00 -> 0.871
21:31:50.021 [INFO ] SAM3: 'box' score=0.96 @ [563 209 775 619]  (top of 1)  sim=0.922
21:31:50.021 [INFO ] SAM3: mask obtained (score=0.964, area=84171 px)
21:31:50.048 [DEBUG] Grasp point: robust centroid (669, 414)
21:31:50.049 [INFO ] MaskTracker: anchor locked (IoU streak=273, last IoU=0.999)
21:31:50.061 [INFO ] frame=273 state=NEAR      c=(670,413) depth=477.2mm  robot xyz=(nan, nan, nan)mm  tilt=-
21:31:50.313 [INFO ] SAM3: 1 detection(s) for 'box'
21:31:50.315 [DEBUG]   det conf=0.96 sim=0.921 pos=0.42 prox=1.00 -> 0.870
21:31:50.317 [INFO ] SAM3: 'box' score=0.96 @ [563 209 775 619]  (top of 1)  sim=0.921
21:31:50.317 [INFO ] SAM3: mask obtained (score=0.964, area=84107 px)
21:31:50.343 [DEBUG] Grasp point: robust centroid (669, 414)
21:31:50.343 [INFO ] MaskTracker: anchor locked (IoU streak=274, last IoU=0.999)
21:31:50.354 [INFO ] frame=274 state=NEAR      c=(670,413) depth=477.2mm  robot xyz=(nan, nan, nan)mm  tilt=-
21:31:50.601 [INFO ] SAM3: 1 detection(s) for 'box'
21:31:50.603 [DEBUG]   det conf=0.96 sim=0.922 pos=0.42 prox=1.00 -> 0.870
21:31:50.605 [INFO ] SAM3: 'box' score=0.96 @ [563 209 775 619]  (top of 1)  sim=0.922
21:31:50.605 [INFO ] SAM3: mask obtained (score=0.959, area=84139 px)
21:31:50.632 [DEBUG] Grasp point: robust centroid (669, 414)
21:31:50.632 [INFO ] MaskTracker: anchor locked (IoU streak=275, last IoU=0.999)
21:31:50.643 [INFO ] frame=275 state=NEAR      c=(670,413) depth=477.2mm  robot xyz=(nan, nan, nan)mm  tilt=-
21:31:50.889 [INFO ] SAM3: 1 detection(s) for 'box'
21:31:50.891 [DEBUG]   det conf=0.96 sim=0.921 pos=0.42 prox=1.00 -> 0.870
21:31:50.893 [INFO ] SAM3: 'box' score=0.96 @ [563 209 775 619]  (top of 1)  sim=0.921
21:31:50.893 [INFO ] SAM3: mask obtained (score=0.958, area=84163 px)
21:31:50.920 [DEBUG] Grasp point: robust centroid (669, 414)
21:31:50.920 [INFO ] MaskTracker: anchor locked (IoU streak=276, last IoU=0.999)
21:31:50.932 [INFO ] frame=276 state=NEAR      c=(670,413) depth=477.4mm  robot xyz=(nan, nan, nan)mm  tilt=-
21:31:51.176 [INFO ] SAM3: 1 detection(s) for 'box'
21:31:51.179 [DEBUG]   det conf=0.96 sim=0.920 pos=0.42 prox=1.00 -> 0.869
21:31:51.181 [INFO ] SAM3: 'box' score=0.96 @ [563 209 775 619]  (top of 1)  sim=0.920
21:31:51.181 [INFO ] SAM3: mask obtained (score=0.962, area=84173 px)
21:31:51.206 [DEBUG] Grasp point: robust centroid (669, 414)
21:31:51.207 [INFO ] MaskTracker: anchor locked (IoU streak=277, last IoU=0.999)
21:31:51.218 [INFO ] frame=277 state=NEAR      c=(670,413) depth=477.2mm  robot xyz=(nan, nan, nan)mm  tilt=-
21:31:51.480 [INFO ] SAM3: 1 detection(s) for 'box'
21:31:51.483 [DEBUG]   det conf=0.96 sim=0.922 pos=0.42 prox=1.00 -> 0.870
21:31:51.484 [INFO ] SAM3: 'box' score=0.96 @ [563 209 775 619]  (top of 1)  sim=0.922
21:31:51.485 [INFO ] SAM3: mask obtained (score=0.959, area=84163 px)
21:31:51.512 [DEBUG] Grasp point: robust centroid (669, 414)
21:31:51.512 [INFO ] MaskTracker: anchor locked (IoU streak=278, last IoU=0.999)
21:31:51.524 [INFO ] frame=278 state=NEAR      c=(670,413) depth=477.3mm  robot xyz=(nan, nan, nan)mm  tilt=-
21:31:51.773 [INFO ] SAM3: 1 detection(s) for 'box'
21:31:51.776 [DEBUG]   det conf=0.96 sim=0.922 pos=0.42 prox=1.00 -> 0.871
21:31:51.778 [INFO ] SAM3: 'box' score=0.96 @ [563 209 775 619]  (top of 1)  sim=0.922
21:31:51.778 [INFO ] SAM3: mask obtained (score=0.964, area=84216 px)
21:31:51.804 [DEBUG] Grasp point: robust centroid (669, 414)
21:31:51.805 [INFO ] MaskTracker: anchor locked (IoU streak=279, last IoU=0.999)
21:31:51.815 [INFO ] frame=279 state=NEAR      c=(670,413) depth=477.3mm  robot xyz=(nan, nan, nan)mm  tilt=-
21:31:52.062 [INFO ] SAM3: 1 detection(s) for 'box'
21:31:52.064 [DEBUG]   det conf=0.96 sim=0.921 pos=0.42 prox=1.00 -> 0.870
21:31:52.066 [INFO ] SAM3: 'box' score=0.96 @ [563 209 775 619]  (top of 1)  sim=0.921
21:31:52.066 [INFO ] SAM3: mask obtained (score=0.962, area=84174 px)
21:31:52.092 [DEBUG] Grasp point: robust centroid (669, 414)
21:31:52.092 [INFO ] MaskTracker: anchor locked (IoU streak=280, last IoU=0.999)
21:31:52.105 [INFO ] frame=280 state=NEAR      c=(670,413) depth=477.3mm  robot xyz=(nan, nan, nan)mm  tilt=-
21:31:52.350 [INFO ] SAM3: 1 detection(s) for 'box'
21:31:52.353 [DEBUG]   det conf=0.96 sim=0.923 pos=0.42 prox=1.00 -> 0.871
21:31:52.354 [INFO ] SAM3: 'box' score=0.96 @ [563 209 775 619]  (top of 1)  sim=0.923
21:31:52.355 [INFO ] SAM3: mask obtained (score=0.961, area=84177 px)
21:31:52.381 [DEBUG] Grasp point: robust centroid (669, 414)
21:31:52.381 [INFO ] MaskTracker: anchor locked (IoU streak=281, last IoU=0.999)
21:31:52.393 [INFO ] frame=281 state=NEAR      c=(670,413) depth=477.3mm  robot xyz=(nan, nan, nan)mm  tilt=-
21:31:52.640 [INFO ] SAM3: 1 detection(s) for 'box'
21:31:52.642 [DEBUG]   det conf=0.96 sim=0.922 pos=0.42 prox=1.00 -> 0.870
21:31:52.643 [INFO ] SAM3: 'box' score=0.96 @ [563 209 775 619]  (top of 1)  sim=0.922
21:31:52.643 [INFO ] SAM3: mask obtained (score=0.960, area=84151 px)
21:31:52.670 [DEBUG] Grasp point: robust centroid (669, 414)
21:31:52.670 [INFO ] MaskTracker: anchor locked (IoU streak=282, last IoU=0.999)
21:31:52.681 [INFO ] frame=282 state=NEAR      c=(670,413) depth=477.2mm  robot xyz=(nan, nan, nan)mm  tilt=-
21:31:52.916 [INFO ] SAM3: 1 detection(s) for 'box'
21:31:52.919 [DEBUG]   det conf=0.96 sim=0.922 pos=0.42 prox=1.00 -> 0.870
21:31:52.920 [INFO ] SAM3: 'box' score=0.96 @ [563 209 775 619]  (top of 1)  sim=0.922
21:31:52.920 [INFO ] SAM3: mask obtained (score=0.964, area=84178 px)
21:31:52.946 [DEBUG] Grasp point: robust centroid (669, 414)
21:31:52.946 [INFO ] MaskTracker: anchor locked (IoU streak=283, last IoU=0.999)
21:31:52.957 [INFO ] frame=283 state=NEAR      c=(670,413) depth=477.2mm  robot xyz=(nan, nan, nan)mm  tilt=-
21:31:53.199 [INFO ] SAM3: 1 detection(s) for 'box'
21:31:53.202 [DEBUG]   det conf=0.96 sim=0.923 pos=0.42 prox=1.00 -> 0.871
21:31:53.203 [INFO ] SAM3: 'box' score=0.96 @ [563 209 775 619]  (top of 1)  sim=0.923
21:31:53.204 [INFO ] SAM3: mask obtained (score=0.962, area=84149 px)
21:31:53.230 [DEBUG] Grasp point: robust centroid (669, 414)
21:31:53.230 [INFO ] MaskTracker: anchor locked (IoU streak=284, last IoU=0.999)
21:31:53.240 [INFO ] frame=284 state=NEAR      c=(670,413) depth=477.1mm  robot xyz=(nan, nan, nan)mm  tilt=-
21:31:53.482 [INFO ] SAM3: 1 detection(s) for 'box'
21:31:53.484 [DEBUG]   det conf=0.96 sim=0.920 pos=0.42 prox=1.00 -> 0.869
21:31:53.486 [INFO ] SAM3: 'box' score=0.96 @ [563 209 775 619]  (top of 1)  sim=0.920
21:31:53.486 [INFO ] SAM3: mask obtained (score=0.958, area=84157 px)
21:31:53.512 [DEBUG] Grasp point: robust centroid (669, 414)
21:31:53.512 [INFO ] MaskTracker: anchor locked (IoU streak=285, last IoU=0.999)
21:31:53.523 [INFO ] frame=285 state=NEAR      c=(670,413) depth=477.2mm  robot xyz=(nan, nan, nan)mm  tilt=-
21:31:53.767 [INFO ] SAM3: 1 detection(s) for 'box'
21:31:53.769 [DEBUG]   det conf=0.96 sim=0.921 pos=0.42 prox=1.00 -> 0.869
21:31:53.771 [INFO ] SAM3: 'box' score=0.96 @ [563 209 775 619]  (top of 1)  sim=0.921
21:31:53.771 [INFO ] SAM3: mask obtained (score=0.957, area=84179 px)
21:31:53.797 [DEBUG] Grasp point: robust centroid (669, 414)
21:31:53.798 [INFO ] MaskTracker: anchor locked (IoU streak=286, last IoU=0.999)
21:31:53.808 [INFO ] frame=286 state=NEAR      c=(670,413) depth=477.3mm  robot xyz=(nan, nan, nan)mm  tilt=-
21:31:54.052 [INFO ] SAM3: 1 detection(s) for 'box'
21:31:54.055 [DEBUG]   det conf=0.96 sim=0.921 pos=0.42 prox=1.00 -> 0.870
21:31:54.056 [INFO ] SAM3: 'box' score=0.96 @ [563 209 775 619]  (top of 1)  sim=0.921
21:31:54.056 [INFO ] SAM3: mask obtained (score=0.962, area=84117 px)
21:31:54.083 [DEBUG] Grasp point: robust centroid (669, 414)
21:31:54.084 [INFO ] MaskTracker: anchor locked (IoU streak=287, last IoU=0.999)
21:31:54.094 [INFO ] frame=287 state=NEAR      c=(670,413) depth=477.3mm  robot xyz=(nan, nan, nan)mm  tilt=-
21:31:54.339 [INFO ] SAM3: 1 detection(s) for 'box'
21:31:54.341 [DEBUG]   det conf=0.96 sim=0.923 pos=0.42 prox=1.00 -> 0.871
21:31:54.343 [INFO ] SAM3: 'box' score=0.96 @ [563 209 775 619]  (top of 1)  sim=0.923
21:31:54.343 [INFO ] SAM3: mask obtained (score=0.961, area=84156 px)
21:31:54.369 [DEBUG] Grasp point: robust centroid (669, 414)
21:31:54.370 [INFO ] MaskTracker: anchor locked (IoU streak=288, last IoU=0.999)
21:31:54.381 [INFO ] frame=288 state=NEAR      c=(670,413) depth=477.2mm  robot xyz=(nan, nan, nan)mm  tilt=-
21:31:54.626 [INFO ] SAM3: 1 detection(s) for 'box'
21:31:54.628 [DEBUG]   det conf=0.96 sim=0.920 pos=0.42 prox=1.00 -> 0.869
21:31:54.630 [INFO ] SAM3: 'box' score=0.96 @ [563 209 775 619]  (top of 1)  sim=0.920
21:31:54.631 [INFO ] SAM3: mask obtained (score=0.961, area=84101 px)
21:31:54.656 [DEBUG] Grasp point: robust centroid (669, 414)
21:31:54.656 [INFO ] MaskTracker: anchor locked (IoU streak=289, last IoU=0.999)
21:31:54.668 [INFO ] frame=289 state=NEAR      c=(670,413) depth=477.2mm  robot xyz=(nan, nan, nan)mm  tilt=-
21:31:54.912 [INFO ] SAM3: 1 detection(s) for 'box'
21:31:54.914 [DEBUG]   det conf=0.96 sim=0.925 pos=0.42 prox=1.00 -> 0.872
21:31:54.916 [INFO ] SAM3: 'box' score=0.96 @ [563 209 775 619]  (top of 1)  sim=0.925
21:31:54.916 [INFO ] SAM3: mask obtained (score=0.963, area=84178 px)
21:31:54.941 [DEBUG] Grasp point: robust centroid (669, 414)
21:31:54.942 [INFO ] MaskTracker: anchor locked (IoU streak=290, last IoU=0.999)
21:31:54.953 [INFO ] frame=290 state=NEAR      c=(670,413) depth=477.2mm  robot xyz=(nan, nan, nan)mm  tilt=-
21:31:55.196 [INFO ] SAM3: 1 detection(s) for 'box'
21:31:55.199 [DEBUG]   det conf=0.97 sim=0.922 pos=0.42 prox=1.00 -> 0.871
21:31:55.201 [INFO ] SAM3: 'box' score=0.97 @ [563 209 775 619]  (top of 1)  sim=0.922
21:31:55.201 [INFO ] SAM3: mask obtained (score=0.965, area=84155 px)
21:31:55.227 [DEBUG] Grasp point: robust centroid (669, 414)
21:31:55.227 [INFO ] MaskTracker: anchor locked (IoU streak=291, last IoU=0.999)
21:31:55.238 [INFO ] frame=291 state=NEAR      c=(670,413) depth=477.2mm  robot xyz=(nan, nan, nan)mm  tilt=-
21:31:55.479 [INFO ] SAM3: 1 detection(s) for 'box'
21:31:55.482 [DEBUG]   det conf=0.96 sim=0.920 pos=0.42 prox=1.00 -> 0.870
21:31:55.484 [INFO ] SAM3: 'box' score=0.96 @ [563 209 775 619]  (top of 1)  sim=0.920
21:31:55.484 [INFO ] SAM3: mask obtained (score=0.964, area=84159 px)
21:31:55.509 [DEBUG] Grasp point: robust centroid (669, 414)
21:31:55.510 [INFO ] MaskTracker: anchor locked (IoU streak=292, last IoU=0.999)
21:31:55.520 [INFO ] frame=292 state=NEAR      c=(670,413) depth=477.2mm  robot xyz=(nan, nan, nan)mm  tilt=-
21:31:55.763 [INFO ] SAM3: 1 detection(s) for 'box'
21:31:55.765 [DEBUG]   det conf=0.96 sim=0.921 pos=0.42 prox=1.00 -> 0.870
21:31:55.767 [INFO ] SAM3: 'box' score=0.96 @ [563 209 775 619]  (top of 1)  sim=0.921
21:31:55.767 [INFO ] SAM3: mask obtained (score=0.962, area=84132 px)
21:31:55.792 [DEBUG] Grasp point: robust centroid (669, 414)
21:31:55.793 [INFO ] MaskTracker: anchor locked (IoU streak=293, last IoU=0.999)
21:31:55.803 [INFO ] frame=293 state=NEAR      c=(670,413) depth=477.1mm  robot xyz=(nan, nan, nan)mm  tilt=-
21:31:56.049 [INFO ] SAM3: 1 detection(s) for 'box'
21:31:56.051 [DEBUG]   det conf=0.96 sim=0.921 pos=0.42 prox=1.00 -> 0.870
21:31:56.053 [INFO ] SAM3: 'box' score=0.96 @ [563 209 775 619]  (top of 1)  sim=0.921
21:31:56.053 [INFO ] SAM3: mask obtained (score=0.964, area=84147 px)
21:31:56.079 [DEBUG] Grasp point: robust centroid (669, 414)
21:31:56.079 [INFO ] MaskTracker: anchor locked (IoU streak=294, last IoU=0.999)
21:31:56.090 [INFO ] frame=294 state=NEAR      c=(670,413) depth=477.3mm  robot xyz=(nan, nan, nan)mm  tilt=-
21:31:56.334 [INFO ] SAM3: 1 detection(s) for 'box'
21:31:56.336 [DEBUG]   det conf=0.97 sim=0.921 pos=0.42 prox=1.00 -> 0.870
21:31:56.337 [INFO ] SAM3: 'box' score=0.97 @ [563 209 775 619]  (top of 1)  sim=0.921
21:31:56.338 [INFO ] SAM3: mask obtained (score=0.966, area=84178 px)
21:31:56.364 [DEBUG] Grasp point: robust centroid (669, 414)
21:31:56.364 [INFO ] MaskTracker: anchor locked (IoU streak=295, last IoU=0.999)
21:31:56.373 [INFO ] frame=295 state=NEAR      c=(670,413) depth=477.3mm  robot xyz=(nan, nan, nan)mm  tilt=-
21:31:56.617 [INFO ] SAM3: 1 detection(s) for 'box'
21:31:56.619 [DEBUG]   det conf=0.96 sim=0.921 pos=0.42 prox=1.00 -> 0.869
21:31:56.621 [INFO ] SAM3: 'box' score=0.96 @ [563 209 775 619]  (top of 1)  sim=0.921
21:31:56.621 [INFO ] SAM3: mask obtained (score=0.961, area=84134 px)
21:31:56.647 [DEBUG] Grasp point: robust centroid (669, 414)
21:31:56.648 [INFO ] MaskTracker: anchor locked (IoU streak=296, last IoU=0.999)
21:31:56.660 [INFO ] frame=296 state=NEAR      c=(670,413) depth=477.3mm  robot xyz=(nan, nan, nan)mm  tilt=-
21:31:56.901 [INFO ] SAM3: 1 detection(s) for 'box'
21:31:56.903 [DEBUG]   det conf=0.96 sim=0.921 pos=0.42 prox=1.00 -> 0.870
21:31:56.905 [INFO ] SAM3: 'box' score=0.96 @ [563 209 775 619]  (top of 1)  sim=0.921
21:31:56.905 [INFO ] SAM3: mask obtained (score=0.961, area=84164 px)
21:31:56.932 [DEBUG] Grasp point: robust centroid (669, 414)
21:31:56.932 [INFO ] MaskTracker: anchor locked (IoU streak=297, last IoU=0.999)
21:31:56.943 [INFO ] frame=297 state=NEAR      c=(670,413) depth=477.2mm  robot xyz=(nan, nan, nan)mm  tilt=-
21:31:57.187 [INFO ] SAM3: 1 detection(s) for 'box'
21:31:57.189 [DEBUG]   det conf=0.96 sim=0.924 pos=0.42 prox=1.00 -> 0.871
21:31:57.191 [INFO ] SAM3: 'box' score=0.96 @ [563 209 775 619]  (top of 1)  sim=0.924
21:31:57.191 [INFO ] SAM3: mask obtained (score=0.962, area=84144 px)
21:31:57.217 [DEBUG] Grasp point: robust centroid (669, 414)
21:31:57.218 [INFO ] MaskTracker: anchor locked (IoU streak=298, last IoU=0.999)
21:31:57.228 [INFO ] frame=298 state=NEAR      c=(670,413) depth=477.1mm  robot xyz=(nan, nan, nan)mm  tilt=-
21:31:57.473 [INFO ] SAM3: 1 detection(s) for 'box'
21:31:57.475 [DEBUG]   det conf=0.96 sim=0.923 pos=0.42 prox=1.00 -> 0.871
21:31:57.477 [INFO ] SAM3: 'box' score=0.96 @ [563 209 775 619]  (top of 1)  sim=0.923
21:31:57.478 [INFO ] SAM3: mask obtained (score=0.961, area=84168 px)
21:31:57.504 [DEBUG] Grasp point: robust centroid (669, 414)
21:31:57.504 [INFO ] MaskTracker: anchor locked (IoU streak=299, last IoU=0.999)
21:31:57.515 [INFO ] frame=299 state=NEAR      c=(670,413) depth=477.1mm  robot xyz=(nan, nan, nan)mm  tilt=-
21:31:57.755 [INFO ] SAM3: 1 detection(s) for 'box'
21:31:57.757 [DEBUG]   det conf=0.96 sim=0.921 pos=0.42 prox=1.00 -> 0.870
21:31:57.759 [INFO ] SAM3: 'box' score=0.96 @ [563 209 775 619]  (top of 1)  sim=0.921
21:31:57.759 [INFO ] SAM3: mask obtained (score=0.960, area=84175 px)
21:31:57.785 [DEBUG] Grasp point: robust centroid (669, 414)
21:31:57.786 [INFO ] MaskTracker: anchor locked (IoU streak=300, last IoU=0.999)
21:31:57.851 [INFO ] frame=300 state=NEAR      c=(670,413) depth=477.1mm  robot xyz=(nan, nan, nan)mm  tilt=-
21:31:58.097 [INFO ] SAM3: 1 detection(s) for 'box'
21:31:58.099 [DEBUG]   det conf=0.96 sim=0.923 pos=0.42 prox=1.00 -> 0.871
21:31:58.100 [INFO ] SAM3: 'box' score=0.96 @ [563 209 775 619]  (top of 1)  sim=0.923
21:31:58.101 [INFO ] SAM3: mask obtained (score=0.960, area=84172 px)
21:31:58.126 [DEBUG] Grasp point: robust centroid (669, 414)
21:31:58.127 [INFO ] MaskTracker: anchor locked (IoU streak=301, last IoU=0.999)
21:31:58.138 [INFO ] frame=301 state=NEAR      c=(670,413) depth=477.0mm  robot xyz=(nan, nan, nan)mm  tilt=-
21:31:58.381 [INFO ] SAM3: 1 detection(s) for 'box'
21:31:58.384 [DEBUG]   det conf=0.96 sim=0.922 pos=0.42 prox=1.00 -> 0.870
21:31:58.387 [INFO ] SAM3: 'box' score=0.96 @ [563 209 775 619]  (top of 1)  sim=0.922
21:31:58.388 [INFO ] SAM3: mask obtained (score=0.962, area=84141 px)
21:31:58.414 [DEBUG] Grasp point: robust centroid (669, 414)
21:31:58.414 [INFO ] MaskTracker: anchor locked (IoU streak=302, last IoU=0.999)
21:31:58.425 [INFO ] frame=302 state=NEAR      c=(670,413) depth=477.1mm  robot xyz=(nan, nan, nan)mm  tilt=-
21:31:58.674 [INFO ] SAM3: 1 detection(s) for 'box'
21:31:58.677 [DEBUG]   det conf=0.96 sim=0.921 pos=0.42 prox=1.00 -> 0.870
21:31:58.679 [INFO ] SAM3: 'box' score=0.96 @ [563 209 775 619]  (top of 1)  sim=0.921
21:31:58.679 [INFO ] SAM3: mask obtained (score=0.961, area=84142 px)
21:31:58.705 [DEBUG] Grasp point: robust centroid (669, 414)
21:31:58.705 [INFO ] MaskTracker: anchor locked (IoU streak=303, last IoU=0.999)
21:31:58.717 [INFO ] frame=303 state=NEAR      c=(670,413) depth=476.9mm  robot xyz=(nan, nan, nan)mm  tilt=-
21:31:58.964 [INFO ] SAM3: 1 detection(s) for 'box'
21:31:58.967 [DEBUG]   det conf=0.96 sim=0.922 pos=0.42 prox=1.00 -> 0.870
21:31:58.969 [INFO ] SAM3: 'box' score=0.96 @ [563 209 775 619]  (top of 1)  sim=0.922
21:31:58.969 [INFO ] SAM3: mask obtained (score=0.962, area=84164 px)
21:31:58.995 [DEBUG] Grasp point: robust centroid (669, 414)
21:31:58.995 [INFO ] MaskTracker: anchor locked (IoU streak=304, last IoU=0.999)
21:31:59.006 [INFO ] frame=304 state=NEAR      c=(670,413) depth=477.1mm  robot xyz=(nan, nan, nan)mm  tilt=-
21:31:59.254 [INFO ] SAM3: 1 detection(s) for 'box'
21:31:59.256 [DEBUG]   det conf=0.96 sim=0.923 pos=0.42 prox=1.00 -> 0.870
21:31:59.258 [INFO ] SAM3: 'box' score=0.96 @ [563 209 775 619]  (top of 1)  sim=0.923
21:31:59.258 [INFO ] SAM3: mask obtained (score=0.959, area=84165 px)
21:31:59.284 [DEBUG] Grasp point: robust centroid (669, 414)
21:31:59.285 [INFO ] MaskTracker: anchor locked (IoU streak=305, last IoU=0.999)
21:31:59.295 [INFO ] frame=305 state=NEAR      c=(670,413) depth=477.1mm  robot xyz=(nan, nan, nan)mm  tilt=-
21:31:59.553 [INFO ] SAM3: 1 detection(s) for 'box'
21:31:59.555 [DEBUG]   det conf=0.96 sim=0.921 pos=0.42 prox=1.00 -> 0.870
21:31:59.557 [INFO ] SAM3: 'box' score=0.96 @ [563 209 775 619]  (top of 1)  sim=0.921
21:31:59.557 [INFO ] SAM3: mask obtained (score=0.964, area=84147 px)
21:31:59.583 [DEBUG] Grasp point: robust centroid (669, 414)
21:31:59.584 [INFO ] MaskTracker: anchor locked (IoU streak=306, last IoU=0.999)
21:31:59.594 [INFO ] frame=306 state=NEAR      c=(670,413) depth=477.1mm  robot xyz=(nan, nan, nan)mm  tilt=-
21:31:59.856 [INFO ] SAM3: 1 detection(s) for 'box'
21:31:59.858 [DEBUG]   det conf=0.96 sim=0.922 pos=0.42 prox=1.00 -> 0.870
21:31:59.859 [INFO ] SAM3: 'box' score=0.96 @ [563 209 775 619]  (top of 1)  sim=0.922
21:31:59.860 [INFO ] SAM3: mask obtained (score=0.962, area=84186 px)
21:31:59.887 [DEBUG] Grasp point: robust centroid (669, 414)
21:31:59.887 [INFO ] MaskTracker: anchor locked (IoU streak=307, last IoU=0.999)
21:31:59.897 [INFO ] frame=307 state=NEAR      c=(670,413) depth=477.1mm  robot xyz=(nan, nan, nan)mm  tilt=-
21:32:00.159 [INFO ] SAM3: 1 detection(s) for 'box'
21:32:00.161 [DEBUG]   det conf=0.96 sim=0.921 pos=0.42 prox=1.00 -> 0.870
21:32:00.163 [INFO ] SAM3: 'box' score=0.96 @ [563 209 775 619]  (top of 1)  sim=0.921
21:32:00.163 [INFO ] SAM3: mask obtained (score=0.963, area=84181 px)
21:32:00.190 [DEBUG] Grasp point: robust centroid (669, 414)
21:32:00.190 [INFO ] MaskTracker: anchor locked (IoU streak=308, last IoU=0.999)
21:32:00.201 [INFO ] frame=308 state=NEAR      c=(670,413) depth=477.2mm  robot xyz=(nan, nan, nan)mm  tilt=-
21:32:00.468 [INFO ] SAM3: 1 detection(s) for 'box'
21:32:00.471 [DEBUG]   det conf=0.97 sim=0.921 pos=0.42 prox=1.00 -> 0.870
21:32:00.472 [INFO ] SAM3: 'box' score=0.97 @ [563 209 775 619]  (top of 1)  sim=0.921
21:32:00.472 [INFO ] SAM3: mask obtained (score=0.965, area=84189 px)
21:32:00.501 [DEBUG] Grasp point: robust centroid (669, 414)
21:32:00.501 [INFO ] MaskTracker: anchor locked (IoU streak=309, last IoU=0.999)
21:32:00.511 [INFO ] frame=309 state=NEAR      c=(670,413) depth=477.2mm  robot xyz=(nan, nan, nan)mm  tilt=-
21:32:00.777 [INFO ] SAM3: 1 detection(s) for 'box'
21:32:00.780 [DEBUG]   det conf=0.96 sim=0.921 pos=0.42 prox=1.00 -> 0.870
21:32:00.782 [INFO ] SAM3: 'box' score=0.96 @ [563 209 775 619]  (top of 1)  sim=0.921
21:32:00.782 [INFO ] SAM3: mask obtained (score=0.964, area=84172 px)
21:32:00.809 [DEBUG] Grasp point: robust centroid (669, 414)
21:32:00.810 [INFO ] MaskTracker: anchor locked (IoU streak=310, last IoU=0.999)
21:32:00.822 [INFO ] frame=310 state=NEAR      c=(670,413) depth=477.2mm  robot xyz=(nan, nan, nan)mm  tilt=-
21:32:01.085 [INFO ] SAM3: 1 detection(s) for 'box'
21:32:01.087 [DEBUG]   det conf=0.96 sim=0.919 pos=0.42 prox=1.00 -> 0.869
21:32:01.089 [INFO ] SAM3: 'box' score=0.96 @ [563 209 775 619]  (top of 1)  sim=0.919
21:32:01.089 [INFO ] SAM3: mask obtained (score=0.961, area=84153 px)
21:32:01.116 [DEBUG] Grasp point: robust centroid (669, 414)
21:32:01.116 [INFO ] MaskTracker: anchor locked (IoU streak=311, last IoU=0.999)
21:32:01.126 [INFO ] frame=311 state=NEAR      c=(670,413) depth=477.1mm  robot xyz=(nan, nan, nan)mm  tilt=-
21:32:01.380 [INFO ] SAM3: 1 detection(s) for 'box'
21:32:01.382 [DEBUG]   det conf=0.96 sim=0.923 pos=0.42 prox=1.00 -> 0.871
21:32:01.383 [INFO ] SAM3: 'box' score=0.96 @ [563 209 775 619]  (top of 1)  sim=0.923
21:32:01.384 [INFO ] SAM3: mask obtained (score=0.963, area=84152 px)
21:32:01.409 [DEBUG] Grasp point: robust centroid (669, 414)
21:32:01.409 [INFO ] MaskTracker: anchor locked (IoU streak=312, last IoU=0.999)
21:32:01.421 [INFO ] frame=312 state=NEAR      c=(670,413) depth=477.2mm  robot xyz=(nan, nan, nan)mm  tilt=-
21:32:01.668 [INFO ] SAM3: 1 detection(s) for 'box'
21:32:01.670 [DEBUG]   det conf=0.97 sim=0.922 pos=0.42 prox=1.00 -> 0.871
21:32:01.671 [INFO ] SAM3: 'box' score=0.97 @ [563 209 775 619]  (top of 1)  sim=0.922
21:32:01.672 [INFO ] SAM3: mask obtained (score=0.966, area=84170 px)
21:32:01.698 [DEBUG] Grasp point: robust centroid (669, 414)
21:32:01.698 [INFO ] MaskTracker: anchor locked (IoU streak=313, last IoU=0.999)
21:32:01.710 [INFO ] frame=313 state=NEAR      c=(670,413) depth=477.3mm  robot xyz=(nan, nan, nan)mm  tilt=-
21:32:01.951 [INFO ] SAM3: 1 detection(s) for 'box'
21:32:01.954 [DEBUG]   det conf=0.96 sim=0.923 pos=0.42 prox=1.00 -> 0.871
21:32:01.955 [INFO ] SAM3: 'box' score=0.96 @ [563 209 775 619]  (top of 1)  sim=0.923
21:32:01.955 [INFO ] SAM3: mask obtained (score=0.963, area=84132 px)
21:32:01.982 [DEBUG] Grasp point: robust centroid (669, 414)
21:32:01.982 [INFO ] MaskTracker: anchor locked (IoU streak=314, last IoU=0.999)
21:32:01.993 [INFO ] frame=314 state=NEAR      c=(670,413) depth=477.2mm  robot xyz=(nan, nan, nan)mm  tilt=-
21:32:02.230 [INFO ] SAM3: 1 detection(s) for 'box'
21:32:02.233 [DEBUG]   det conf=0.96 sim=0.919 pos=0.42 prox=1.00 -> 0.869
21:32:02.234 [INFO ] SAM3: 'box' score=0.96 @ [563 209 775 619]  (top of 1)  sim=0.919
21:32:02.234 [INFO ] SAM3: mask obtained (score=0.963, area=84132 px)
21:32:02.259 [DEBUG] Grasp point: robust centroid (669, 414)
21:32:02.260 [INFO ] MaskTracker: anchor locked (IoU streak=315, last IoU=0.999)
21:32:02.271 [INFO ] frame=315 state=NEAR      c=(670,413) depth=477.2mm  robot xyz=(nan, nan, nan)mm  tilt=-
21:32:02.511 [INFO ] SAM3: 1 detection(s) for 'box'
21:32:02.514 [DEBUG]   det conf=0.96 sim=0.921 pos=0.42 prox=1.00 -> 0.870
21:32:02.515 [INFO ] SAM3: 'box' score=0.96 @ [563 209 775 619]  (top of 1)  sim=0.921
21:32:02.516 [INFO ] SAM3: mask obtained (score=0.962, area=84169 px)
21:32:02.541 [DEBUG] Grasp point: robust centroid (669, 414)
21:32:02.541 [INFO ] MaskTracker: anchor locked (IoU streak=316, last IoU=0.999)
21:32:02.552 [INFO ] frame=316 state=NEAR      c=(670,413) depth=477.2mm  robot xyz=(nan, nan, nan)mm  tilt=-
21:32:02.795 [INFO ] SAM3: 1 detection(s) for 'box'
21:32:02.798 [DEBUG]   det conf=0.96 sim=0.921 pos=0.42 prox=1.00 -> 0.869
21:32:02.799 [INFO ] SAM3: 'box' score=0.96 @ [563 209 775 619]  (top of 1)  sim=0.921
21:32:02.800 [INFO ] SAM3: mask obtained (score=0.959, area=84145 px)
21:32:02.825 [DEBUG] Grasp point: robust centroid (669, 414)
21:32:02.825 [INFO ] MaskTracker: anchor locked (IoU streak=317, last IoU=0.999)
21:32:02.836 [INFO ] frame=317 state=NEAR      c=(670,413) depth=477.4mm  robot xyz=(nan, nan, nan)mm  tilt=-
21:32:03.084 [INFO ] SAM3: 1 detection(s) for 'box'
21:32:03.086 [DEBUG]   det conf=0.96 sim=0.921 pos=0.42 prox=1.00 -> 0.870
21:32:03.087 [INFO ] SAM3: 'box' score=0.96 @ [563 209 775 619]  (top of 1)  sim=0.921
21:32:03.088 [INFO ] SAM3: mask obtained (score=0.964, area=84175 px)
21:32:03.114 [DEBUG] Grasp point: robust centroid (670, 414)
21:32:03.114 [INFO ] MaskTracker: anchor locked (IoU streak=318, last IoU=0.999)
21:32:03.125 [INFO ] frame=318 state=NEAR      c=(670,413) depth=477.3mm  robot xyz=(nan, nan, nan)mm  tilt=-
21:32:03.369 [INFO ] SAM3: 1 detection(s) for 'box'
21:32:03.371 [DEBUG]   det conf=0.97 sim=0.922 pos=0.42 prox=1.00 -> 0.871
21:32:03.373 [INFO ] SAM3: 'box' score=0.97 @ [563 209 775 619]  (top of 1)  sim=0.922
21:32:03.373 [INFO ] SAM3: mask obtained (score=0.966, area=84177 px)
21:32:03.400 [DEBUG] Grasp point: robust centroid (669, 414)
21:32:03.400 [INFO ] MaskTracker: anchor locked (IoU streak=319, last IoU=0.999)
21:32:03.411 [INFO ] frame=319 state=NEAR      c=(670,413) depth=477.3mm  robot xyz=(nan, nan, nan)mm  tilt=-
21:32:03.657 [INFO ] SAM3: 1 detection(s) for 'box'
21:32:03.660 [DEBUG]   det conf=0.96 sim=0.923 pos=0.42 prox=1.00 -> 0.871
21:32:03.661 [INFO ] SAM3: 'box' score=0.96 @ [563 209 775 619]  (top of 1)  sim=0.923
21:32:03.662 [INFO ] SAM3: mask obtained (score=0.964, area=84166 px)
21:32:03.688 [DEBUG] Grasp point: robust centroid (669, 414)
21:32:03.689 [INFO ] MaskTracker: anchor locked (IoU streak=320, last IoU=0.999)
21:32:03.699 [INFO ] frame=320 state=NEAR      c=(670,413) depth=477.3mm  robot xyz=(nan, nan, nan)mm  tilt=-
21:32:03.939 [INFO ] SAM3: 1 detection(s) for 'box'
21:32:03.941 [DEBUG]   det conf=0.96 sim=0.921 pos=0.42 prox=1.00 -> 0.869
21:32:03.943 [INFO ] SAM3: 'box' score=0.96 @ [563 209 775 619]  (top of 1)  sim=0.921
21:32:03.944 [INFO ] SAM3: mask obtained (score=0.960, area=84183 px)
21:32:03.971 [DEBUG] Grasp point: robust centroid (669, 414)
21:32:03.971 [INFO ] MaskTracker: anchor locked (IoU streak=321, last IoU=0.999)
21:32:03.981 [INFO ] frame=321 state=NEAR      c=(670,413) depth=477.3mm  robot xyz=(nan, nan, nan)mm  tilt=-
21:32:04.228 [INFO ] SAM3: 1 detection(s) for 'box'
21:32:04.230 [DEBUG]   det conf=0.97 sim=0.923 pos=0.42 prox=1.00 -> 0.871
21:32:04.232 [INFO ] SAM3: 'box' score=0.97 @ [563 209 775 619]  (top of 1)  sim=0.923
21:32:04.232 [INFO ] SAM3: mask obtained (score=0.966, area=84161 px)
21:32:04.257 [DEBUG] Grasp point: robust centroid (669, 414)
21:32:04.258 [INFO ] MaskTracker: anchor locked (IoU streak=322, last IoU=0.999)
21:32:04.268 [INFO ] frame=322 state=NEAR      c=(670,413) depth=477.2mm  robot xyz=(nan, nan, nan)mm  tilt=-
21:32:04.511 [INFO ] SAM3: 1 detection(s) for 'box'
21:32:04.513 [DEBUG]   det conf=0.96 sim=0.922 pos=0.42 prox=1.00 -> 0.870
21:32:04.515 [INFO ] SAM3: 'box' score=0.96 @ [563 209 775 619]  (top of 1)  sim=0.922
21:32:04.515 [INFO ] SAM3: mask obtained (score=0.960, area=84135 px)
21:32:04.541 [DEBUG] Grasp point: robust centroid (669, 414)
21:32:04.541 [INFO ] MaskTracker: anchor locked (IoU streak=323, last IoU=0.999)
21:32:04.552 [INFO ] frame=323 state=NEAR      c=(670,413) depth=477.4mm  robot xyz=(nan, nan, nan)mm  tilt=-
21:32:04.797 [INFO ] SAM3: 1 detection(s) for 'box'
21:32:04.799 [DEBUG]   det conf=0.96 sim=0.919 pos=0.42 prox=1.00 -> 0.868
21:32:04.801 [INFO ] SAM3: 'box' score=0.96 @ [563 209 775 619]  (top of 1)  sim=0.919
21:32:04.801 [INFO ] SAM3: mask obtained (score=0.959, area=84148 px)
21:32:04.826 [DEBUG] Grasp point: robust centroid (669, 414)
21:32:04.827 [INFO ] MaskTracker: anchor locked (IoU streak=324, last IoU=0.999)
21:32:04.838 [INFO ] frame=324 state=NEAR      c=(670,413) depth=477.3mm  robot xyz=(nan, nan, nan)mm  tilt=-
21:32:05.088 [INFO ] SAM3: 1 detection(s) for 'box'
21:32:05.091 [DEBUG]   det conf=0.96 sim=0.922 pos=0.42 prox=1.00 -> 0.870
21:32:05.092 [INFO ] SAM3: 'box' score=0.96 @ [563 209 775 619]  (top of 1)  sim=0.922
21:32:05.093 [INFO ] SAM3: mask obtained (score=0.961, area=84154 px)
21:32:05.119 [DEBUG] Grasp point: robust centroid (669, 414)
21:32:05.119 [INFO ] MaskTracker: anchor locked (IoU streak=325, last IoU=0.999)
21:32:05.131 [INFO ] frame=325 state=NEAR      c=(670,413) depth=477.3mm  robot xyz=(nan, nan, nan)mm  tilt=-
21:32:05.373 [INFO ] SAM3: 1 detection(s) for 'box'
21:32:05.375 [DEBUG]   det conf=0.96 sim=0.924 pos=0.42 prox=1.00 -> 0.871
21:32:05.377 [INFO ] SAM3: 'box' score=0.96 @ [563 209 775 619]  (top of 1)  sim=0.924
21:32:05.377 [INFO ] SAM3: mask obtained (score=0.964, area=84134 px)
21:32:05.403 [DEBUG] Grasp point: robust centroid (669, 414)
21:32:05.404 [INFO ] MaskTracker: anchor locked (IoU streak=326, last IoU=0.999)
21:32:05.415 [INFO ] frame=326 state=NEAR      c=(670,413) depth=477.3mm  robot xyz=(nan, nan, nan)mm  tilt=-
21:32:05.658 [INFO ] SAM3: 1 detection(s) for 'box'
21:32:05.660 [DEBUG]   det conf=0.96 sim=0.918 pos=0.42 prox=1.00 -> 0.868
21:32:05.662 [INFO ] SAM3: 'box' score=0.96 @ [563 209 775 619]  (top of 1)  sim=0.918
21:32:05.662 [INFO ] SAM3: mask obtained (score=0.958, area=84174 px)
21:32:05.688 [DEBUG] Grasp point: robust centroid (669, 414)
21:32:05.688 [INFO ] MaskTracker: anchor locked (IoU streak=327, last IoU=0.999)
21:32:05.699 [INFO ] frame=327 state=NEAR      c=(670,413) depth=477.4mm  robot xyz=(nan, nan, nan)mm  tilt=-
21:32:05.941 [INFO ] SAM3: 1 detection(s) for 'box'
21:32:05.944 [DEBUG]   det conf=0.96 sim=0.921 pos=0.42 prox=1.00 -> 0.870
21:32:05.945 [INFO ] SAM3: 'box' score=0.96 @ [563 209 775 619]  (top of 1)  sim=0.921
21:32:05.946 [INFO ] SAM3: mask obtained (score=0.961, area=84162 px)
21:32:05.971 [DEBUG] Grasp point: robust centroid (669, 414)
21:32:05.971 [INFO ] MaskTracker: anchor locked (IoU streak=328, last IoU=0.999)
21:32:05.983 [INFO ] frame=328 state=NEAR      c=(670,413) depth=477.3mm  robot xyz=(nan, nan, nan)mm  tilt=-
21:32:06.232 [INFO ] SAM3: 1 detection(s) for 'box'
21:32:06.234 [DEBUG]   det conf=0.97 sim=0.920 pos=0.42 prox=1.00 -> 0.870
21:32:06.236 [INFO ] SAM3: 'box' score=0.97 @ [563 209 775 619]  (top of 1)  sim=0.920
21:32:06.236 [INFO ] SAM3: mask obtained (score=0.966, area=84132 px)
21:32:06.262 [DEBUG] Grasp point: robust centroid (669, 414)
21:32:06.263 [INFO ] MaskTracker: anchor locked (IoU streak=329, last IoU=0.999)
21:32:06.273 [INFO ] frame=329 state=NEAR      c=(670,413) depth=477.3mm  robot xyz=(nan, nan, nan)mm  tilt=-
21:32:06.527 [INFO ] SAM3: 1 detection(s) for 'box'
21:32:06.530 [DEBUG]   det conf=0.96 sim=0.921 pos=0.42 prox=1.00 -> 0.870
21:32:06.532 [INFO ] SAM3: 'box' score=0.96 @ [563 209 775 619]  (top of 1)  sim=0.921
21:32:06.532 [INFO ] SAM3: mask obtained (score=0.963, area=84152 px)
21:32:06.558 [DEBUG] Grasp point: robust centroid (669, 414)
21:32:06.559 [INFO ] MaskTracker: anchor locked (IoU streak=330, last IoU=0.999)
21:32:06.625 [INFO ] frame=330 state=NEAR      c=(670,413) depth=477.3mm  robot xyz=(nan, nan, nan)mm  tilt=-
21:32:06.871 [INFO ] SAM3: 1 detection(s) for 'box'
21:32:06.874 [DEBUG]   det conf=0.96 sim=0.920 pos=0.42 prox=1.00 -> 0.869
21:32:06.875 [INFO ] SAM3: 'box' score=0.96 @ [563 209 775 619]  (top of 1)  sim=0.920
21:32:06.875 [INFO ] SAM3: mask obtained (score=0.956, area=84172 px)
21:32:06.901 [DEBUG] Grasp point: robust centroid (669, 414)
21:32:06.901 [INFO ] MaskTracker: anchor locked (IoU streak=331, last IoU=0.999)
21:32:06.912 [INFO ] frame=331 state=NEAR      c=(670,413) depth=477.3mm  robot xyz=(nan, nan, nan)mm  tilt=-
21:32:07.157 [INFO ] SAM3: 1 detection(s) for 'box'
21:32:07.159 [DEBUG]   det conf=0.96 sim=0.920 pos=0.42 prox=1.00 -> 0.869
21:32:07.161 [INFO ] SAM3: 'box' score=0.96 @ [563 209 775 619]  (top of 1)  sim=0.920
21:32:07.161 [INFO ] SAM3: mask obtained (score=0.962, area=84175 px)
21:32:07.188 [DEBUG] Grasp point: robust centroid (669, 414)
21:32:07.188 [INFO ] MaskTracker: anchor locked (IoU streak=332, last IoU=0.999)
21:32:07.199 [INFO ] frame=332 state=NEAR      c=(670,413) depth=477.4mm  robot xyz=(nan, nan, nan)mm  tilt=-
21:32:07.444 [INFO ] SAM3: 1 detection(s) for 'box'
21:32:07.448 [DEBUG]   det conf=0.96 sim=0.921 pos=0.42 prox=1.00 -> 0.869
21:32:07.450 [INFO ] SAM3: 'box' score=0.96 @ [563 209 775 619]  (top of 1)  sim=0.921
21:32:07.450 [INFO ] SAM3: mask obtained (score=0.959, area=84168 px)
21:32:07.477 [DEBUG] Grasp point: robust centroid (669, 414)
21:32:07.477 [INFO ] MaskTracker: anchor locked (IoU streak=333, last IoU=0.999)
21:32:07.488 [INFO ] frame=333 state=NEAR      c=(670,413) depth=477.4mm  robot xyz=(nan, nan, nan)mm  tilt=-
21:32:07.734 [INFO ] SAM3: 1 detection(s) for 'box'
21:32:07.736 [DEBUG]   det conf=0.96 sim=0.920 pos=0.42 prox=1.00 -> 0.869
21:32:07.738 [INFO ] SAM3: 'box' score=0.96 @ [563 209 775 619]  (top of 1)  sim=0.920
21:32:07.739 [INFO ] SAM3: mask obtained (score=0.962, area=84151 px)
21:32:07.765 [DEBUG] Grasp point: robust centroid (669, 414)
21:32:07.766 [INFO ] MaskTracker: anchor locked (IoU streak=334, last IoU=0.999)
21:32:07.777 [INFO ] frame=334 state=NEAR      c=(670,413) depth=477.3mm  robot xyz=(nan, nan, nan)mm  tilt=-
21:32:08.023 [INFO ] SAM3: 1 detection(s) for 'box'
21:32:08.026 [DEBUG]   det conf=0.96 sim=0.922 pos=0.42 prox=1.00 -> 0.871
21:32:08.028 [INFO ] SAM3: 'box' score=0.96 @ [563 209 775 619]  (top of 1)  sim=0.922
21:32:08.028 [INFO ] SAM3: mask obtained (score=0.963, area=84186 px)
21:32:08.054 [DEBUG] Grasp point: robust centroid (669, 414)
21:32:08.054 [INFO ] MaskTracker: anchor locked (IoU streak=335, last IoU=0.999)
21:32:08.065 [INFO ] frame=335 state=NEAR      c=(670,413) depth=477.2mm  robot xyz=(nan, nan, nan)mm  tilt=-
21:32:08.312 [INFO ] SAM3: 1 detection(s) for 'box'
21:32:08.314 [DEBUG]   det conf=0.96 sim=0.922 pos=0.42 prox=1.00 -> 0.870
21:32:08.316 [INFO ] SAM3: 'box' score=0.96 @ [563 209 775 619]  (top of 1)  sim=0.922
21:32:08.316 [INFO ] SAM3: mask obtained (score=0.959, area=84179 px)
21:32:08.341 [DEBUG] Grasp point: robust centroid (669, 414)
21:32:08.342 [INFO ] MaskTracker: anchor locked (IoU streak=336, last IoU=0.999)
21:32:08.353 [INFO ] frame=336 state=NEAR      c=(670,413) depth=477.3mm  robot xyz=(nan, nan, nan)mm  tilt=-
21:32:08.598 [INFO ] SAM3: 1 detection(s) for 'box'
21:32:08.600 [DEBUG]   det conf=0.96 sim=0.922 pos=0.42 prox=1.00 -> 0.870
21:32:08.602 [INFO ] SAM3: 'box' score=0.96 @ [563 209 775 619]  (top of 1)  sim=0.922
21:32:08.602 [INFO ] SAM3: mask obtained (score=0.964, area=84155 px)
21:32:08.628 [DEBUG] Grasp point: robust centroid (669, 414)
21:32:08.628 [INFO ] MaskTracker: anchor locked (IoU streak=337, last IoU=0.999)
21:32:08.639 [INFO ] frame=337 state=NEAR      c=(670,413) depth=477.2mm  robot xyz=(nan, nan, nan)mm  tilt=-
21:32:08.887 [INFO ] SAM3: 1 detection(s) for 'box'
21:32:08.889 [DEBUG]   det conf=0.96 sim=0.923 pos=0.42 prox=1.00 -> 0.871
21:32:08.890 [INFO ] SAM3: 'box' score=0.96 @ [563 209 775 619]  (top of 1)  sim=0.923
21:32:08.891 [INFO ] SAM3: mask obtained (score=0.963, area=84193 px)
21:32:08.917 [DEBUG] Grasp point: robust centroid (669, 414)
21:32:08.918 [INFO ] MaskTracker: anchor locked (IoU streak=338, last IoU=0.999)
21:32:08.929 [INFO ] frame=338 state=NEAR      c=(670,413) depth=477.3mm  robot xyz=(nan, nan, nan)mm  tilt=-
21:32:09.174 [INFO ] SAM3: 1 detection(s) for 'box'
21:32:09.177 [DEBUG]   det conf=0.96 sim=0.922 pos=0.42 prox=1.00 -> 0.871
21:32:09.179 [INFO ] SAM3: 'box' score=0.96 @ [563 209 775 619]  (top of 1)  sim=0.922
21:32:09.179 [INFO ] SAM3: mask obtained (score=0.965, area=84127 px)
21:32:09.205 [DEBUG] Grasp point: robust centroid (669, 414)
21:32:09.205 [INFO ] MaskTracker: anchor locked (IoU streak=339, last IoU=0.999)
21:32:09.216 [INFO ] frame=339 state=NEAR      c=(670,413) depth=477.2mm  robot xyz=(nan, nan, nan)mm  tilt=-
21:32:09.462 [INFO ] SAM3: 1 detection(s) for 'box'
21:32:09.464 [DEBUG]   det conf=0.96 sim=0.921 pos=0.42 prox=1.00 -> 0.870
21:32:09.466 [INFO ] SAM3: 'box' score=0.96 @ [563 209 775 619]  (top of 1)  sim=0.921
21:32:09.466 [INFO ] SAM3: mask obtained (score=0.961, area=84142 px)
21:32:09.492 [DEBUG] Grasp point: robust centroid (669, 414)
21:32:09.492 [INFO ] MaskTracker: anchor locked (IoU streak=340, last IoU=0.999)
21:32:09.503 [INFO ] frame=340 state=NEAR      c=(670,413) depth=477.3mm  robot xyz=(nan, nan, nan)mm  tilt=-
21:32:09.748 [INFO ] SAM3: 1 detection(s) for 'box'
21:32:09.751 [DEBUG]   det conf=0.96 sim=0.922 pos=0.42 prox=1.00 -> 0.870
21:32:09.752 [INFO ] SAM3: 'box' score=0.96 @ [563 209 775 619]  (top of 1)  sim=0.922
21:32:09.752 [INFO ] SAM3: mask obtained (score=0.961, area=84147 px)
21:32:09.778 [DEBUG] Grasp point: robust centroid (669, 414)
21:32:09.778 [INFO ] MaskTracker: anchor locked (IoU streak=341, last IoU=0.999)
21:32:09.789 [INFO ] frame=341 state=NEAR      c=(670,413) depth=477.2mm  robot xyz=(nan, nan, nan)mm  tilt=-
21:32:10.033 [INFO ] SAM3: 1 detection(s) for 'box'
21:32:10.036 [DEBUG]   det conf=0.96 sim=0.919 pos=0.42 prox=1.00 -> 0.869
21:32:10.038 [INFO ] SAM3: 'box' score=0.96 @ [563 209 775 619]  (top of 1)  sim=0.919
21:32:10.038 [INFO ] SAM3: mask obtained (score=0.962, area=84143 px)
21:32:10.065 [DEBUG] Grasp point: robust centroid (669, 414)
21:32:10.065 [INFO ] MaskTracker: anchor locked (IoU streak=342, last IoU=0.999)
21:32:10.076 [INFO ] frame=342 state=NEAR      c=(670,413) depth=477.2mm  robot xyz=(nan, nan, nan)mm  tilt=-
21:32:10.322 [INFO ] SAM3: 1 detection(s) for 'box'
21:32:10.325 [DEBUG]   det conf=0.96 sim=0.922 pos=0.42 prox=1.00 -> 0.871
21:32:10.326 [INFO ] SAM3: 'box' score=0.96 @ [563 209 775 619]  (top of 1)  sim=0.922
21:32:10.327 [INFO ] SAM3: mask obtained (score=0.965, area=84136 px)
21:32:10.353 [DEBUG] Grasp point: robust centroid (669, 414)
21:32:10.354 [INFO ] MaskTracker: anchor locked (IoU streak=343, last IoU=0.999)
21:32:10.365 [INFO ] frame=343 state=NEAR      c=(670,413) depth=477.1mm  robot xyz=(nan, nan, nan)mm  tilt=-
21:32:10.612 [INFO ] SAM3: 1 detection(s) for 'box'
21:32:10.615 [DEBUG]   det conf=0.96 sim=0.923 pos=0.42 prox=1.00 -> 0.871
21:32:10.617 [INFO ] SAM3: 'box' score=0.96 @ [563 209 775 619]  (top of 1)  sim=0.923
21:32:10.617 [INFO ] SAM3: mask obtained (score=0.962, area=84163 px)
21:32:10.642 [DEBUG] Grasp point: robust centroid (669, 414)
21:32:10.643 [INFO ] MaskTracker: anchor locked (IoU streak=344, last IoU=0.999)
21:32:10.654 [INFO ] frame=344 state=NEAR      c=(670,413) depth=477.1mm  robot xyz=(nan, nan, nan)mm  tilt=-
21:32:10.897 [INFO ] SAM3: 1 detection(s) for 'box'
21:32:10.899 [DEBUG]   det conf=0.96 sim=0.920 pos=0.42 prox=1.00 -> 0.869
21:32:10.901 [INFO ] SAM3: 'box' score=0.96 @ [563 209 775 619]  (top of 1)  sim=0.920
21:32:10.901 [INFO ] SAM3: mask obtained (score=0.959, area=84163 px)
21:32:10.927 [DEBUG] Grasp point: robust centroid (669, 414)
21:32:10.927 [INFO ] MaskTracker: anchor locked (IoU streak=345, last IoU=0.999)
21:32:10.937 [INFO ] frame=345 state=NEAR      c=(670,413) depth=477.1mm  robot xyz=(nan, nan, nan)mm  tilt=-
21:32:11.186 [INFO ] SAM3: 1 detection(s) for 'box'
21:32:11.188 [DEBUG]   det conf=0.96 sim=0.922 pos=0.42 prox=1.00 -> 0.870
21:32:11.189 [INFO ] SAM3: 'box' score=0.96 @ [563 209 775 619]  (top of 1)  sim=0.922
21:32:11.189 [INFO ] SAM3: mask obtained (score=0.961, area=84156 px)
21:32:11.216 [DEBUG] Grasp point: robust centroid (669, 414)
21:32:11.216 [INFO ] MaskTracker: anchor locked (IoU streak=346, last IoU=0.999)
21:32:11.227 [INFO ] frame=346 state=NEAR      c=(670,413) depth=477.1mm  robot xyz=(nan, nan, nan)mm  tilt=-
21:32:11.468 [INFO ] SAM3: 1 detection(s) for 'box'
21:32:11.470 [DEBUG]   det conf=0.95 sim=0.921 pos=0.42 prox=1.00 -> 0.869
21:32:11.472 [INFO ] SAM3: 'box' score=0.95 @ [563 209 775 619]  (top of 1)  sim=0.921
21:32:11.472 [INFO ] SAM3: mask obtained (score=0.955, area=84196 px)
21:32:11.498 [DEBUG] Grasp point: robust centroid (669, 414)
21:32:11.499 [INFO ] MaskTracker: anchor locked (IoU streak=347, last IoU=0.999)
21:32:11.509 [INFO ] frame=347 state=NEAR      c=(670,413) depth=477.2mm  robot xyz=(nan, nan, nan)mm  tilt=-
21:32:11.748 [INFO ] SAM3: 1 detection(s) for 'box'
21:32:11.751 [DEBUG]   det conf=0.96 sim=0.922 pos=0.42 prox=1.00 -> 0.870
21:32:11.752 [INFO ] SAM3: 'box' score=0.96 @ [563 209 775 619]  (top of 1)  sim=0.922
21:32:11.752 [INFO ] SAM3: mask obtained (score=0.958, area=84171 px)
21:32:11.778 [DEBUG] Grasp point: robust centroid (669, 414)
21:32:11.778 [INFO ] MaskTracker: anchor locked (IoU streak=348, last IoU=0.999)
21:32:11.790 [INFO ] frame=348 state=NEAR      c=(670,413) depth=477.1mm  robot xyz=(nan, nan, nan)mm  tilt=-
21:32:12.029 [INFO ] SAM3: 1 detection(s) for 'box'
21:32:12.031 [DEBUG]   det conf=0.96 sim=0.921 pos=0.42 prox=1.00 -> 0.870
21:32:12.033 [INFO ] SAM3: 'box' score=0.96 @ [563 209 775 619]  (top of 1)  sim=0.921
21:32:12.033 [INFO ] SAM3: mask obtained (score=0.964, area=84181 px)
21:32:12.058 [DEBUG] Grasp point: robust centroid (669, 414)
21:32:12.059 [INFO ] MaskTracker: anchor locked (IoU streak=349, last IoU=0.999)
21:32:12.070 [INFO ] frame=349 state=NEAR      c=(670,413) depth=477.1mm  robot xyz=(nan, nan, nan)mm  tilt=-
21:32:12.312 [INFO ] SAM3: 1 detection(s) for 'box'
21:32:12.315 [DEBUG]   det conf=0.96 sim=0.921 pos=0.42 prox=1.00 -> 0.870
21:32:12.316 [INFO ] SAM3: 'box' score=0.96 @ [563 209 775 619]  (top of 1)  sim=0.921
21:32:12.317 [INFO ] SAM3: mask obtained (score=0.962, area=84129 px)
21:32:12.342 [DEBUG] Grasp point: robust centroid (669, 414)
21:32:12.342 [INFO ] MaskTracker: anchor locked (IoU streak=350, last IoU=0.999)
21:32:12.353 [INFO ] frame=350 state=NEAR      c=(670,413) depth=477.1mm  robot xyz=(nan, nan, nan)mm  tilt=-
21:32:12.599 [INFO ] SAM3: 1 detection(s) for 'box'
21:32:12.601 [DEBUG]   det conf=0.96 sim=0.923 pos=0.42 prox=1.00 -> 0.871
21:32:12.603 [INFO ] SAM3: 'box' score=0.96 @ [563 209 775 619]  (top of 1)  sim=0.923
21:32:12.603 [INFO ] SAM3: mask obtained (score=0.964, area=84137 px)
21:32:12.630 [DEBUG] Grasp point: robust centroid (669, 414)
21:32:12.630 [INFO ] MaskTracker: anchor locked (IoU streak=351, last IoU=0.999)
21:32:12.641 [INFO ] frame=351 state=NEAR      c=(670,413) depth=477.1mm  robot xyz=(nan, nan, nan)mm  tilt=-
21:32:12.887 [INFO ] SAM3: 1 detection(s) for 'box'
21:32:12.889 [DEBUG]   det conf=0.96 sim=0.920 pos=0.42 prox=1.00 -> 0.869
21:32:12.891 [INFO ] SAM3: 'box' score=0.96 @ [563 209 775 619]  (top of 1)  sim=0.920
21:32:12.891 [INFO ] SAM3: mask obtained (score=0.960, area=84170 px)
21:32:12.917 [DEBUG] Grasp point: robust centroid (669, 414)
21:32:12.918 [INFO ] MaskTracker: anchor locked (IoU streak=352, last IoU=0.999)
21:32:12.928 [INFO ] frame=352 state=NEAR      c=(670,413) depth=477.2mm  robot xyz=(nan, nan, nan)mm  tilt=-
21:32:13.174 [INFO ] SAM3: 1 detection(s) for 'box'
21:32:13.176 [DEBUG]   det conf=0.96 sim=0.921 pos=0.42 prox=1.00 -> 0.870
21:32:13.178 [INFO ] SAM3: 'box' score=0.96 @ [563 209 775 619]  (top of 1)  sim=0.921
21:32:13.179 [INFO ] SAM3: mask obtained (score=0.963, area=84123 px)
21:32:13.205 [DEBUG] Grasp point: robust centroid (669, 414)
21:32:13.205 [INFO ] MaskTracker: anchor locked (IoU streak=353, last IoU=0.999)
21:32:13.216 [INFO ] frame=353 state=NEAR      c=(670,413) depth=477.2mm  robot xyz=(nan, nan, nan)mm  tilt=-
21:32:13.462 [INFO ] SAM3: 1 detection(s) for 'box'
21:32:13.465 [DEBUG]   det conf=0.96 sim=0.919 pos=0.42 prox=1.00 -> 0.869
21:32:13.467 [INFO ] SAM3: 'box' score=0.96 @ [563 209 775 619]  (top of 1)  sim=0.919
21:32:13.467 [INFO ] SAM3: mask obtained (score=0.964, area=84134 px)
21:32:13.492 [DEBUG] Grasp point: robust centroid (669, 414)
21:32:13.493 [INFO ] MaskTracker: anchor locked (IoU streak=354, last IoU=0.999)
21:32:13.504 [INFO ] frame=354 state=NEAR      c=(670,413) depth=477.3mm  robot xyz=(nan, nan, nan)mm  tilt=-
21:32:13.752 [INFO ] SAM3: 1 detection(s) for 'box'
21:32:13.755 [DEBUG]   det conf=0.96 sim=0.921 pos=0.42 prox=1.00 -> 0.870
21:32:13.757 [INFO ] SAM3: 'box' score=0.96 @ [563 209 775 619]  (top of 1)  sim=0.921
21:32:13.757 [INFO ] SAM3: mask obtained (score=0.962, area=84158 px)
21:32:13.785 [DEBUG] Grasp point: robust centroid (669, 414)
21:32:13.785 [INFO ] MaskTracker: anchor locked (IoU streak=355, last IoU=0.999)
21:32:13.796 [INFO ] frame=355 state=NEAR      c=(670,413) depth=477.2mm  robot xyz=(nan, nan, nan)mm  tilt=-
21:32:14.047 [INFO ] SAM3: 1 detection(s) for 'box'
21:32:14.050 [DEBUG]   det conf=0.96 sim=0.923 pos=0.42 prox=1.00 -> 0.871
21:32:14.051 [INFO ] SAM3: 'box' score=0.96 @ [563 209 775 619]  (top of 1)  sim=0.923
21:32:14.051 [INFO ] SAM3: mask obtained (score=0.958, area=84169 px)
21:32:14.077 [DEBUG] Grasp point: robust centroid (669, 414)
21:32:14.077 [INFO ] MaskTracker: anchor locked (IoU streak=356, last IoU=0.999)
21:32:14.088 [INFO ] frame=356 state=NEAR      c=(670,413) depth=477.3mm  robot xyz=(nan, nan, nan)mm  tilt=-
21:32:14.331 [INFO ] SAM3: 1 detection(s) for 'box'
21:32:14.334 [DEBUG]   det conf=0.96 sim=0.920 pos=0.42 prox=1.00 -> 0.870
21:32:14.335 [INFO ] SAM3: 'box' score=0.96 @ [563 209 775 619]  (top of 1)  sim=0.920
21:32:14.335 [INFO ] SAM3: mask obtained (score=0.963, area=84171 px)
21:32:14.361 [DEBUG] Grasp point: robust centroid (669, 414)
21:32:14.361 [INFO ] MaskTracker: anchor locked (IoU streak=357, last IoU=0.999)
21:32:14.372 [INFO ] frame=357 state=NEAR      c=(670,413) depth=477.2mm  robot xyz=(nan, nan, nan)mm  tilt=-
21:32:14.611 [INFO ] SAM3: 1 detection(s) for 'box'
21:32:14.613 [DEBUG]   det conf=0.96 sim=0.920 pos=0.42 prox=1.00 -> 0.869
21:32:14.615 [INFO ] SAM3: 'box' score=0.96 @ [563 209 775 619]  (top of 1)  sim=0.920
21:32:14.615 [INFO ] SAM3: mask obtained (score=0.962, area=84144 px)
21:32:14.641 [DEBUG] Grasp point: robust centroid (669, 414)
21:32:14.641 [INFO ] MaskTracker: anchor locked (IoU streak=358, last IoU=0.999)
21:32:14.652 [INFO ] frame=358 state=NEAR      c=(670,413) depth=477.3mm  robot xyz=(nan, nan, nan)mm  tilt=-
21:32:14.898 [INFO ] SAM3: 1 detection(s) for 'box'
21:32:14.901 [DEBUG]   det conf=0.96 sim=0.921 pos=0.42 prox=1.00 -> 0.870
21:32:14.903 [INFO ] SAM3: 'box' score=0.96 @ [563 209 775 619]  (top of 1)  sim=0.921
21:32:14.903 [INFO ] SAM3: mask obtained (score=0.962, area=84170 px)
21:32:14.932 [DEBUG] Grasp point: robust centroid (669, 414)
21:32:14.932 [INFO ] MaskTracker: anchor locked (IoU streak=359, last IoU=0.999)
21:32:14.944 [INFO ] frame=359 state=NEAR      c=(670,413) depth=477.3mm  robot xyz=(nan, nan, nan)mm  tilt=-
21:32:15.193 [INFO ] SAM3: 1 detection(s) for 'box'
21:32:15.195 [DEBUG]   det conf=0.96 sim=0.921 pos=0.42 prox=1.00 -> 0.870
21:32:15.197 [INFO ] SAM3: 'box' score=0.96 @ [563 209 775 619]  (top of 1)  sim=0.921
21:32:15.197 [INFO ] SAM3: mask obtained (score=0.964, area=84160 px)
21:32:15.223 [DEBUG] Grasp point: robust centroid (669, 414)
21:32:15.223 [INFO ] MaskTracker: anchor locked (IoU streak=360, last IoU=0.999)
21:32:15.289 [INFO ] frame=360 state=NEAR      c=(670,413) depth=477.1mm  robot xyz=(nan, nan, nan)mm  tilt=-
21:32:15.532 [INFO ] SAM3: 1 detection(s) for 'box'
21:32:15.534 [DEBUG]   det conf=0.96 sim=0.922 pos=0.42 prox=1.00 -> 0.870
21:32:15.535 [INFO ] SAM3: 'box' score=0.96 @ [563 209 775 619]  (top of 1)  sim=0.922
21:32:15.536 [INFO ] SAM3: mask obtained (score=0.961, area=84163 px)
21:32:15.561 [DEBUG] Grasp point: robust centroid (669, 414)
21:32:15.562 [INFO ] MaskTracker: anchor locked (IoU streak=361, last IoU=0.999)
21:32:15.573 [INFO ] frame=361 state=NEAR      c=(670,413) depth=477.3mm  robot xyz=(nan, nan, nan)mm  tilt=-
21:32:15.810 [INFO ] SAM3: 1 detection(s) for 'box'
21:32:15.813 [DEBUG]   det conf=0.96 sim=0.921 pos=0.42 prox=1.00 -> 0.870
21:32:15.814 [INFO ] SAM3: 'box' score=0.96 @ [563 209 775 619]  (top of 1)  sim=0.921
21:32:15.815 [INFO ] SAM3: mask obtained (score=0.962, area=84200 px)
21:32:15.840 [DEBUG] Grasp point: robust centroid (669, 414)
21:32:15.840 [INFO ] MaskTracker: anchor locked (IoU streak=362, last IoU=0.999)
21:32:15.851 [INFO ] frame=362 state=NEAR      c=(670,413) depth=477.2mm  robot xyz=(nan, nan, nan)mm  tilt=-
21:32:16.099 [INFO ] SAM3: 1 detection(s) for 'box'
21:32:16.101 [DEBUG]   det conf=0.96 sim=0.925 pos=0.42 prox=1.00 -> 0.872
21:32:16.103 [INFO ] SAM3: 'box' score=0.96 @ [563 209 775 619]  (top of 1)  sim=0.925
21:32:16.103 [INFO ] SAM3: mask obtained (score=0.963, area=84143 px)
21:32:16.129 [DEBUG] Grasp point: robust centroid (669, 414)
21:32:16.130 [INFO ] MaskTracker: anchor locked (IoU streak=363, last IoU=0.999)
21:32:16.140 [INFO ] frame=363 state=NEAR      c=(670,413) depth=477.2mm  robot xyz=(nan, nan, nan)mm  tilt=-
21:32:16.386 [INFO ] SAM3: 1 detection(s) for 'box'
21:32:16.388 [DEBUG]   det conf=0.96 sim=0.922 pos=0.42 prox=1.00 -> 0.870
21:32:16.390 [INFO ] SAM3: 'box' score=0.96 @ [563 209 775 619]  (top of 1)  sim=0.922
21:32:16.390 [INFO ] SAM3: mask obtained (score=0.962, area=84163 px)
21:32:16.416 [DEBUG] Grasp point: robust centroid (669, 414)
21:32:16.416 [INFO ] MaskTracker: anchor locked (IoU streak=364, last IoU=0.999)
21:32:16.426 [INFO ] frame=364 state=NEAR      c=(670,413) depth=477.2mm  robot xyz=(nan, nan, nan)mm  tilt=-
21:32:16.672 [INFO ] SAM3: 1 detection(s) for 'box'
21:32:16.675 [DEBUG]   det conf=0.96 sim=0.921 pos=0.42 prox=1.00 -> 0.870
21:32:16.676 [INFO ] SAM3: 'box' score=0.96 @ [563 209 775 619]  (top of 1)  sim=0.921
21:32:16.677 [INFO ] SAM3: mask obtained (score=0.963, area=84177 px)
21:32:16.703 [DEBUG] Grasp point: robust centroid (669, 414)
21:32:16.703 [INFO ] MaskTracker: anchor locked (IoU streak=365, last IoU=0.999)
21:32:16.716 [INFO ] frame=365 state=NEAR      c=(670,413) depth=477.4mm  robot xyz=(nan, nan, nan)mm  tilt=-
21:32:16.961 [INFO ] SAM3: 1 detection(s) for 'box'
21:32:16.964 [DEBUG]   det conf=0.96 sim=0.922 pos=0.42 prox=1.00 -> 0.870
21:32:16.965 [INFO ] SAM3: 'box' score=0.96 @ [563 209 775 619]  (top of 1)  sim=0.922
21:32:16.965 [INFO ] SAM3: mask obtained (score=0.964, area=84180 px)
21:32:16.991 [DEBUG] Grasp point: robust centroid (669, 414)
21:32:16.991 [INFO ] MaskTracker: anchor locked (IoU streak=366, last IoU=0.999)
21:32:17.002 [INFO ] frame=366 state=NEAR      c=(670,413) depth=477.3mm  robot xyz=(nan, nan, nan)mm  tilt=-
21:32:17.251 [INFO ] SAM3: 1 detection(s) for 'box'
21:32:17.253 [DEBUG]   det conf=0.96 sim=0.922 pos=0.42 prox=1.00 -> 0.870
21:32:17.255 [INFO ] SAM3: 'box' score=0.96 @ [563 209 775 619]  (top of 1)  sim=0.922
21:32:17.255 [INFO ] SAM3: mask obtained (score=0.962, area=84143 px)
21:32:17.282 [DEBUG] Grasp point: robust centroid (669, 414)
21:32:17.282 [INFO ] MaskTracker: anchor locked (IoU streak=367, last IoU=0.998)
21:32:17.293 [INFO ] frame=367 state=NEAR      c=(670,413) depth=477.2mm  robot xyz=(nan, nan, nan)mm  tilt=-
21:32:17.536 [INFO ] SAM3: 1 detection(s) for 'box'
21:32:17.539 [DEBUG]   det conf=0.96 sim=0.922 pos=0.42 prox=1.00 -> 0.870
21:32:17.541 [INFO ] SAM3: 'box' score=0.96 @ [563 209 775 619]  (top of 1)  sim=0.922
21:32:17.541 [INFO ] SAM3: mask obtained (score=0.963, area=84162 px)
21:32:17.567 [DEBUG] Grasp point: robust centroid (669, 414)
21:32:17.568 [INFO ] MaskTracker: anchor locked (IoU streak=368, last IoU=0.999)
21:32:17.578 [INFO ] frame=368 state=NEAR      c=(670,413) depth=477.3mm  robot xyz=(nan, nan, nan)mm  tilt=-
21:32:17.825 [INFO ] SAM3: 1 detection(s) for 'box'
21:32:17.828 [DEBUG]   det conf=0.96 sim=0.921 pos=0.42 prox=1.00 -> 0.870
21:32:17.830 [INFO ] SAM3: 'box' score=0.96 @ [563 209 775 619]  (top of 1)  sim=0.921
21:32:17.830 [INFO ] SAM3: mask obtained (score=0.959, area=84167 px)
21:32:17.856 [DEBUG] Grasp point: robust centroid (669, 414)
21:32:17.856 [INFO ] MaskTracker: anchor locked (IoU streak=369, last IoU=0.999)
21:32:17.867 [INFO ] frame=369 state=NEAR      c=(670,413) depth=477.3mm  robot xyz=(nan, nan, nan)mm  tilt=-
21:32:18.111 [INFO ] SAM3: 1 detection(s) for 'box'
21:32:18.113 [DEBUG]   det conf=0.96 sim=0.922 pos=0.42 prox=1.00 -> 0.870
21:32:18.116 [INFO ] SAM3: 'box' score=0.96 @ [563 209 775 619]  (top of 1)  sim=0.922
21:32:18.116 [INFO ] SAM3: mask obtained (score=0.957, area=84173 px)
21:32:18.142 [DEBUG] Grasp point: robust centroid (669, 414)
21:32:18.143 [INFO ] MaskTracker: anchor locked (IoU streak=370, last IoU=0.999)
21:32:18.153 [INFO ] frame=370 state=NEAR      c=(670,413) depth=477.2mm  robot xyz=(nan, nan, nan)mm  tilt=-
21:32:18.391 [INFO ] SAM3: 1 detection(s) for 'box'
21:32:18.393 [DEBUG]   det conf=0.96 sim=0.922 pos=0.42 prox=1.00 -> 0.870
21:32:18.395 [INFO ] SAM3: 'box' score=0.96 @ [563 209 775 619]  (top of 1)  sim=0.922
21:32:18.395 [INFO ] SAM3: mask obtained (score=0.960, area=84161 px)
21:32:18.421 [DEBUG] Grasp point: robust centroid (669, 414)
21:32:18.422 [INFO ] MaskTracker: anchor locked (IoU streak=371, last IoU=0.999)
21:32:18.432 [INFO ] frame=371 state=NEAR      c=(670,413) depth=477.2mm  robot xyz=(nan, nan, nan)mm  tilt=-
21:32:18.677 [INFO ] SAM3: 1 detection(s) for 'box'
21:32:18.679 [DEBUG]   det conf=0.96 sim=0.923 pos=0.42 prox=1.00 -> 0.871
21:32:18.681 [INFO ] SAM3: 'box' score=0.96 @ [563 209 775 619]  (top of 1)  sim=0.923
21:32:18.681 [INFO ] SAM3: mask obtained (score=0.962, area=84144 px)
21:32:18.707 [DEBUG] Grasp point: robust centroid (669, 414)
21:32:18.707 [INFO ] MaskTracker: anchor locked (IoU streak=372, last IoU=0.999)
21:32:18.720 [INFO ] frame=372 state=NEAR      c=(670,413) depth=477.3mm  robot xyz=(nan, nan, nan)mm  tilt=-
21:32:18.968 [INFO ] SAM3: 1 detection(s) for 'box'
21:32:18.970 [DEBUG]   det conf=0.96 sim=0.920 pos=0.42 prox=1.00 -> 0.869
21:32:18.972 [INFO ] SAM3: 'box' score=0.96 @ [563 209 775 619]  (top of 1)  sim=0.920
21:32:18.972 [INFO ] SAM3: mask obtained (score=0.961, area=84152 px)
21:32:18.999 [DEBUG] Grasp point: robust centroid (669, 414)
21:32:18.999 [INFO ] MaskTracker: anchor locked (IoU streak=373, last IoU=0.999)
21:32:19.011 [INFO ] frame=373 state=NEAR      c=(670,413) depth=477.2mm  robot xyz=(nan, nan, nan)mm  tilt=-
21:32:19.258 [INFO ] SAM3: 1 detection(s) for 'box'
21:32:19.260 [DEBUG]   det conf=0.96 sim=0.923 pos=0.42 prox=1.00 -> 0.870
21:32:19.262 [INFO ] SAM3: 'box' score=0.96 @ [563 209 775 619]  (top of 1)  sim=0.923
21:32:19.262 [INFO ] SAM3: mask obtained (score=0.958, area=84167 px)
21:32:19.288 [DEBUG] Grasp point: robust centroid (670, 414)
21:32:19.288 [INFO ] MaskTracker: anchor locked (IoU streak=374, last IoU=0.999)
21:32:19.299 [INFO ] frame=374 state=NEAR      c=(670,413) depth=477.2mm  robot xyz=(nan, nan, nan)mm  tilt=-
21:32:19.543 [INFO ] SAM3: 1 detection(s) for 'box'
21:32:19.546 [DEBUG]   det conf=0.97 sim=0.922 pos=0.42 prox=1.00 -> 0.871
21:32:19.547 [INFO ] SAM3: 'box' score=0.97 @ [563 209 775 619]  (top of 1)  sim=0.922
21:32:19.548 [INFO ] SAM3: mask obtained (score=0.965, area=84151 px)
21:32:19.573 [DEBUG] Grasp point: robust centroid (669, 414)
21:32:19.573 [INFO ] MaskTracker: anchor locked (IoU streak=375, last IoU=0.999)
21:32:19.584 [INFO ] frame=375 state=NEAR      c=(670,413) depth=477.3mm  robot xyz=(nan, nan, nan)mm  tilt=-
21:32:19.829 [INFO ] SAM3: 1 detection(s) for 'box'
21:32:19.831 [DEBUG]   det conf=0.96 sim=0.922 pos=0.42 prox=1.00 -> 0.870
21:32:19.832 [INFO ] SAM3: 'box' score=0.96 @ [563 209 775 619]  (top of 1)  sim=0.922
21:32:19.832 [INFO ] SAM3: mask obtained (score=0.960, area=84167 px)
21:32:19.858 [DEBUG] Grasp point: robust centroid (669, 414)
21:32:19.859 [INFO ] MaskTracker: anchor locked (IoU streak=376, last IoU=0.999)
21:32:19.869 [INFO ] frame=376 state=NEAR      c=(670,413) depth=477.1mm  robot xyz=(nan, nan, nan)mm  tilt=-
21:32:20.119 [INFO ] SAM3: 1 detection(s) for 'box'
21:32:20.121 [DEBUG]   det conf=0.96 sim=0.923 pos=0.42 prox=1.00 -> 0.871
21:32:20.123 [INFO ] SAM3: 'box' score=0.96 @ [563 209 775 619]  (top of 1)  sim=0.923
21:32:20.123 [INFO ] SAM3: mask obtained (score=0.960, area=84154 px)
21:32:20.149 [DEBUG] Grasp point: robust centroid (669, 414)
21:32:20.150 [INFO ] MaskTracker: anchor locked (IoU streak=377, last IoU=0.999)
21:32:20.160 [INFO ] frame=377 state=NEAR      c=(670,413) depth=477.3mm  robot xyz=(nan, nan, nan)mm  tilt=-
21:32:20.406 [INFO ] SAM3: 1 detection(s) for 'box'
21:32:20.409 [DEBUG]   det conf=0.96 sim=0.920 pos=0.42 prox=1.00 -> 0.869
21:32:20.411 [INFO ] SAM3: 'box' score=0.96 @ [563 209 775 619]  (top of 1)  sim=0.920
21:32:20.411 [INFO ] SAM3: mask obtained (score=0.963, area=84159 px)
21:32:20.437 [DEBUG] Grasp point: robust centroid (669, 414)
21:32:20.437 [INFO ] MaskTracker: anchor locked (IoU streak=378, last IoU=0.999)
21:32:20.448 [INFO ] frame=378 state=NEAR      c=(670,413) depth=477.3mm  robot xyz=(nan, nan, nan)mm  tilt=-
21:32:20.693 [INFO ] SAM3: 1 detection(s) for 'box'
21:32:20.695 [DEBUG]   det conf=0.96 sim=0.921 pos=0.42 prox=1.00 -> 0.870
21:32:20.697 [INFO ] SAM3: 'box' score=0.96 @ [563 209 775 619]  (top of 1)  sim=0.921
21:32:20.697 [INFO ] SAM3: mask obtained (score=0.963, area=84147 px)
21:32:20.723 [DEBUG] Grasp point: robust centroid (669, 414)
21:32:20.723 [INFO ] MaskTracker: anchor locked (IoU streak=379, last IoU=0.999)
21:32:20.734 [INFO ] frame=379 state=NEAR      c=(670,413) depth=477.2mm  robot xyz=(nan, nan, nan)mm  tilt=-
21:32:20.982 [INFO ] SAM3: 1 detection(s) for 'box'
21:32:20.985 [DEBUG]   det conf=0.96 sim=0.922 pos=0.42 prox=1.00 -> 0.871
21:32:20.986 [INFO ] SAM3: 'box' score=0.96 @ [563 209 775 619]  (top of 1)  sim=0.922
21:32:20.986 [INFO ] SAM3: mask obtained (score=0.964, area=84176 px)
21:32:21.013 [DEBUG] Grasp point: robust centroid (669, 414)
21:32:21.013 [INFO ] MaskTracker: anchor locked (IoU streak=380, last IoU=0.999)
21:32:21.024 [INFO ] frame=380 state=NEAR      c=(670,413) depth=477.3mm  robot xyz=(nan, nan, nan)mm  tilt=-
21:32:21.270 [INFO ] SAM3: 1 detection(s) for 'box'
21:32:21.273 [DEBUG]   det conf=0.97 sim=0.922 pos=0.42 prox=1.00 -> 0.871
21:32:21.275 [INFO ] SAM3: 'box' score=0.97 @ [563 209 775 619]  (top of 1)  sim=0.922
21:32:21.275 [INFO ] SAM3: mask obtained (score=0.966, area=84170 px)
21:32:21.303 [DEBUG] Grasp point: robust centroid (669, 414)
21:32:21.303 [INFO ] MaskTracker: anchor locked (IoU streak=381, last IoU=1.000)
21:32:21.314 [INFO ] frame=381 state=NEAR      c=(670,413) depth=477.5mm  robot xyz=(nan, nan, nan)mm  tilt=-
21:32:21.560 [INFO ] SAM3: 1 detection(s) for 'box'
21:32:21.562 [DEBUG]   det conf=0.96 sim=0.920 pos=0.42 prox=1.00 -> 0.869
21:32:21.564 [INFO ] SAM3: 'box' score=0.96 @ [563 209 775 619]  (top of 1)  sim=0.920
21:32:21.564 [INFO ] SAM3: mask obtained (score=0.961, area=84158 px)
21:32:21.589 [DEBUG] Grasp point: robust centroid (669, 414)
21:32:21.590 [INFO ] MaskTracker: anchor locked (IoU streak=382, last IoU=0.999)
21:32:21.600 [INFO ] frame=382 state=NEAR      c=(670,413) depth=477.5mm  robot xyz=(nan, nan, nan)mm  tilt=-
21:32:21.848 [INFO ] SAM3: 1 detection(s) for 'box'
21:32:21.851 [DEBUG]   det conf=0.96 sim=0.920 pos=0.42 prox=1.00 -> 0.869
21:32:21.852 [INFO ] SAM3: 'box' score=0.96 @ [563 209 775 619]  (top of 1)  sim=0.920
21:32:21.852 [INFO ] SAM3: mask obtained (score=0.963, area=84151 px)
21:32:21.878 [DEBUG] Grasp point: robust centroid (669, 414)
21:32:21.879 [INFO ] MaskTracker: anchor locked (IoU streak=383, last IoU=0.999)
21:32:21.889 [INFO ] frame=383 state=NEAR      c=(670,413) depth=477.6mm  robot xyz=(nan, nan, nan)mm  tilt=-
21:32:22.130 [INFO ] SAM3: 1 detection(s) for 'box'
21:32:22.133 [DEBUG]   det conf=0.96 sim=0.921 pos=0.42 prox=1.00 -> 0.870
21:32:22.134 [INFO ] SAM3: 'box' score=0.96 @ [563 209 775 619]  (top of 1)  sim=0.921
21:32:22.134 [INFO ] SAM3: mask obtained (score=0.965, area=84149 px)
21:32:22.160 [DEBUG] Grasp point: robust centroid (669, 414)
21:32:22.161 [INFO ] MaskTracker: anchor locked (IoU streak=384, last IoU=0.999)
21:32:22.172 [INFO ] frame=384 state=NEAR      c=(670,413) depth=477.3mm  robot xyz=(nan, nan, nan)mm  tilt=-
21:32:22.415 [INFO ] SAM3: 1 detection(s) for 'box'
21:32:22.418 [DEBUG]   det conf=0.96 sim=0.924 pos=0.42 prox=1.00 -> 0.871
21:32:22.419 [INFO ] SAM3: 'box' score=0.96 @ [563 209 775 619]  (top of 1)  sim=0.924
21:32:22.419 [INFO ] SAM3: mask obtained (score=0.964, area=84152 px)
21:32:22.446 [DEBUG] Grasp point: robust centroid (669, 414)
21:32:22.447 [INFO ] MaskTracker: anchor locked (IoU streak=385, last IoU=0.999)
21:32:22.458 [INFO ] frame=385 state=NEAR      c=(670,413) depth=477.4mm  robot xyz=(nan, nan, nan)mm  tilt=-
21:32:22.701 [INFO ] SAM3: 1 detection(s) for 'box'
21:32:22.703 [DEBUG]   det conf=0.96 sim=0.923 pos=0.42 prox=1.00 -> 0.871
21:32:22.704 [INFO ] SAM3: 'box' score=0.96 @ [563 209 775 619]  (top of 1)  sim=0.923
21:32:22.705 [INFO ] SAM3: mask obtained (score=0.964, area=84193 px)
21:32:22.731 [DEBUG] Grasp point: robust centroid (669, 414)
21:32:22.732 [INFO ] MaskTracker: anchor locked (IoU streak=386, last IoU=0.999)
21:32:22.743 [INFO ] frame=386 state=NEAR      c=(670,413) depth=477.4mm  robot xyz=(nan, nan, nan)mm  tilt=-
21:32:22.988 [INFO ] SAM3: 1 detection(s) for 'box'
21:32:22.990 [DEBUG]   det conf=0.96 sim=0.921 pos=0.42 prox=1.00 -> 0.870
21:32:22.992 [INFO ] SAM3: 'box' score=0.96 @ [563 209 775 619]  (top of 1)  sim=0.921
21:32:22.992 [INFO ] SAM3: mask obtained (score=0.960, area=84166 px)
21:32:23.018 [DEBUG] Grasp point: robust centroid (669, 414)
21:32:23.019 [INFO ] MaskTracker: anchor locked (IoU streak=387, last IoU=0.999)
21:32:23.030 [INFO ] frame=387 state=NEAR      c=(670,413) depth=477.3mm  robot xyz=(nan, nan, nan)mm  tilt=-
21:32:23.278 [INFO ] SAM3: 1 detection(s) for 'box'
21:32:23.281 [DEBUG]   det conf=0.96 sim=0.921 pos=0.42 prox=1.00 -> 0.870
21:32:23.282 [INFO ] SAM3: 'box' score=0.96 @ [563 209 775 619]  (top of 1)  sim=0.921
21:32:23.282 [INFO ] SAM3: mask obtained (score=0.964, area=84142 px)
21:32:23.308 [DEBUG] Grasp point: robust centroid (669, 414)
21:32:23.309 [INFO ] MaskTracker: anchor locked (IoU streak=388, last IoU=0.999)
21:32:23.320 [INFO ] frame=388 state=NEAR      c=(670,413) depth=477.3mm  robot xyz=(nan, nan, nan)mm  tilt=-
21:32:23.565 [INFO ] SAM3: 1 detection(s) for 'box'
21:32:23.568 [DEBUG]   det conf=0.96 sim=0.921 pos=0.42 prox=1.00 -> 0.870
21:32:23.569 [INFO ] SAM3: 'box' score=0.96 @ [563 209 775 619]  (top of 1)  sim=0.921
21:32:23.570 [INFO ] SAM3: mask obtained (score=0.959, area=84175 px)
21:32:23.596 [DEBUG] Grasp point: robust centroid (669, 414)
21:32:23.597 [INFO ] MaskTracker: anchor locked (IoU streak=389, last IoU=0.999)
21:32:23.607 [INFO ] frame=389 state=NEAR      c=(670,413) depth=477.3mm  robot xyz=(nan, nan, nan)mm  tilt=-
21:32:23.852 [INFO ] SAM3: 1 detection(s) for 'box'
21:32:23.854 [DEBUG]   det conf=0.96 sim=0.922 pos=0.42 prox=1.00 -> 0.870
21:32:23.855 [INFO ] SAM3: 'box' score=0.96 @ [563 209 775 619]  (top of 1)  sim=0.922
21:32:23.856 [INFO ] SAM3: mask obtained (score=0.960, area=84147 px)
21:32:23.882 [DEBUG] Grasp point: robust centroid (669, 414)
21:32:23.883 [INFO ] MaskTracker: anchor locked (IoU streak=390, last IoU=0.999)
21:32:23.948 [INFO ] frame=390 state=NEAR      c=(670,413) depth=477.3mm  robot xyz=(nan, nan, nan)mm  tilt=-
21:32:24.192 [INFO ] SAM3: 1 detection(s) for 'box'
21:32:24.194 [DEBUG]   det conf=0.96 sim=0.924 pos=0.42 prox=1.00 -> 0.871
21:32:24.196 [INFO ] SAM3: 'box' score=0.96 @ [563 209 775 619]  (top of 1)  sim=0.924
21:32:24.196 [INFO ] SAM3: mask obtained (score=0.959, area=84185 px)
21:32:24.221 [DEBUG] Grasp point: robust centroid (669, 414)
21:32:24.221 [INFO ] MaskTracker: anchor locked (IoU streak=391, last IoU=0.999)
21:32:24.232 [INFO ] frame=391 state=NEAR      c=(670,413) depth=477.3mm  robot xyz=(nan, nan, nan)mm  tilt=-
21:32:24.481 [INFO ] SAM3: 1 detection(s) for 'box'
21:32:24.483 [DEBUG]   det conf=0.96 sim=0.922 pos=0.42 prox=1.00 -> 0.871
21:32:24.485 [INFO ] SAM3: 'box' score=0.96 @ [563 209 775 619]  (top of 1)  sim=0.922
21:32:24.485 [INFO ] SAM3: mask obtained (score=0.963, area=84170 px)
21:32:24.510 [DEBUG] Grasp point: robust centroid (669, 414)
21:32:24.511 [INFO ] MaskTracker: anchor locked (IoU streak=392, last IoU=0.999)
21:32:24.521 [INFO ] frame=392 state=NEAR      c=(670,413) depth=477.3mm  robot xyz=(nan, nan, nan)mm  tilt=-
21:32:24.766 [INFO ] SAM3: 1 detection(s) for 'box'
21:32:24.768 [DEBUG]   det conf=0.96 sim=0.920 pos=0.42 prox=1.00 -> 0.869
21:32:24.769 [INFO ] SAM3: 'box' score=0.96 @ [563 209 775 619]  (top of 1)  sim=0.920
21:32:24.770 [INFO ] SAM3: mask obtained (score=0.961, area=84137 px)
21:32:24.796 [DEBUG] Grasp point: robust centroid (669, 414)
21:32:24.796 [INFO ] MaskTracker: anchor locked (IoU streak=393, last IoU=0.999)
21:32:24.807 [INFO ] frame=393 state=NEAR      c=(670,413) depth=477.2mm  robot xyz=(nan, nan, nan)mm  tilt=-
21:32:25.053 [INFO ] SAM3: 1 detection(s) for 'box'
21:32:25.055 [DEBUG]   det conf=0.96 sim=0.923 pos=0.42 prox=1.00 -> 0.871
21:32:25.056 [INFO ] SAM3: 'box' score=0.96 @ [563 209 775 619]  (top of 1)  sim=0.923
21:32:25.057 [INFO ] SAM3: mask obtained (score=0.961, area=84162 px)
21:32:25.083 [DEBUG] Grasp point: robust centroid (669, 414)
21:32:25.083 [INFO ] MaskTracker: anchor locked (IoU streak=394, last IoU=0.999)
21:32:25.094 [INFO ] frame=394 state=NEAR      c=(670,413) depth=477.3mm  robot xyz=(nan, nan, nan)mm  tilt=-
21:32:25.333 [INFO ] SAM3: 1 detection(s) for 'box'
21:32:25.335 [DEBUG]   det conf=0.96 sim=0.920 pos=0.42 prox=1.00 -> 0.870
21:32:25.336 [INFO ] SAM3: 'box' score=0.96 @ [563 209 775 619]  (top of 1)  sim=0.920
21:32:25.336 [INFO ] SAM3: mask obtained (score=0.965, area=84132 px)
21:32:25.363 [DEBUG] Grasp point: robust centroid (669, 414)
21:32:25.363 [INFO ] MaskTracker: anchor locked (IoU streak=395, last IoU=0.999)
21:32:25.374 [INFO ] frame=395 state=NEAR      c=(670,413) depth=477.2mm  robot xyz=(nan, nan, nan)mm  tilt=-
21:32:25.615 [INFO ] SAM3: 1 detection(s) for 'box'
21:32:25.618 [DEBUG]   det conf=0.96 sim=0.920 pos=0.42 prox=1.00 -> 0.869
21:32:25.619 [INFO ] SAM3: 'box' score=0.96 @ [563 209 775 619]  (top of 1)  sim=0.920
21:32:25.619 [INFO ] SAM3: mask obtained (score=0.964, area=84148 px)
21:32:25.646 [DEBUG] Grasp point: robust centroid (669, 414)
21:32:25.646 [INFO ] MaskTracker: anchor locked (IoU streak=396, last IoU=0.999)
21:32:25.657 [INFO ] frame=396 state=NEAR      c=(670,413) depth=477.2mm  robot xyz=(nan, nan, nan)mm  tilt=-
21:32:25.897 [INFO ] SAM3: 1 detection(s) for 'box'
21:32:25.900 [DEBUG]   det conf=0.96 sim=0.923 pos=0.42 prox=1.00 -> 0.871
21:32:25.901 [INFO ] SAM3: 'box' score=0.96 @ [563 209 775 619]  (top of 1)  sim=0.923
21:32:25.901 [INFO ] SAM3: mask obtained (score=0.963, area=84154 px)
21:32:25.927 [DEBUG] Grasp point: robust centroid (669, 414)
21:32:25.928 [INFO ] MaskTracker: anchor locked (IoU streak=397, last IoU=0.999)
21:32:25.939 [INFO ] frame=397 state=NEAR      c=(670,413) depth=477.1mm  robot xyz=(nan, nan, nan)mm  tilt=-
21:32:26.186 [INFO ] SAM3: 1 detection(s) for 'box'
21:32:26.188 [DEBUG]   det conf=0.96 sim=0.921 pos=0.42 prox=1.00 -> 0.869
21:32:26.189 [INFO ] SAM3: 'box' score=0.96 @ [563 209 775 619]  (top of 1)  sim=0.921
21:32:26.190 [INFO ] SAM3: mask obtained (score=0.960, area=84149 px)
21:32:26.216 [DEBUG] Grasp point: robust centroid (669, 414)
21:32:26.217 [INFO ] MaskTracker: anchor locked (IoU streak=398, last IoU=0.999)
21:32:26.228 [INFO ] frame=398 state=NEAR      c=(670,413) depth=477.1mm  robot xyz=(nan, nan, nan)mm  tilt=-
21:32:26.472 [INFO ] SAM3: 1 detection(s) for 'box'
21:32:26.474 [DEBUG]   det conf=0.96 sim=0.921 pos=0.42 prox=1.00 -> 0.870
21:32:26.476 [INFO ] SAM3: 'box' score=0.96 @ [563 209 775 619]  (top of 1)  sim=0.921
21:32:26.476 [INFO ] SAM3: mask obtained (score=0.961, area=84144 px)
21:32:26.502 [DEBUG] Grasp point: robust centroid (669, 414)
21:32:26.503 [INFO ] MaskTracker: anchor locked (IoU streak=399, last IoU=0.999)
21:32:26.512 [INFO ] frame=399 state=NEAR      c=(670,413) depth=477.1mm  robot xyz=(nan, nan, nan)mm  tilt=-
21:32:26.758 [INFO ] SAM3: 1 detection(s) for 'box'
21:32:26.761 [DEBUG]   det conf=0.96 sim=0.921 pos=0.42 prox=1.00 -> 0.870
21:32:26.762 [INFO ] SAM3: 'box' score=0.96 @ [563 209 775 619]  (top of 1)  sim=0.921
21:32:26.763 [INFO ] SAM3: mask obtained (score=0.963, area=84159 px)
21:32:26.788 [DEBUG] Grasp point: robust centroid (669, 414)
21:32:26.789 [INFO ] MaskTracker: anchor locked (IoU streak=400, last IoU=0.999)
21:32:26.801 [INFO ] frame=400 state=NEAR      c=(670,413) depth=477.1mm  robot xyz=(nan, nan, nan)mm  tilt=-
21:32:27.051 [INFO ] SAM3: 1 detection(s) for 'box'
21:32:27.053 [DEBUG]   det conf=0.96 sim=0.925 pos=0.42 prox=1.00 -> 0.872
21:32:27.055 [INFO ] SAM3: 'box' score=0.96 @ [563 209 775 619]  (top of 1)  sim=0.925
21:32:27.055 [INFO ] SAM3: mask obtained (score=0.960, area=84134 px)
21:32:27.081 [DEBUG] Grasp point: robust centroid (669, 414)
21:32:27.082 [INFO ] MaskTracker: anchor locked (IoU streak=401, last IoU=0.999)
21:32:27.092 [INFO ] frame=401 state=NEAR      c=(670,413) depth=477.1mm  robot xyz=(nan, nan, nan)mm  tilt=-
21:32:27.337 [INFO ] SAM3: 1 detection(s) for 'box'
21:32:27.339 [DEBUG]   det conf=0.96 sim=0.923 pos=0.42 prox=1.00 -> 0.871
21:32:27.340 [INFO ] SAM3: 'box' score=0.96 @ [563 209 775 619]  (top of 1)  sim=0.923
21:32:27.340 [INFO ] SAM3: mask obtained (score=0.962, area=84150 px)
21:32:27.367 [DEBUG] Grasp point: robust centroid (669, 414)
21:32:27.367 [INFO ] MaskTracker: anchor locked (IoU streak=402, last IoU=0.999)
21:32:27.378 [INFO ] frame=402 state=NEAR      c=(670,413) depth=477.1mm  robot xyz=(nan, nan, nan)mm  tilt=-
21:32:27.625 [INFO ] SAM3: 1 detection(s) for 'box'
21:32:27.628 [DEBUG]   det conf=0.96 sim=0.921 pos=0.42 prox=1.00 -> 0.869
21:32:27.629 [INFO ] SAM3: 'box' score=0.96 @ [563 209 775 619]  (top of 1)  sim=0.921
21:32:27.630 [INFO ] SAM3: mask obtained (score=0.959, area=84149 px)
21:32:27.655 [DEBUG] Grasp point: robust centroid (669, 414)
21:32:27.655 [INFO ] MaskTracker: anchor locked (IoU streak=403, last IoU=0.999)
21:32:27.666 [INFO ] frame=403 state=NEAR      c=(670,413) depth=477.1mm  robot xyz=(nan, nan, nan)mm  tilt=-
21:32:27.910 [INFO ] SAM3: 1 detection(s) for 'box'
21:32:27.912 [DEBUG]   det conf=0.96 sim=0.920 pos=0.42 prox=1.00 -> 0.869
21:32:27.914 [INFO ] SAM3: 'box' score=0.96 @ [563 209 775 619]  (top of 1)  sim=0.920
21:32:27.914 [INFO ] SAM3: mask obtained (score=0.961, area=84158 px)
21:32:27.940 [DEBUG] Grasp point: robust centroid (669, 414)
21:32:27.940 [INFO ] MaskTracker: anchor locked (IoU streak=404, last IoU=0.999)
21:32:27.951 [INFO ] frame=404 state=NEAR      c=(670,413) depth=477.1mm  robot xyz=(nan, nan, nan)mm  tilt=-
21:32:28.197 [INFO ] SAM3: 1 detection(s) for 'box'
21:32:28.199 [DEBUG]   det conf=0.96 sim=0.923 pos=0.42 prox=1.00 -> 0.871
21:32:28.201 [INFO ] SAM3: 'box' score=0.96 @ [563 209 775 619]  (top of 1)  sim=0.923
21:32:28.201 [INFO ] SAM3: mask obtained (score=0.962, area=84197 px)
21:32:28.226 [DEBUG] Grasp point: robust centroid (669, 414)
21:32:28.227 [INFO ] MaskTracker: anchor locked (IoU streak=405, last IoU=0.999)
21:32:28.237 [INFO ] frame=405 state=NEAR      c=(670,413) depth=477.4mm  robot xyz=(nan, nan, nan)mm  tilt=-
21:32:28.484 [INFO ] SAM3: 1 detection(s) for 'box'
21:32:28.486 [DEBUG]   det conf=0.96 sim=0.920 pos=0.42 prox=1.00 -> 0.869
21:32:28.488 [INFO ] SAM3: 'box' score=0.96 @ [563 209 775 619]  (top of 1)  sim=0.920
21:32:28.488 [INFO ] SAM3: mask obtained (score=0.963, area=84132 px)
21:32:28.514 [DEBUG] Grasp point: robust centroid (669, 414)
21:32:28.515 [INFO ] MaskTracker: anchor locked (IoU streak=406, last IoU=0.999)
21:32:28.525 [INFO ] frame=406 state=NEAR      c=(670,413) depth=477.1mm  robot xyz=(nan, nan, nan)mm  tilt=-
21:32:28.768 [INFO ] SAM3: 1 detection(s) for 'box'
21:32:28.771 [DEBUG]   det conf=0.96 sim=0.920 pos=0.42 prox=1.00 -> 0.869
21:32:28.772 [INFO ] SAM3: 'box' score=0.96 @ [563 209 775 619]  (top of 1)  sim=0.920
21:32:28.772 [INFO ] SAM3: mask obtained (score=0.960, area=84173 px)
21:32:28.799 [DEBUG] Grasp point: robust centroid (669, 414)
21:32:28.800 [INFO ] MaskTracker: anchor locked (IoU streak=407, last IoU=0.999)
21:32:28.811 [INFO ] frame=407 state=NEAR      c=(670,413) depth=477.3mm  robot xyz=(nan, nan, nan)mm  tilt=-
21:32:29.059 [INFO ] SAM3: 1 detection(s) for 'box'
21:32:29.061 [DEBUG]   det conf=0.96 sim=0.923 pos=0.42 prox=1.00 -> 0.870
21:32:29.063 [INFO ] SAM3: 'box' score=0.96 @ [563 209 775 619]  (top of 1)  sim=0.923
21:32:29.063 [INFO ] SAM3: mask obtained (score=0.957, area=84148 px)
21:32:29.089 [DEBUG] Grasp point: robust centroid (669, 414)
21:32:29.089 [INFO ] MaskTracker: anchor locked (IoU streak=408, last IoU=0.999)
21:32:29.101 [INFO ] frame=408 state=NEAR      c=(670,413) depth=477.2mm  robot xyz=(nan, nan, nan)mm  tilt=-
21:32:29.346 [INFO ] SAM3: 1 detection(s) for 'box'
21:32:29.349 [DEBUG]   det conf=0.96 sim=0.921 pos=0.42 prox=1.00 -> 0.870
21:32:29.350 [INFO ] SAM3: 'box' score=0.96 @ [563 209 775 619]  (top of 1)  sim=0.921
21:32:29.350 [INFO ] SAM3: mask obtained (score=0.962, area=84130 px)
21:32:29.376 [DEBUG] Grasp point: robust centroid (669, 414)
21:32:29.376 [INFO ] MaskTracker: anchor locked (IoU streak=409, last IoU=0.999)
21:32:29.387 [INFO ] frame=409 state=NEAR      c=(670,413) depth=477.1mm  robot xyz=(nan, nan, nan)mm  tilt=-
21:32:29.627 [INFO ] SAM3: 1 detection(s) for 'box'
21:32:29.630 [DEBUG]   det conf=0.96 sim=0.922 pos=0.42 prox=1.00 -> 0.871
21:32:29.631 [INFO ] SAM3: 'box' score=0.96 @ [563 209 775 619]  (top of 1)  sim=0.922
21:32:29.631 [INFO ] SAM3: mask obtained (score=0.964, area=84152 px)
21:32:29.657 [DEBUG] Grasp point: robust centroid (669, 414)
21:32:29.657 [INFO ] MaskTracker: anchor locked (IoU streak=410, last IoU=0.999)
21:32:29.669 [INFO ] frame=410 state=NEAR      c=(670,413) depth=477.2mm  robot xyz=(nan, nan, nan)mm  tilt=-
21:32:29.913 [INFO ] SAM3: 1 detection(s) for 'box'
21:32:29.915 [DEBUG]   det conf=0.96 sim=0.923 pos=0.42 prox=1.00 -> 0.871
21:32:29.917 [INFO ] SAM3: 'box' score=0.96 @ [563 209 775 619]  (top of 1)  sim=0.923
21:32:29.917 [INFO ] SAM3: mask obtained (score=0.961, area=84127 px)
21:32:29.944 [DEBUG] Grasp point: robust centroid (670, 414)
21:32:29.944 [INFO ] MaskTracker: anchor locked (IoU streak=411, last IoU=0.999)
21:32:29.955 [INFO ] frame=411 state=NEAR      c=(670,413) depth=477.1mm  robot xyz=(nan, nan, nan)mm  tilt=-
21:32:30.202 [INFO ] SAM3: 1 detection(s) for 'box'
21:32:30.204 [DEBUG]   det conf=0.96 sim=0.921 pos=0.42 prox=1.00 -> 0.870
21:32:30.206 [INFO ] SAM3: 'box' score=0.96 @ [563 209 775 619]  (top of 1)  sim=0.921
21:32:30.206 [INFO ] SAM3: mask obtained (score=0.963, area=84136 px)
21:32:30.233 [DEBUG] Grasp point: robust centroid (669, 414)
21:32:30.233 [INFO ] MaskTracker: anchor locked (IoU streak=412, last IoU=0.999)
21:32:30.244 [INFO ] frame=412 state=NEAR      c=(670,413) depth=477.2mm  robot xyz=(nan, nan, nan)mm  tilt=-
21:32:30.495 [INFO ] SAM3: 1 detection(s) for 'box'
21:32:30.497 [DEBUG]   det conf=0.96 sim=0.922 pos=0.42 prox=1.00 -> 0.870
21:32:30.499 [INFO ] SAM3: 'box' score=0.96 @ [563 209 775 619]  (top of 1)  sim=0.922
21:32:30.499 [INFO ] SAM3: mask obtained (score=0.962, area=84180 px)
21:32:30.525 [DEBUG] Grasp point: robust centroid (669, 414)
21:32:30.526 [INFO ] MaskTracker: anchor locked (IoU streak=413, last IoU=0.999)
21:32:30.536 [INFO ] frame=413 state=NEAR      c=(670,413) depth=477.2mm  robot xyz=(nan, nan, nan)mm  tilt=-
21:32:30.782 [INFO ] SAM3: 1 detection(s) for 'box'
21:32:30.785 [DEBUG]   det conf=0.96 sim=0.922 pos=0.42 prox=1.00 -> 0.870
21:32:30.787 [INFO ] SAM3: 'box' score=0.96 @ [563 209 775 619]  (top of 1)  sim=0.922
21:32:30.787 [INFO ] SAM3: mask obtained (score=0.964, area=84186 px)
21:32:30.813 [DEBUG] Grasp point: robust centroid (669, 414)
21:32:30.814 [INFO ] MaskTracker: anchor locked (IoU streak=414, last IoU=0.999)
21:32:30.824 [INFO ] frame=414 state=NEAR      c=(670,413) depth=477.3mm  robot xyz=(nan, nan, nan)mm  tilt=-
21:32:31.069 [INFO ] SAM3: 1 detection(s) for 'box'
21:32:31.071 [DEBUG]   det conf=0.96 sim=0.921 pos=0.42 prox=1.00 -> 0.870
21:32:31.073 [INFO ] SAM3: 'box' score=0.96 @ [563 209 775 619]  (top of 1)  sim=0.921
21:32:31.073 [INFO ] SAM3: mask obtained (score=0.961, area=84129 px)
21:32:31.100 [DEBUG] Grasp point: robust centroid (670, 414)
21:32:31.101 [INFO ] MaskTracker: anchor locked (IoU streak=415, last IoU=0.999)
21:32:31.112 [INFO ] frame=415 state=NEAR      c=(670,413) depth=477.3mm  robot xyz=(nan, nan, nan)mm  tilt=-
21:32:31.357 [INFO ] SAM3: 1 detection(s) for 'box'
21:32:31.360 [DEBUG]   det conf=0.96 sim=0.923 pos=0.42 prox=1.00 -> 0.871
21:32:31.362 [INFO ] SAM3: 'box' score=0.96 @ [563 209 775 619]  (top of 1)  sim=0.923
21:32:31.362 [INFO ] SAM3: mask obtained (score=0.963, area=84178 px)
21:32:31.387 [DEBUG] Grasp point: robust centroid (669, 414)
21:32:31.388 [INFO ] MaskTracker: anchor locked (IoU streak=416, last IoU=0.999)
21:32:31.399 [INFO ] frame=416 state=NEAR      c=(670,413) depth=477.2mm  robot xyz=(nan, nan, nan)mm  tilt=-
21:32:31.640 [INFO ] SAM3: 1 detection(s) for 'box'
21:32:31.642 [DEBUG]   det conf=0.96 sim=0.922 pos=0.42 prox=1.00 -> 0.870
21:32:31.645 [INFO ] SAM3: 'box' score=0.96 @ [563 209 775 619]  (top of 1)  sim=0.922
21:32:31.645 [INFO ] SAM3: mask obtained (score=0.957, area=84157 px)
21:32:31.671 [DEBUG] Grasp point: robust centroid (669, 414)
21:32:31.671 [INFO ] MaskTracker: anchor locked (IoU streak=417, last IoU=0.999)
21:32:31.682 [INFO ] frame=417 state=NEAR      c=(670,413) depth=477.3mm  robot xyz=(nan, nan, nan)mm  tilt=-
21:32:31.926 [INFO ] SAM3: 1 detection(s) for 'box'
21:32:31.928 [DEBUG]   det conf=0.96 sim=0.920 pos=0.42 prox=1.00 -> 0.869
21:32:31.930 [INFO ] SAM3: 'box' score=0.96 @ [563 209 775 619]  (top of 1)  sim=0.920
21:32:31.930 [INFO ] SAM3: mask obtained (score=0.961, area=84122 px)
21:32:31.956 [DEBUG] Grasp point: robust centroid (669, 414)
21:32:31.957 [INFO ] MaskTracker: anchor locked (IoU streak=418, last IoU=0.999)
21:32:31.968 [INFO ] frame=418 state=NEAR      c=(670,413) depth=477.2mm  robot xyz=(nan, nan, nan)mm  tilt=-
21:32:32.207 [INFO ] SAM3: 1 detection(s) for 'box'
21:32:32.209 [DEBUG]   det conf=0.96 sim=0.920 pos=0.42 prox=1.00 -> 0.869
21:32:32.211 [INFO ] SAM3: 'box' score=0.96 @ [563 209 775 619]  (top of 1)  sim=0.920
21:32:32.211 [INFO ] SAM3: mask obtained (score=0.959, area=84127 px)
21:32:32.237 [DEBUG] Grasp point: robust centroid (669, 414)
21:32:32.237 [INFO ] MaskTracker: anchor locked (IoU streak=419, last IoU=0.999)
21:32:32.248 [INFO ] frame=419 state=NEAR      c=(670,413) depth=477.2mm  robot xyz=(nan, nan, nan)mm  tilt=-
21:32:32.494 [INFO ] SAM3: 1 detection(s) for 'box'
21:32:32.496 [DEBUG]   det conf=0.97 sim=0.922 pos=0.42 prox=1.00 -> 0.870
21:32:32.497 [INFO ] SAM3: 'box' score=0.97 @ [563 209 775 619]  (top of 1)  sim=0.922
21:32:32.497 [INFO ] SAM3: mask obtained (score=0.965, area=84144 px)
21:32:32.522 [DEBUG] Grasp point: robust centroid (669, 414)
21:32:32.523 [INFO ] MaskTracker: anchor locked (IoU streak=420, last IoU=0.999)
21:32:32.588 [INFO ] frame=420 state=NEAR      c=(670,413) depth=477.1mm  robot xyz=(nan, nan, nan)mm  tilt=-
21:32:32.834 [INFO ] SAM3: 1 detection(s) for 'box'
21:32:32.836 [DEBUG]   det conf=0.96 sim=0.922 pos=0.42 prox=1.00 -> 0.870
21:32:32.838 [INFO ] SAM3: 'box' score=0.96 @ [563 209 775 619]  (top of 1)  sim=0.922
21:32:32.838 [INFO ] SAM3: mask obtained (score=0.962, area=84156 px)
21:32:32.865 [DEBUG] Grasp point: robust centroid (669, 414)
21:32:32.865 [INFO ] MaskTracker: anchor locked (IoU streak=421, last IoU=0.999)
21:32:32.876 [INFO ] frame=421 state=NEAR      c=(670,413) depth=477.2mm  robot xyz=(nan, nan, nan)mm  tilt=-
21:32:33.121 [INFO ] SAM3: 1 detection(s) for 'box'
21:32:33.123 [DEBUG]   det conf=0.97 sim=0.923 pos=0.42 prox=1.00 -> 0.871
21:32:33.125 [INFO ] SAM3: 'box' score=0.97 @ [563 209 775 619]  (top of 1)  sim=0.923
21:32:33.125 [INFO ] SAM3: mask obtained (score=0.965, area=84143 px)
21:32:33.151 [DEBUG] Grasp point: robust centroid (669, 414)
21:32:33.152 [INFO ] MaskTracker: anchor locked (IoU streak=422, last IoU=0.999)
21:32:33.163 [INFO ] frame=422 state=NEAR      c=(670,413) depth=477.2mm  robot xyz=(nan, nan, nan)mm  tilt=-
21:32:33.407 [INFO ] SAM3: 1 detection(s) for 'box'
21:32:33.409 [DEBUG]   det conf=0.96 sim=0.921 pos=0.42 prox=1.00 -> 0.870
21:32:33.411 [INFO ] SAM3: 'box' score=0.96 @ [563 209 775 619]  (top of 1)  sim=0.921
21:32:33.411 [INFO ] SAM3: mask obtained (score=0.965, area=84142 px)
21:32:33.437 [DEBUG] Grasp point: robust centroid (669, 414)
21:32:33.437 [INFO ] MaskTracker: anchor locked (IoU streak=423, last IoU=0.999)
21:32:33.448 [INFO ] frame=423 state=NEAR      c=(670,413) depth=477.2mm  robot xyz=(nan, nan, nan)mm  tilt=-
21:32:33.695 [INFO ] SAM3: 1 detection(s) for 'box'
21:32:33.697 [DEBUG]   det conf=0.96 sim=0.923 pos=0.42 prox=1.00 -> 0.870
21:32:33.699 [INFO ] SAM3: 'box' score=0.96 @ [563 209 775 619]  (top of 1)  sim=0.923
21:32:33.699 [INFO ] SAM3: mask obtained (score=0.959, area=84137 px)
21:32:33.725 [DEBUG] Grasp point: robust centroid (669, 414)
21:32:33.726 [INFO ] MaskTracker: anchor locked (IoU streak=424, last IoU=0.999)
21:32:33.736 [INFO ] frame=424 state=NEAR      c=(670,413) depth=477.3mm  robot xyz=(nan, nan, nan)mm  tilt=-
21:32:33.982 [INFO ] SAM3: 1 detection(s) for 'box'
21:32:33.984 [DEBUG]   det conf=0.96 sim=0.920 pos=0.42 prox=1.00 -> 0.869
21:32:33.985 [INFO ] SAM3: 'box' score=0.96 @ [563 209 775 619]  (top of 1)  sim=0.920
21:32:33.986 [INFO ] SAM3: mask obtained (score=0.960, area=84143 px)
21:32:34.012 [DEBUG] Grasp point: robust centroid (669, 414)
21:32:34.012 [INFO ] MaskTracker: anchor locked (IoU streak=425, last IoU=0.999)
21:32:34.023 [INFO ] frame=425 state=NEAR      c=(670,413) depth=477.2mm  robot xyz=(nan, nan, nan)mm  tilt=-
21:32:34.267 [INFO ] SAM3: 1 detection(s) for 'box'
21:32:34.269 [DEBUG]   det conf=0.96 sim=0.921 pos=0.42 prox=1.00 -> 0.870
21:32:34.271 [INFO ] SAM3: 'box' score=0.96 @ [563 209 775 619]  (top of 1)  sim=0.921
21:32:34.271 [INFO ] SAM3: mask obtained (score=0.964, area=84154 px)
21:32:34.298 [DEBUG] Grasp point: robust centroid (669, 414)
21:32:34.298 [INFO ] MaskTracker: anchor locked (IoU streak=426, last IoU=0.999)
21:32:34.308 [INFO ] frame=426 state=NEAR      c=(670,413) depth=477.1mm  robot xyz=(nan, nan, nan)mm  tilt=-
21:32:34.550 [INFO ] SAM3: 1 detection(s) for 'box'
21:32:34.552 [DEBUG]   det conf=0.96 sim=0.920 pos=0.42 prox=1.00 -> 0.870
21:32:34.554 [INFO ] SAM3: 'box' score=0.96 @ [563 209 775 619]  (top of 1)  sim=0.920
21:32:34.554 [INFO ] SAM3: mask obtained (score=0.963, area=84158 px)
21:32:34.580 [DEBUG] Grasp point: robust centroid (669, 414)
21:32:34.580 [INFO ] MaskTracker: anchor locked (IoU streak=427, last IoU=0.999)
21:32:34.591 [INFO ] frame=427 state=NEAR      c=(670,413) depth=477.1mm  robot xyz=(nan, nan, nan)mm  tilt=-
21:32:34.835 [INFO ] SAM3: 1 detection(s) for 'box'
21:32:34.838 [DEBUG]   det conf=0.96 sim=0.922 pos=0.42 prox=1.00 -> 0.870
21:32:34.839 [INFO ] SAM3: 'box' score=0.96 @ [563 209 775 619]  (top of 1)  sim=0.922
21:32:34.839 [INFO ] SAM3: mask obtained (score=0.961, area=84146 px)
21:32:34.866 [DEBUG] Grasp point: robust centroid (669, 414)
21:32:34.866 [INFO ] MaskTracker: anchor locked (IoU streak=428, last IoU=0.999)
21:32:34.877 [INFO ] frame=428 state=NEAR      c=(670,413) depth=477.2mm  robot xyz=(nan, nan, nan)mm  tilt=-
21:32:35.121 [INFO ] SAM3: 1 detection(s) for 'box'
21:32:35.123 [DEBUG]   det conf=0.96 sim=0.920 pos=0.42 prox=1.00 -> 0.870
21:32:35.125 [INFO ] SAM3: 'box' score=0.96 @ [563 209 775 619]  (top of 1)  sim=0.920
21:32:35.125 [INFO ] SAM3: mask obtained (score=0.965, area=84140 px)
21:32:35.151 [DEBUG] Grasp point: robust centroid (669, 414)
21:32:35.152 [INFO ] MaskTracker: anchor locked (IoU streak=429, last IoU=0.999)
21:32:35.163 [INFO ] frame=429 state=NEAR      c=(670,413) depth=477.2mm  robot xyz=(nan, nan, nan)mm  tilt=-
21:32:35.404 [INFO ] SAM3: 1 detection(s) for 'box'
21:32:35.406 [DEBUG]   det conf=0.97 sim=0.922 pos=0.42 prox=1.00 -> 0.871
21:32:35.408 [INFO ] SAM3: 'box' score=0.97 @ [563 209 775 619]  (top of 1)  sim=0.922
21:32:35.408 [INFO ] SAM3: mask obtained (score=0.966, area=84137 px)
21:32:35.434 [DEBUG] Grasp point: robust centroid (669, 414)
21:32:35.435 [INFO ] MaskTracker: anchor locked (IoU streak=430, last IoU=0.999)
21:32:35.446 [INFO ] frame=430 state=NEAR      c=(670,413) depth=477.2mm  robot xyz=(nan, nan, nan)mm  tilt=-
21:32:35.693 [INFO ] SAM3: 1 detection(s) for 'box'
21:32:35.695 [DEBUG]   det conf=0.96 sim=0.919 pos=0.42 prox=1.00 -> 0.869
21:32:35.697 [INFO ] SAM3: 'box' score=0.96 @ [563 209 775 619]  (top of 1)  sim=0.919
21:32:35.697 [INFO ] SAM3: mask obtained (score=0.962, area=84132 px)
21:32:35.723 [DEBUG] Grasp point: robust centroid (669, 414)
21:32:35.723 [INFO ] MaskTracker: anchor locked (IoU streak=431, last IoU=0.999)
21:32:35.734 [INFO ] frame=431 state=NEAR      c=(670,413) depth=477.2mm  robot xyz=(nan, nan, nan)mm  tilt=-
21:32:35.980 [INFO ] SAM3: 1 detection(s) for 'box'
21:32:35.982 [DEBUG]   det conf=0.96 sim=0.923 pos=0.42 prox=1.00 -> 0.871
21:32:35.984 [INFO ] SAM3: 'box' score=0.96 @ [563 209 775 619]  (top of 1)  sim=0.923
21:32:35.984 [INFO ] SAM3: mask obtained (score=0.962, area=84126 px)
21:32:36.010 [DEBUG] Grasp point: robust centroid (669, 414)
21:32:36.010 [INFO ] MaskTracker: anchor locked (IoU streak=432, last IoU=0.999)
21:32:36.021 [INFO ] frame=432 state=NEAR      c=(670,413) depth=477.2mm  robot xyz=(nan, nan, nan)mm  tilt=-
21:32:36.268 [INFO ] SAM3: 1 detection(s) for 'box'
21:32:36.270 [DEBUG]   det conf=0.96 sim=0.921 pos=0.42 prox=1.00 -> 0.870
21:32:36.272 [INFO ] SAM3: 'box' score=0.96 @ [563 209 775 619]  (top of 1)  sim=0.921
21:32:36.272 [INFO ] SAM3: mask obtained (score=0.962, area=84148 px)
21:32:36.300 [DEBUG] Grasp point: robust centroid (669, 414)
21:32:36.300 [INFO ] MaskTracker: anchor locked (IoU streak=433, last IoU=0.999)
21:32:36.312 [INFO ] frame=433 state=NEAR      c=(670,413) depth=477.2mm  robot xyz=(nan, nan, nan)mm  tilt=-
21:32:36.552 [INFO ] SAM3: 1 detection(s) for 'box'
21:32:36.554 [DEBUG]   det conf=0.96 sim=0.922 pos=0.42 prox=1.00 -> 0.870
21:32:36.556 [INFO ] SAM3: 'box' score=0.96 @ [563 209 775 619]  (top of 1)  sim=0.922
21:32:36.557 [INFO ] SAM3: mask obtained (score=0.961, area=84149 px)
21:32:36.582 [DEBUG] Grasp point: robust centroid (669, 414)
21:32:36.583 [INFO ] MaskTracker: anchor locked (IoU streak=434, last IoU=0.999)
21:32:36.594 [INFO ] frame=434 state=NEAR      c=(670,413) depth=477.2mm  robot xyz=(nan, nan, nan)mm  tilt=-
21:32:36.837 [INFO ] SAM3: 1 detection(s) for 'box'
21:32:36.839 [DEBUG]   det conf=0.97 sim=0.921 pos=0.42 prox=1.00 -> 0.870
21:32:36.841 [INFO ] SAM3: 'box' score=0.97 @ [563 209 775 619]  (top of 1)  sim=0.921
21:32:36.841 [INFO ] SAM3: mask obtained (score=0.966, area=84161 px)
21:32:36.868 [DEBUG] Grasp point: robust centroid (669, 414)
21:32:36.869 [INFO ] MaskTracker: anchor locked (IoU streak=435, last IoU=0.999)
21:32:36.879 [INFO ] frame=435 state=NEAR      c=(670,413) depth=477.3mm  robot xyz=(nan, nan, nan)mm  tilt=-
21:32:37.124 [INFO ] SAM3: 1 detection(s) for 'box'
21:32:37.126 [DEBUG]   det conf=0.96 sim=0.921 pos=0.42 prox=1.00 -> 0.869
21:32:37.128 [INFO ] SAM3: 'box' score=0.96 @ [563 209 775 619]  (top of 1)  sim=0.921
21:32:37.128 [INFO ] SAM3: mask obtained (score=0.960, area=84140 px)
21:32:37.153 [DEBUG] Grasp point: robust centroid (669, 414)
21:32:37.154 [INFO ] MaskTracker: anchor locked (IoU streak=436, last IoU=0.999)
21:32:37.164 [INFO ] frame=436 state=NEAR      c=(670,413) depth=477.3mm  robot xyz=(nan, nan, nan)mm  tilt=-
21:32:37.405 [INFO ] SAM3: 1 detection(s) for 'box'
21:32:37.407 [DEBUG]   det conf=0.96 sim=0.921 pos=0.42 prox=1.00 -> 0.870
21:32:37.409 [INFO ] SAM3: 'box' score=0.96 @ [563 209 775 619]  (top of 1)  sim=0.921
21:32:37.410 [INFO ] SAM3: mask obtained (score=0.963, area=84168 px)
21:32:37.436 [DEBUG] Grasp point: robust centroid (669, 414)
21:32:37.436 [INFO ] MaskTracker: anchor locked (IoU streak=437, last IoU=0.999)
21:32:37.447 [INFO ] frame=437 state=NEAR      c=(670,413) depth=477.3mm  robot xyz=(nan, nan, nan)mm  tilt=-
21:32:37.696 [INFO ] SAM3: 1 detection(s) for 'box'
21:32:37.698 [DEBUG]   det conf=0.96 sim=0.921 pos=0.42 prox=1.00 -> 0.870
21:32:37.700 [INFO ] SAM3: 'box' score=0.96 @ [563 209 775 619]  (top of 1)  sim=0.921
21:32:37.700 [INFO ] SAM3: mask obtained (score=0.963, area=84174 px)
21:32:37.726 [DEBUG] Grasp point: robust centroid (669, 414)
21:32:37.726 [INFO ] MaskTracker: anchor locked (IoU streak=438, last IoU=0.999)
21:32:37.737 [INFO ] frame=438 state=NEAR      c=(670,413) depth=477.4mm  robot xyz=(nan, nan, nan)mm  tilt=-
21:32:37.982 [INFO ] SAM3: 1 detection(s) for 'box'
21:32:37.985 [DEBUG]   det conf=0.96 sim=0.923 pos=0.42 prox=1.00 -> 0.871
21:32:37.986 [INFO ] SAM3: 'box' score=0.96 @ [563 209 775 619]  (top of 1)  sim=0.923
21:32:37.986 [INFO ] SAM3: mask obtained (score=0.959, area=84171 px)
21:32:38.013 [DEBUG] Grasp point: robust centroid (669, 414)
21:32:38.013 [INFO ] MaskTracker: anchor locked (IoU streak=439, last IoU=0.999)
21:32:38.024 [INFO ] frame=439 state=NEAR      c=(670,413) depth=477.2mm  robot xyz=(nan, nan, nan)mm  tilt=-
21:32:38.267 [INFO ] SAM3: 1 detection(s) for 'box'
21:32:38.270 [DEBUG]   det conf=0.96 sim=0.922 pos=0.42 prox=1.00 -> 0.871
21:32:38.271 [INFO ] SAM3: 'box' score=0.96 @ [563 209 775 619]  (top of 1)  sim=0.922
21:32:38.272 [INFO ] SAM3: mask obtained (score=0.964, area=84143 px)
21:32:38.299 [DEBUG] Grasp point: robust centroid (669, 414)
21:32:38.299 [INFO ] MaskTracker: anchor locked (IoU streak=440, last IoU=0.999)
21:32:38.309 [INFO ] frame=440 state=NEAR      c=(670,413) depth=477.5mm  robot xyz=(nan, nan, nan)mm  tilt=-
21:32:38.553 [INFO ] SAM3: 1 detection(s) for 'box'
21:32:38.556 [DEBUG]   det conf=0.96 sim=0.920 pos=0.42 prox=1.00 -> 0.869
21:32:38.557 [INFO ] SAM3: 'box' score=0.96 @ [563 209 775 619]  (top of 1)  sim=0.920
21:32:38.558 [INFO ] SAM3: mask obtained (score=0.961, area=84161 px)
21:32:38.584 [DEBUG] Grasp point: robust centroid (669, 414)
21:32:38.584 [INFO ] MaskTracker: anchor locked (IoU streak=441, last IoU=0.999)
21:32:38.595 [INFO ] frame=441 state=NEAR      c=(670,413) depth=477.3mm  robot xyz=(nan, nan, nan)mm  tilt=-
21:32:38.841 [INFO ] SAM3: 1 detection(s) for 'box'
21:32:38.843 [DEBUG]   det conf=0.97 sim=0.921 pos=0.42 prox=1.00 -> 0.870
21:32:38.845 [INFO ] SAM3: 'box' score=0.97 @ [563 209 775 619]  (top of 1)  sim=0.921
21:32:38.845 [INFO ] SAM3: mask obtained (score=0.967, area=84163 px)
21:32:38.871 [DEBUG] Grasp point: robust centroid (669, 414)
21:32:38.871 [INFO ] MaskTracker: anchor locked (IoU streak=442, last IoU=0.999)
21:32:38.881 [INFO ] frame=442 state=NEAR      c=(670,413) depth=477.4mm  robot xyz=(nan, nan, nan)mm  tilt=-
21:32:39.128 [INFO ] SAM3: 1 detection(s) for 'box'
21:32:39.130 [DEBUG]   det conf=0.96 sim=0.924 pos=0.42 prox=1.00 -> 0.871
21:32:39.131 [INFO ] SAM3: 'box' score=0.96 @ [563 209 775 619]  (top of 1)  sim=0.924
21:32:39.132 [INFO ] SAM3: mask obtained (score=0.963, area=84087 px)
21:32:39.157 [DEBUG] Grasp point: robust centroid (669, 414)
21:32:39.158 [INFO ] MaskTracker: anchor locked (IoU streak=443, last IoU=0.999)
21:32:39.168 [INFO ] frame=443 state=NEAR      c=(670,413) depth=477.3mm  robot xyz=(nan, nan, nan)mm  tilt=-
21:32:39.415 [INFO ] SAM3: 1 detection(s) for 'box'
21:32:39.418 [DEBUG]   det conf=0.96 sim=0.922 pos=0.42 prox=1.00 -> 0.870
21:32:39.419 [INFO ] SAM3: 'box' score=0.96 @ [563 209 775 619]  (top of 1)  sim=0.922
21:32:39.419 [INFO ] SAM3: mask obtained (score=0.961, area=84139 px)
21:32:39.446 [DEBUG] Grasp point: robust centroid (669, 414)
21:32:39.446 [INFO ] MaskTracker: anchor locked (IoU streak=444, last IoU=0.999)
21:32:39.457 [INFO ] frame=444 state=NEAR      c=(670,413) depth=477.3mm  robot xyz=(nan, nan, nan)mm  tilt=-
21:32:39.704 [INFO ] SAM3: 1 detection(s) for 'box'
21:32:39.706 [DEBUG]   det conf=0.96 sim=0.922 pos=0.42 prox=1.00 -> 0.871
21:32:39.708 [INFO ] SAM3: 'box' score=0.96 @ [563 209 775 619]  (top of 1)  sim=0.922
21:32:39.708 [INFO ] SAM3: mask obtained (score=0.964, area=84153 px)
21:32:39.735 [DEBUG] Grasp point: robust centroid (669, 414)
21:32:39.735 [INFO ] MaskTracker: anchor locked (IoU streak=445, last IoU=0.999)
21:32:39.746 [INFO ] frame=445 state=NEAR      c=(670,413) depth=477.3mm  robot xyz=(nan, nan, nan)mm  tilt=-
21:32:39.991 [INFO ] SAM3: 1 detection(s) for 'box'
21:32:39.993 [DEBUG]   det conf=0.96 sim=0.921 pos=0.42 prox=1.00 -> 0.870
21:32:39.995 [INFO ] SAM3: 'box' score=0.96 @ [563 209 775 619]  (top of 1)  sim=0.921
21:32:39.995 [INFO ] SAM3: mask obtained (score=0.960, area=84132 px)
21:32:40.021 [DEBUG] Grasp point: robust centroid (669, 414)
21:32:40.021 [INFO ] MaskTracker: anchor locked (IoU streak=446, last IoU=0.999)
21:32:40.032 [INFO ] frame=446 state=NEAR      c=(670,413) depth=477.3mm  robot xyz=(nan, nan, nan)mm  tilt=-
21:32:40.279 [INFO ] SAM3: 1 detection(s) for 'box'
21:32:40.282 [DEBUG]   det conf=0.96 sim=0.919 pos=0.42 prox=1.00 -> 0.869
21:32:40.284 [INFO ] SAM3: 'box' score=0.96 @ [563 209 775 619]  (top of 1)  sim=0.919
21:32:40.284 [INFO ] SAM3: mask obtained (score=0.962, area=84178 px)
21:32:40.309 [DEBUG] Grasp point: robust centroid (669, 414)
21:32:40.310 [INFO ] MaskTracker: anchor locked (IoU streak=447, last IoU=0.999)
21:32:40.321 [INFO ] frame=447 state=NEAR      c=(670,413) depth=477.2mm  robot xyz=(nan, nan, nan)mm  tilt=-
21:32:40.567 [INFO ] SAM3: 1 detection(s) for 'box'
21:32:40.569 [DEBUG]   det conf=0.96 sim=0.922 pos=0.42 prox=1.00 -> 0.870
21:32:40.570 [INFO ] SAM3: 'box' score=0.96 @ [563 209 775 619]  (top of 1)  sim=0.922
21:32:40.571 [INFO ] SAM3: mask obtained (score=0.962, area=84133 px)
21:32:40.597 [DEBUG] Grasp point: robust centroid (669, 414)
21:32:40.597 [INFO ] MaskTracker: anchor locked (IoU streak=448, last IoU=0.999)
21:32:40.608 [INFO ] frame=448 state=NEAR      c=(670,413) depth=477.3mm  robot xyz=(nan, nan, nan)mm  tilt=-
21:32:40.854 [INFO ] SAM3: 1 detection(s) for 'box'
21:32:40.856 [DEBUG]   det conf=0.96 sim=0.921 pos=0.42 prox=1.00 -> 0.870
21:32:40.859 [INFO ] SAM3: 'box' score=0.96 @ [563 209 775 619]  (top of 1)  sim=0.921
21:32:40.859 [INFO ] SAM3: mask obtained (score=0.964, area=84156 px)
21:32:40.885 [DEBUG] Grasp point: robust centroid (669, 414)
21:32:40.886 [INFO ] MaskTracker: anchor locked (IoU streak=449, last IoU=0.999)
21:32:40.897 [INFO ] frame=449 state=NEAR      c=(670,413) depth=477.3mm  robot xyz=(nan, nan, nan)mm  tilt=-
21:32:41.137 [INFO ] SAM3: 1 detection(s) for 'box'
21:32:41.139 [DEBUG]   det conf=0.96 sim=0.922 pos=0.42 prox=1.00 -> 0.870
21:32:41.140 [INFO ] SAM3: 'box' score=0.96 @ [563 209 775 619]  (top of 1)  sim=0.922
21:32:41.141 [INFO ] SAM3: mask obtained (score=0.960, area=84161 px)
21:32:41.167 [DEBUG] Grasp point: robust centroid (669, 414)
21:32:41.168 [INFO ] MaskTracker: anchor locked (IoU streak=450, last IoU=0.999)
21:32:41.233 [INFO ] frame=450 state=NEAR      c=(670,413) depth=477.3mm  robot xyz=(nan, nan, nan)mm  tilt=-
21:32:41.480 [INFO ] SAM3: 1 detection(s) for 'box'
21:32:41.482 [DEBUG]   det conf=0.96 sim=0.920 pos=0.42 prox=1.00 -> 0.869
21:32:41.484 [INFO ] SAM3: 'box' score=0.96 @ [563 209 775 619]  (top of 1)  sim=0.920
21:32:41.484 [INFO ] SAM3: mask obtained (score=0.961, area=84170 px)
21:32:41.509 [DEBUG] Grasp point: robust centroid (669, 414)
21:32:41.510 [INFO ] MaskTracker: anchor locked (IoU streak=451, last IoU=0.999)
21:32:41.520 [INFO ] frame=451 state=NEAR      c=(670,413) depth=477.3mm  robot xyz=(nan, nan, nan)mm  tilt=-
21:32:41.764 [INFO ] SAM3: 1 detection(s) for 'box'
21:32:41.766 [DEBUG]   det conf=0.97 sim=0.922 pos=0.42 prox=1.00 -> 0.871
21:32:41.768 [INFO ] SAM3: 'box' score=0.97 @ [563 209 775 619]  (top of 1)  sim=0.922
21:32:41.768 [INFO ] SAM3: mask obtained (score=0.967, area=84143 px)
21:32:41.794 [DEBUG] Grasp point: robust centroid (669, 414)
21:32:41.795 [INFO ] MaskTracker: anchor locked (IoU streak=452, last IoU=0.999)
21:32:41.805 [INFO ] frame=452 state=NEAR      c=(670,413) depth=477.4mm  robot xyz=(nan, nan, nan)mm  tilt=-
21:32:42.048 [INFO ] SAM3: 1 detection(s) for 'box'
21:32:42.051 [DEBUG]   det conf=0.96 sim=0.922 pos=0.42 prox=1.00 -> 0.870
21:32:42.052 [INFO ] SAM3: 'box' score=0.96 @ [563 209 775 619]  (top of 1)  sim=0.922
21:32:42.052 [INFO ] SAM3: mask obtained (score=0.964, area=84175 px)
21:32:42.079 [DEBUG] Grasp point: robust centroid (669, 414)
21:32:42.079 [INFO ] MaskTracker: anchor locked (IoU streak=453, last IoU=0.999)
21:32:42.089 [INFO ] frame=453 state=NEAR      c=(670,413) depth=477.3mm  robot xyz=(nan, nan, nan)mm  tilt=-
21:32:42.328 [INFO ] SAM3: 1 detection(s) for 'box'
21:32:42.330 [DEBUG]   det conf=0.96 sim=0.922 pos=0.42 prox=1.00 -> 0.871
21:32:42.332 [INFO ] SAM3: 'box' score=0.96 @ [563 209 775 619]  (top of 1)  sim=0.922
21:32:42.332 [INFO ] SAM3: mask obtained (score=0.964, area=84126 px)
21:32:42.357 [DEBUG] Grasp point: robust centroid (669, 414)
21:32:42.358 [INFO ] MaskTracker: anchor locked (IoU streak=454, last IoU=0.999)
21:32:42.368 [INFO ] frame=454 state=NEAR      c=(670,413) depth=477.2mm  robot xyz=(nan, nan, nan)mm  tilt=-
21:32:42.612 [INFO ] SAM3: 1 detection(s) for 'box'
21:32:42.615 [DEBUG]   det conf=0.96 sim=0.922 pos=0.42 prox=1.00 -> 0.870
21:32:42.616 [INFO ] SAM3: 'box' score=0.96 @ [563 209 775 619]  (top of 1)  sim=0.922
21:32:42.617 [INFO ] SAM3: mask obtained (score=0.963, area=84153 px)
21:32:42.642 [DEBUG] Grasp point: robust centroid (669, 414)
21:32:42.642 [INFO ] MaskTracker: anchor locked (IoU streak=455, last IoU=0.999)
21:32:42.653 [INFO ] frame=455 state=NEAR      c=(670,413) depth=477.2mm  robot xyz=(nan, nan, nan)mm  tilt=-
21:32:42.903 [INFO ] SAM3: 1 detection(s) for 'box'
21:32:42.905 [DEBUG]   det conf=0.96 sim=0.923 pos=0.42 prox=1.00 -> 0.871
21:32:42.907 [INFO ] SAM3: 'box' score=0.96 @ [563 209 775 619]  (top of 1)  sim=0.923
21:32:42.907 [INFO ] SAM3: mask obtained (score=0.960, area=84137 px)
21:32:42.934 [DEBUG] Grasp point: robust centroid (669, 414)
21:32:42.934 [INFO ] MaskTracker: anchor locked (IoU streak=456, last IoU=0.999)
21:32:42.946 [INFO ] frame=456 state=NEAR      c=(670,413) depth=477.2mm  robot xyz=(nan, nan, nan)mm  tilt=-
21:32:43.190 [INFO ] SAM3: 1 detection(s) for 'box'
21:32:43.192 [DEBUG]   det conf=0.96 sim=0.922 pos=0.42 prox=1.00 -> 0.871
21:32:43.194 [INFO ] SAM3: 'box' score=0.96 @ [563 209 775 619]  (top of 1)  sim=0.922
21:32:43.194 [INFO ] SAM3: mask obtained (score=0.964, area=84174 px)
21:32:43.219 [DEBUG] Grasp point: robust centroid (669, 414)
21:32:43.220 [INFO ] MaskTracker: anchor locked (IoU streak=457, last IoU=0.999)
21:32:43.231 [INFO ] frame=457 state=NEAR      c=(670,413) depth=477.2mm  robot xyz=(nan, nan, nan)mm  tilt=-
21:32:43.478 [INFO ] SAM3: 1 detection(s) for 'box'
21:32:43.480 [DEBUG]   det conf=0.97 sim=0.923 pos=0.42 prox=1.00 -> 0.871
21:32:43.481 [INFO ] SAM3: 'box' score=0.97 @ [563 209 775 619]  (top of 1)  sim=0.923
21:32:43.482 [INFO ] SAM3: mask obtained (score=0.966, area=84143 px)
21:32:43.507 [DEBUG] Grasp point: robust centroid (669, 414)
21:32:43.508 [INFO ] MaskTracker: anchor locked (IoU streak=458, last IoU=0.999)
21:32:43.519 [INFO ] frame=458 state=NEAR      c=(670,413) depth=477.1mm  robot xyz=(nan, nan, nan)mm  tilt=-
21:32:43.763 [INFO ] SAM3: 1 detection(s) for 'box'
21:32:43.765 [DEBUG]   det conf=0.96 sim=0.923 pos=0.42 prox=1.00 -> 0.871
21:32:43.767 [INFO ] SAM3: 'box' score=0.96 @ [563 209 775 619]  (top of 1)  sim=0.923
21:32:43.767 [INFO ] SAM3: mask obtained (score=0.964, area=84166 px)
21:32:43.793 [DEBUG] Grasp point: robust centroid (669, 414)
21:32:43.793 [INFO ] MaskTracker: anchor locked (IoU streak=459, last IoU=0.999)
21:32:43.804 [INFO ] frame=459 state=NEAR      c=(670,413) depth=477.2mm  robot xyz=(nan, nan, nan)mm  tilt=-
21:32:44.046 [INFO ] SAM3: 1 detection(s) for 'box'
21:32:44.048 [DEBUG]   det conf=0.96 sim=0.921 pos=0.42 prox=1.00 -> 0.870
21:32:44.050 [INFO ] SAM3: 'box' score=0.96 @ [563 209 775 619]  (top of 1)  sim=0.921
21:32:44.050 [INFO ] SAM3: mask obtained (score=0.961, area=84168 px)
21:32:44.076 [DEBUG] Grasp point: robust centroid (669, 414)
21:32:44.076 [INFO ] MaskTracker: anchor locked (IoU streak=460, last IoU=0.999)
21:32:44.087 [INFO ] frame=460 state=NEAR      c=(670,413) depth=477.3mm  robot xyz=(nan, nan, nan)mm  tilt=-
21:32:44.330 [INFO ] SAM3: 1 detection(s) for 'box'
21:32:44.332 [DEBUG]   det conf=0.97 sim=0.922 pos=0.42 prox=1.00 -> 0.871
21:32:44.334 [INFO ] SAM3: 'box' score=0.97 @ [563 209 775 619]  (top of 1)  sim=0.922
21:32:44.334 [INFO ] SAM3: mask obtained (score=0.966, area=84193 px)
21:32:44.360 [DEBUG] Grasp point: robust centroid (669, 414)
21:32:44.360 [INFO ] MaskTracker: anchor locked (IoU streak=461, last IoU=0.999)
21:32:44.371 [INFO ] frame=461 state=NEAR      c=(670,413) depth=477.1mm  robot xyz=(nan, nan, nan)mm  tilt=-
21:32:44.616 [INFO ] SAM3: 1 detection(s) for 'box'
21:32:44.619 [DEBUG]   det conf=0.96 sim=0.921 pos=0.42 prox=1.00 -> 0.870
21:32:44.620 [INFO ] SAM3: 'box' score=0.96 @ [563 209 775 619]  (top of 1)  sim=0.921
21:32:44.620 [INFO ] SAM3: mask obtained (score=0.960, area=84184 px)
21:32:44.646 [DEBUG] Grasp point: robust centroid (669, 414)
21:32:44.647 [INFO ] MaskTracker: anchor locked (IoU streak=462, last IoU=0.999)
21:32:44.657 [INFO ] frame=462 state=NEAR      c=(670,413) depth=477.1mm  robot xyz=(nan, nan, nan)mm  tilt=-
21:32:44.902 [INFO ] SAM3: 1 detection(s) for 'box'
21:32:44.905 [DEBUG]   det conf=0.96 sim=0.921 pos=0.42 prox=1.00 -> 0.870
21:32:44.906 [INFO ] SAM3: 'box' score=0.96 @ [563 209 775 619]  (top of 1)  sim=0.921
21:32:44.906 [INFO ] SAM3: mask obtained (score=0.964, area=84134 px)
21:32:44.932 [DEBUG] Grasp point: robust centroid (669, 414)
21:32:44.933 [INFO ] MaskTracker: anchor locked (IoU streak=463, last IoU=0.999)
21:32:44.944 [INFO ] frame=463 state=NEAR      c=(670,413) depth=477.2mm  robot xyz=(nan, nan, nan)mm  tilt=-
21:32:45.188 [INFO ] SAM3: 1 detection(s) for 'box'
21:32:45.190 [DEBUG]   det conf=0.96 sim=0.924 pos=0.42 prox=1.00 -> 0.871
21:32:45.192 [INFO ] SAM3: 'box' score=0.96 @ [563 209 775 619]  (top of 1)  sim=0.924
21:32:45.192 [INFO ] SAM3: mask obtained (score=0.959, area=84169 px)
21:32:45.217 [DEBUG] Grasp point: robust centroid (669, 414)
21:32:45.218 [INFO ] MaskTracker: anchor locked (IoU streak=464, last IoU=0.999)
21:32:45.228 [INFO ] frame=464 state=NEAR      c=(670,413) depth=477.2mm  robot xyz=(nan, nan, nan)mm  tilt=-
21:32:45.475 [INFO ] SAM3: 1 detection(s) for 'box'
21:32:45.478 [DEBUG]   det conf=0.97 sim=0.919 pos=0.42 prox=1.00 -> 0.869
21:32:45.479 [INFO ] SAM3: 'box' score=0.97 @ [563 209 775 619]  (top of 1)  sim=0.919
21:32:45.479 [INFO ] SAM3: mask obtained (score=0.965, area=84184 px)
21:32:45.505 [DEBUG] Grasp point: robust centroid (669, 414)
21:32:45.505 [INFO ] MaskTracker: anchor locked (IoU streak=465, last IoU=0.999)
21:32:45.516 [INFO ] frame=465 state=NEAR      c=(670,413) depth=477.1mm  robot xyz=(nan, nan, nan)mm  tilt=-
21:32:45.760 [INFO ] SAM3: 1 detection(s) for 'box'
21:32:45.763 [DEBUG]   det conf=0.96 sim=0.923 pos=0.42 prox=1.00 -> 0.871
21:32:45.765 [INFO ] SAM3: 'box' score=0.96 @ [563 209 775 619]  (top of 1)  sim=0.923
21:32:45.765 [INFO ] SAM3: mask obtained (score=0.962, area=84173 px)
21:32:45.790 [DEBUG] Grasp point: robust centroid (669, 414)
21:32:45.791 [INFO ] MaskTracker: anchor locked (IoU streak=466, last IoU=0.999)
21:32:45.801 [INFO ] frame=466 state=NEAR      c=(670,413) depth=477.3mm  robot xyz=(nan, nan, nan)mm  tilt=-
21:32:46.041 [INFO ] SAM3: 1 detection(s) for 'box'
21:32:46.043 [DEBUG]   det conf=0.96 sim=0.920 pos=0.42 prox=1.00 -> 0.869
21:32:46.045 [INFO ] SAM3: 'box' score=0.96 @ [563 209 775 619]  (top of 1)  sim=0.920
21:32:46.045 [INFO ] SAM3: mask obtained (score=0.960, area=84159 px)
21:32:46.071 [DEBUG] Grasp point: robust centroid (669, 414)
21:32:46.071 [INFO ] MaskTracker: anchor locked (IoU streak=467, last IoU=0.999)
21:32:46.082 [INFO ] frame=467 state=NEAR      c=(670,413) depth=476.9mm  robot xyz=(nan, nan, nan)mm  tilt=-
21:32:46.327 [INFO ] SAM3: 1 detection(s) for 'box'
21:32:46.330 [DEBUG]   det conf=0.96 sim=0.923 pos=0.42 prox=1.00 -> 0.871
21:32:46.331 [INFO ] SAM3: 'box' score=0.96 @ [563 209 775 619]  (top of 1)  sim=0.923
21:32:46.332 [INFO ] SAM3: mask obtained (score=0.961, area=84167 px)
21:32:46.357 [DEBUG] Grasp point: robust centroid (669, 414)
21:32:46.358 [INFO ] MaskTracker: anchor locked (IoU streak=468, last IoU=0.999)
21:32:46.369 [INFO ] frame=468 state=NEAR      c=(670,413) depth=476.9mm  robot xyz=(nan, nan, nan)mm  tilt=-
21:32:46.614 [INFO ] SAM3: 1 detection(s) for 'box'
21:32:46.616 [DEBUG]   det conf=0.96 sim=0.923 pos=0.42 prox=1.00 -> 0.870
21:32:46.618 [INFO ] SAM3: 'box' score=0.96 @ [563 209 775 619]  (top of 1)  sim=0.923
21:32:46.618 [INFO ] SAM3: mask obtained (score=0.961, area=84190 px)
21:32:46.644 [DEBUG] Grasp point: robust centroid (669, 414)
21:32:46.645 [INFO ] MaskTracker: anchor locked (IoU streak=469, last IoU=0.999)
21:32:46.656 [INFO ] frame=469 state=NEAR      c=(670,413) depth=476.9mm  robot xyz=(nan, nan, nan)mm  tilt=-
21:32:46.901 [INFO ] SAM3: 1 detection(s) for 'box'
21:32:46.903 [DEBUG]   det conf=0.96 sim=0.922 pos=0.42 prox=1.00 -> 0.870
21:32:46.905 [INFO ] SAM3: 'box' score=0.96 @ [563 209 775 619]  (top of 1)  sim=0.922
21:32:46.905 [INFO ] SAM3: mask obtained (score=0.962, area=84144 px)
21:32:46.932 [DEBUG] Grasp point: robust centroid (669, 414)
21:32:46.933 [INFO ] MaskTracker: anchor locked (IoU streak=470, last IoU=0.999)
21:32:46.944 [INFO ] frame=470 state=NEAR      c=(670,413) depth=476.9mm  robot xyz=(nan, nan, nan)mm  tilt=-
21:32:47.185 [INFO ] SAM3: 1 detection(s) for 'box'
21:32:47.188 [DEBUG]   det conf=0.96 sim=0.923 pos=0.42 prox=1.00 -> 0.871
21:32:47.189 [INFO ] SAM3: 'box' score=0.96 @ [563 209 775 619]  (top of 1)  sim=0.923
21:32:47.189 [INFO ] SAM3: mask obtained (score=0.964, area=84123 px)
21:32:47.216 [DEBUG] Grasp point: robust centroid (669, 414)
21:32:47.216 [INFO ] MaskTracker: anchor locked (IoU streak=471, last IoU=0.999)
21:32:47.228 [INFO ] frame=471 state=NEAR      c=(670,413) depth=477.0mm  robot xyz=(nan, nan, nan)mm  tilt=-
21:32:47.475 [INFO ] SAM3: 1 detection(s) for 'box'
21:32:47.478 [DEBUG]   det conf=0.96 sim=0.921 pos=0.42 prox=1.00 -> 0.870
21:32:47.480 [INFO ] SAM3: 'box' score=0.96 @ [563 209 775 619]  (top of 1)  sim=0.921
21:32:47.480 [INFO ] SAM3: mask obtained (score=0.959, area=84160 px)
21:32:47.507 [DEBUG] Grasp point: robust centroid (669, 414)
21:32:47.507 [INFO ] MaskTracker: anchor locked (IoU streak=472, last IoU=0.999)
21:32:47.519 [INFO ] frame=472 state=NEAR      c=(670,413) depth=477.0mm  robot xyz=(nan, nan, nan)mm  tilt=-
21:32:47.763 [INFO ] SAM3: 1 detection(s) for 'box'
21:32:47.765 [DEBUG]   det conf=0.96 sim=0.922 pos=0.42 prox=1.00 -> 0.870
21:32:47.767 [INFO ] SAM3: 'box' score=0.96 @ [563 209 775 619]  (top of 1)  sim=0.922
21:32:47.767 [INFO ] SAM3: mask obtained (score=0.960, area=84191 px)
21:32:47.793 [DEBUG] Grasp point: robust centroid (669, 414)
21:32:47.794 [INFO ] MaskTracker: anchor locked (IoU streak=473, last IoU=0.999)
21:32:47.804 [INFO ] frame=473 state=NEAR      c=(670,413) depth=477.1mm  robot xyz=(nan, nan, nan)mm  tilt=-
21:32:48.048 [INFO ] SAM3: 1 detection(s) for 'box'
21:32:48.050 [DEBUG]   det conf=0.96 sim=0.925 pos=0.42 prox=1.00 -> 0.872
21:32:48.052 [INFO ] SAM3: 'box' score=0.96 @ [563 209 775 619]  (top of 1)  sim=0.925
21:32:48.052 [INFO ] SAM3: mask obtained (score=0.963, area=84170 px)
21:32:48.079 [DEBUG] Grasp point: robust centroid (669, 414)
21:32:48.079 [INFO ] MaskTracker: anchor locked (IoU streak=474, last IoU=0.999)
21:32:48.089 [INFO ] frame=474 state=NEAR      c=(670,413) depth=477.1mm  robot xyz=(nan, nan, nan)mm  tilt=-
21:32:48.334 [INFO ] SAM3: 1 detection(s) for 'box'
21:32:48.336 [DEBUG]   det conf=0.96 sim=0.922 pos=0.42 prox=1.00 -> 0.870
21:32:48.338 [INFO ] SAM3: 'box' score=0.96 @ [563 209 775 619]  (top of 1)  sim=0.922
21:32:48.338 [INFO ] SAM3: mask obtained (score=0.964, area=84197 px)
21:32:48.365 [DEBUG] Grasp point: robust centroid (670, 414)
21:32:48.365 [INFO ] MaskTracker: anchor locked (IoU streak=475, last IoU=0.999)
21:32:48.376 [INFO ] frame=475 state=NEAR      c=(670,413) depth=477.1mm  robot xyz=(nan, nan, nan)mm  tilt=-
21:32:48.620 [INFO ] SAM3: 1 detection(s) for 'box'
21:32:48.623 [DEBUG]   det conf=0.97 sim=0.922 pos=0.42 prox=1.00 -> 0.871
21:32:48.624 [INFO ] SAM3: 'box' score=0.97 @ [563 209 775 619]  (top of 1)  sim=0.922
21:32:48.624 [INFO ] SAM3: mask obtained (score=0.965, area=84157 px)
21:32:48.650 [DEBUG] Grasp point: robust centroid (669, 414)
21:32:48.650 [INFO ] MaskTracker: anchor locked (IoU streak=476, last IoU=0.999)
21:32:48.661 [INFO ] frame=476 state=NEAR      c=(670,413) depth=477.0mm  robot xyz=(nan, nan, nan)mm  tilt=-
21:32:48.899 [INFO ] SAM3: 1 detection(s) for 'box'
21:32:48.902 [DEBUG]   det conf=0.96 sim=0.921 pos=0.42 prox=1.00 -> 0.870
21:32:48.903 [INFO ] SAM3: 'box' score=0.96 @ [563 209 775 619]  (top of 1)  sim=0.921
21:32:48.904 [INFO ] SAM3: mask obtained (score=0.963, area=84191 px)
21:32:48.930 [DEBUG] Grasp point: robust centroid (669, 414)
21:32:48.930 [INFO ] MaskTracker: anchor locked (IoU streak=477, last IoU=0.999)
21:32:48.941 [INFO ] frame=477 state=NEAR      c=(670,413) depth=477.1mm  robot xyz=(nan, nan, nan)mm  tilt=-
21:32:49.183 [INFO ] SAM3: 1 detection(s) for 'box'
21:32:49.186 [DEBUG]   det conf=0.96 sim=0.923 pos=0.42 prox=1.00 -> 0.871
21:32:49.188 [INFO ] SAM3: 'box' score=0.96 @ [563 209 775 619]  (top of 1)  sim=0.923
21:32:49.188 [INFO ] SAM3: mask obtained (score=0.962, area=84173 px)
21:32:49.214 [DEBUG] Grasp point: robust centroid (669, 414)
21:32:49.215 [INFO ] MaskTracker: anchor locked (IoU streak=478, last IoU=0.999)
21:32:49.226 [INFO ] frame=478 state=NEAR      c=(670,413) depth=477.0mm  robot xyz=(nan, nan, nan)mm  tilt=-
21:32:49.473 [INFO ] SAM3: 1 detection(s) for 'box'
21:32:49.475 [DEBUG]   det conf=0.96 sim=0.922 pos=0.42 prox=1.00 -> 0.870
21:32:49.477 [INFO ] SAM3: 'box' score=0.96 @ [563 209 775 619]  (top of 1)  sim=0.922
21:32:49.477 [INFO ] SAM3: mask obtained (score=0.959, area=84183 px)
21:32:49.503 [DEBUG] Grasp point: robust centroid (669, 414)
21:32:49.504 [INFO ] MaskTracker: anchor locked (IoU streak=479, last IoU=0.999)
21:32:49.515 [INFO ] frame=479 state=NEAR      c=(670,413) depth=477.1mm  robot xyz=(nan, nan, nan)mm  tilt=-
21:32:49.761 [INFO ] SAM3: 1 detection(s) for 'box'
21:32:49.763 [DEBUG]   det conf=0.96 sim=0.922 pos=0.42 prox=1.00 -> 0.870
21:32:49.764 [INFO ] SAM3: 'box' score=0.96 @ [563 209 775 619]  (top of 1)  sim=0.922
21:32:49.765 [INFO ] SAM3: mask obtained (score=0.964, area=84158 px)
21:32:49.790 [DEBUG] Grasp point: robust centroid (669, 414)
21:32:49.790 [INFO ] MaskTracker: anchor locked (IoU streak=480, last IoU=0.999)
21:32:49.855 [INFO ] frame=480 state=NEAR      c=(670,413) depth=477.2mm  robot xyz=(nan, nan, nan)mm  tilt=-
21:32:50.101 [INFO ] SAM3: 1 detection(s) for 'box'
21:32:50.103 [DEBUG]   det conf=0.96 sim=0.920 pos=0.42 prox=1.00 -> 0.869
21:32:50.105 [INFO ] SAM3: 'box' score=0.96 @ [563 209 775 619]  (top of 1)  sim=0.920
21:32:50.105 [INFO ] SAM3: mask obtained (score=0.963, area=84150 px)
21:32:50.131 [DEBUG] Grasp point: robust centroid (669, 414)
21:32:50.132 [INFO ] MaskTracker: anchor locked (IoU streak=481, last IoU=0.999)
21:32:50.143 [INFO ] frame=481 state=NEAR      c=(670,413) depth=477.1mm  robot xyz=(nan, nan, nan)mm  tilt=-
21:32:50.384 [INFO ] SAM3: 1 detection(s) for 'box'
21:32:50.387 [DEBUG]   det conf=0.96 sim=0.921 pos=0.42 prox=1.00 -> 0.870
21:32:50.388 [INFO ] SAM3: 'box' score=0.96 @ [563 209 775 619]  (top of 1)  sim=0.921
21:32:50.388 [INFO ] SAM3: mask obtained (score=0.962, area=84172 px)
21:32:50.415 [DEBUG] Grasp point: robust centroid (669, 414)
21:32:50.415 [INFO ] MaskTracker: anchor locked (IoU streak=482, last IoU=0.999)
21:32:50.426 [INFO ] frame=482 state=NEAR      c=(670,413) depth=477.2mm  robot xyz=(nan, nan, nan)mm  tilt=-
21:32:50.673 [INFO ] SAM3: 1 detection(s) for 'box'
21:32:50.676 [DEBUG]   det conf=0.96 sim=0.924 pos=0.42 prox=1.00 -> 0.871
21:32:50.678 [INFO ] SAM3: 'box' score=0.96 @ [563 209 775 619]  (top of 1)  sim=0.924
21:32:50.678 [INFO ] SAM3: mask obtained (score=0.963, area=84171 px)
21:32:50.704 [DEBUG] Grasp point: robust centroid (669, 414)
21:32:50.705 [INFO ] MaskTracker: anchor locked (IoU streak=483, last IoU=0.999)
21:32:50.716 [INFO ] frame=483 state=NEAR      c=(670,413) depth=477.1mm  robot xyz=(nan, nan, nan)mm  tilt=-
21:32:50.961 [INFO ] SAM3: 1 detection(s) for 'box'
21:32:50.963 [DEBUG]   det conf=0.96 sim=0.921 pos=0.42 prox=1.00 -> 0.870
21:32:50.965 [INFO ] SAM3: 'box' score=0.96 @ [563 209 775 619]  (top of 1)  sim=0.921
21:32:50.965 [INFO ] SAM3: mask obtained (score=0.963, area=84129 px)
21:32:50.990 [DEBUG] Grasp point: robust centroid (669, 414)
21:32:50.990 [INFO ] MaskTracker: anchor locked (IoU streak=484, last IoU=0.999)
21:32:51.001 [INFO ] frame=484 state=NEAR      c=(670,413) depth=477.0mm  robot xyz=(nan, nan, nan)mm  tilt=-
21:32:51.245 [INFO ] SAM3: 1 detection(s) for 'box'
21:32:51.247 [DEBUG]   det conf=0.96 sim=0.924 pos=0.42 prox=1.00 -> 0.871
21:32:51.249 [INFO ] SAM3: 'box' score=0.96 @ [563 209 775 619]  (top of 1)  sim=0.924
21:32:51.249 [INFO ] SAM3: mask obtained (score=0.960, area=84155 px)
21:32:51.275 [DEBUG] Grasp point: robust centroid (669, 414)
21:32:51.275 [INFO ] MaskTracker: anchor locked (IoU streak=485, last IoU=0.999)
21:32:51.286 [INFO ] frame=485 state=NEAR      c=(670,413) depth=477.2mm  robot xyz=(nan, nan, nan)mm  tilt=-
21:32:51.534 [INFO ] SAM3: 1 detection(s) for 'box'
21:32:51.536 [DEBUG]   det conf=0.96 sim=0.921 pos=0.42 prox=1.00 -> 0.870
21:32:51.538 [INFO ] SAM3: 'box' score=0.96 @ [563 209 775 619]  (top of 1)  sim=0.921
21:32:51.538 [INFO ] SAM3: mask obtained (score=0.962, area=84168 px)
21:32:51.567 [DEBUG] Grasp point: robust centroid (669, 414)
21:32:51.568 [INFO ] MaskTracker: anchor locked (IoU streak=486, last IoU=0.999)
21:32:51.580 [INFO ] frame=486 state=NEAR      c=(670,413) depth=477.2mm  robot xyz=(nan, nan, nan)mm  tilt=-
21:32:51.824 [INFO ] SAM3: 1 detection(s) for 'box'
21:32:51.827 [DEBUG]   det conf=0.96 sim=0.921 pos=0.42 prox=1.00 -> 0.870
21:32:51.828 [INFO ] SAM3: 'box' score=0.96 @ [563 209 775 619]  (top of 1)  sim=0.921
21:32:51.829 [INFO ] SAM3: mask obtained (score=0.962, area=84175 px)
21:32:51.854 [DEBUG] Grasp point: robust centroid (669, 414)
21:32:51.855 [INFO ] MaskTracker: anchor locked (IoU streak=487, last IoU=0.999)
21:32:51.865 [INFO ] frame=487 state=NEAR      c=(670,413) depth=477.2mm  robot xyz=(nan, nan, nan)mm  tilt=-
21:32:52.107 [INFO ] SAM3: 1 detection(s) for 'box'
21:32:52.109 [DEBUG]   det conf=0.96 sim=0.922 pos=0.42 prox=1.00 -> 0.870
21:32:52.111 [INFO ] SAM3: 'box' score=0.96 @ [563 209 775 619]  (top of 1)  sim=0.922
21:32:52.111 [INFO ] SAM3: mask obtained (score=0.964, area=84149 px)
21:32:52.137 [DEBUG] Grasp point: robust centroid (669, 414)
21:32:52.137 [INFO ] MaskTracker: anchor locked (IoU streak=488, last IoU=0.999)
21:32:52.148 [INFO ] frame=488 state=NEAR      c=(670,413) depth=477.2mm  robot xyz=(nan, nan, nan)mm  tilt=-
21:32:52.396 [INFO ] SAM3: 1 detection(s) for 'box'
21:32:52.398 [DEBUG]   det conf=0.96 sim=0.921 pos=0.42 prox=1.00 -> 0.870
21:32:52.399 [INFO ] SAM3: 'box' score=0.96 @ [563 209 775 619]  (top of 1)  sim=0.921
21:32:52.400 [INFO ] SAM3: mask obtained (score=0.964, area=84159 px)
21:32:52.425 [DEBUG] Grasp point: robust centroid (669, 414)
21:32:52.425 [INFO ] MaskTracker: anchor locked (IoU streak=489, last IoU=0.999)
21:32:52.436 [INFO ] frame=489 state=NEAR      c=(670,413) depth=477.2mm  robot xyz=(nan, nan, nan)mm  tilt=-
21:32:52.682 [INFO ] SAM3: 1 detection(s) for 'box'
21:32:52.684 [DEBUG]   det conf=0.96 sim=0.920 pos=0.42 prox=1.00 -> 0.870
21:32:52.686 [INFO ] SAM3: 'box' score=0.96 @ [563 209 775 619]  (top of 1)  sim=0.920
21:32:52.686 [INFO ] SAM3: mask obtained (score=0.963, area=84150 px)
21:32:52.712 [DEBUG] Grasp point: robust centroid (669, 414)
21:32:52.712 [INFO ] MaskTracker: anchor locked (IoU streak=490, last IoU=0.999)
21:32:52.723 [INFO ] frame=490 state=NEAR      c=(670,413) depth=476.8mm  robot xyz=(nan, nan, nan)mm  tilt=-
21:32:52.968 [INFO ] SAM3: 1 detection(s) for 'box'
21:32:52.970 [DEBUG]   det conf=0.96 sim=0.922 pos=0.42 prox=1.00 -> 0.870
21:32:52.971 [INFO ] SAM3: 'box' score=0.96 @ [563 209 775 619]  (top of 1)  sim=0.922
21:32:52.971 [INFO ] SAM3: mask obtained (score=0.963, area=84142 px)
21:32:52.997 [DEBUG] Grasp point: robust centroid (669, 414)
21:32:52.998 [INFO ] MaskTracker: anchor locked (IoU streak=491, last IoU=0.999)
21:32:53.008 [INFO ] frame=491 state=NEAR      c=(670,413) depth=476.9mm  robot xyz=(nan, nan, nan)mm  tilt=-
21:32:53.255 [INFO ] SAM3: 1 detection(s) for 'box'
21:32:53.258 [DEBUG]   det conf=0.96 sim=0.922 pos=0.42 prox=1.00 -> 0.870
21:32:53.260 [INFO ] SAM3: 'box' score=0.96 @ [563 209 775 619]  (top of 1)  sim=0.922
21:32:53.260 [INFO ] SAM3: mask obtained (score=0.960, area=84134 px)
21:32:53.285 [DEBUG] Grasp point: robust centroid (669, 414)
21:32:53.286 [INFO ] MaskTracker: anchor locked (IoU streak=492, last IoU=0.999)
21:32:53.297 [INFO ] frame=492 state=NEAR      c=(670,413) depth=476.9mm  robot xyz=(nan, nan, nan)mm  tilt=-
21:32:53.542 [INFO ] SAM3: 1 detection(s) for 'box'
21:32:53.545 [DEBUG]   det conf=0.96 sim=0.922 pos=0.42 prox=1.00 -> 0.870
21:32:53.546 [INFO ] SAM3: 'box' score=0.96 @ [563 209 775 619]  (top of 1)  sim=0.922
21:32:53.547 [INFO ] SAM3: mask obtained (score=0.962, area=84146 px)
21:32:53.572 [DEBUG] Grasp point: robust centroid (669, 414)
21:32:53.573 [INFO ] MaskTracker: anchor locked (IoU streak=493, last IoU=0.999)
21:32:53.584 [INFO ] frame=493 state=NEAR      c=(670,413) depth=476.9mm  robot xyz=(nan, nan, nan)mm  tilt=-
21:32:53.835 [INFO ] SAM3: 1 detection(s) for 'box'
21:32:53.837 [DEBUG]   det conf=0.97 sim=0.921 pos=0.42 prox=1.00 -> 0.870
21:32:53.839 [INFO ] SAM3: 'box' score=0.97 @ [563 209 775 619]  (top of 1)  sim=0.921
21:32:53.839 [INFO ] SAM3: mask obtained (score=0.965, area=84156 px)
21:32:53.866 [DEBUG] Grasp point: robust centroid (669, 414)
21:32:53.866 [INFO ] MaskTracker: anchor locked (IoU streak=494, last IoU=0.999)
21:32:53.878 [INFO ] frame=494 state=NEAR      c=(670,413) depth=476.8mm  robot xyz=(nan, nan, nan)mm  tilt=-
21:32:54.121 [INFO ] SAM3: 1 detection(s) for 'box'
21:32:54.123 [DEBUG]   det conf=0.96 sim=0.921 pos=0.42 prox=1.00 -> 0.870
21:32:54.125 [INFO ] SAM3: 'box' score=0.96 @ [563 209 775 619]  (top of 1)  sim=0.921
21:32:54.125 [INFO ] SAM3: mask obtained (score=0.963, area=84152 px)
21:32:54.151 [DEBUG] Grasp point: robust centroid (669, 414)
21:32:54.151 [INFO ] MaskTracker: anchor locked (IoU streak=495, last IoU=0.999)
21:32:54.162 [INFO ] frame=495 state=NEAR      c=(670,413) depth=476.8mm  robot xyz=(nan, nan, nan)mm  tilt=-
21:32:54.410 [INFO ] SAM3: 1 detection(s) for 'box'
21:32:54.412 [DEBUG]   det conf=0.96 sim=0.922 pos=0.42 prox=1.00 -> 0.871
21:32:54.414 [INFO ] SAM3: 'box' score=0.96 @ [563 209 775 619]  (top of 1)  sim=0.922
21:32:54.414 [INFO ] SAM3: mask obtained (score=0.963, area=84173 px)
21:32:54.440 [DEBUG] Grasp point: robust centroid (669, 414)
21:32:54.440 [INFO ] MaskTracker: anchor locked (IoU streak=496, last IoU=0.999)
21:32:54.451 [INFO ] frame=496 state=NEAR      c=(670,413) depth=476.8mm  robot xyz=(nan, nan, nan)mm  tilt=-
21:32:54.697 [INFO ] SAM3: 1 detection(s) for 'box'
21:32:54.699 [DEBUG]   det conf=0.96 sim=0.920 pos=0.42 prox=1.00 -> 0.869
21:32:54.701 [INFO ] SAM3: 'box' score=0.96 @ [563 209 775 619]  (top of 1)  sim=0.920
21:32:54.701 [INFO ] SAM3: mask obtained (score=0.963, area=84190 px)
21:32:54.728 [DEBUG] Grasp point: robust centroid (669, 414)
21:32:54.728 [INFO ] MaskTracker: anchor locked (IoU streak=497, last IoU=0.999)
21:32:54.739 [INFO ] frame=497 state=NEAR      c=(670,413) depth=476.8mm  robot xyz=(nan, nan, nan)mm  tilt=-
21:32:54.984 [INFO ] SAM3: 1 detection(s) for 'box'
21:32:54.986 [DEBUG]   det conf=0.97 sim=0.921 pos=0.42 prox=1.00 -> 0.870
21:32:54.988 [INFO ] SAM3: 'box' score=0.97 @ [563 209 775 619]  (top of 1)  sim=0.921
21:32:54.988 [INFO ] SAM3: mask obtained (score=0.966, area=84167 px)
21:32:55.015 [DEBUG] Grasp point: robust centroid (669, 414)
21:32:55.015 [INFO ] MaskTracker: anchor locked (IoU streak=498, last IoU=0.999)
21:32:55.026 [INFO ] frame=498 state=NEAR      c=(670,413) depth=476.9mm  robot xyz=(nan, nan, nan)mm  tilt=-
21:32:55.275 [INFO ] SAM3: 1 detection(s) for 'box'
21:32:55.277 [DEBUG]   det conf=0.96 sim=0.920 pos=0.42 prox=1.00 -> 0.870
21:32:55.279 [INFO ] SAM3: 'box' score=0.96 @ [563 209 775 619]  (top of 1)  sim=0.920
21:32:55.279 [INFO ] SAM3: mask obtained (score=0.965, area=84187 px)
21:32:55.305 [DEBUG] Grasp point: robust centroid (669, 414)
21:32:55.305 [INFO ] MaskTracker: anchor locked (IoU streak=499, last IoU=0.999)
21:32:55.316 [INFO ] frame=499 state=NEAR      c=(670,413) depth=476.9mm  robot xyz=(nan, nan, nan)mm  tilt=-
21:32:55.561 [INFO ] SAM3: 1 detection(s) for 'box'
21:32:55.563 [DEBUG]   det conf=0.96 sim=0.921 pos=0.42 prox=1.00 -> 0.870
21:32:55.565 [INFO ] SAM3: 'box' score=0.96 @ [563 209 775 619]  (top of 1)  sim=0.921
21:32:55.565 [INFO ] SAM3: mask obtained (score=0.963, area=84175 px)
21:32:55.590 [DEBUG] Grasp point: robust centroid (669, 414)
21:32:55.591 [INFO ] MaskTracker: anchor locked (IoU streak=500, last IoU=0.999)
21:32:55.601 [INFO ] frame=500 state=NEAR      c=(670,413) depth=476.9mm  robot xyz=(nan, nan, nan)mm  tilt=-
21:32:55.841 [INFO ] SAM3: 1 detection(s) for 'box'
21:32:55.843 [DEBUG]   det conf=0.96 sim=0.923 pos=0.42 prox=1.00 -> 0.871
21:32:55.845 [INFO ] SAM3: 'box' score=0.96 @ [563 209 775 619]  (top of 1)  sim=0.923
21:32:55.845 [INFO ] SAM3: mask obtained (score=0.963, area=84173 px)
21:32:55.871 [DEBUG] Grasp point: robust centroid (669, 414)
21:32:55.871 [INFO ] MaskTracker: anchor locked (IoU streak=501, last IoU=0.999)
21:32:55.882 [INFO ] frame=501 state=NEAR      c=(670,413) depth=477.0mm  robot xyz=(nan, nan, nan)mm  tilt=-
21:32:56.121 [INFO ] SAM3: 1 detection(s) for 'box'
21:32:56.123 [DEBUG]   det conf=0.96 sim=0.921 pos=0.42 prox=1.00 -> 0.870
21:32:56.125 [INFO ] SAM3: 'box' score=0.96 @ [563 209 775 619]  (top of 1)  sim=0.921
21:32:56.125 [INFO ] SAM3: mask obtained (score=0.962, area=84162 px)
21:32:56.151 [DEBUG] Grasp point: robust centroid (669, 414)
21:32:56.152 [INFO ] MaskTracker: anchor locked (IoU streak=502, last IoU=0.999)
21:32:56.162 [INFO ] frame=502 state=NEAR      c=(670,413) depth=477.1mm  robot xyz=(nan, nan, nan)mm  tilt=-
21:32:56.402 [INFO ] SAM3: 1 detection(s) for 'box'
21:32:56.404 [DEBUG]   det conf=0.96 sim=0.920 pos=0.42 prox=1.00 -> 0.869
21:32:56.406 [INFO ] SAM3: 'box' score=0.96 @ [563 209 775 619]  (top of 1)  sim=0.920
21:32:56.406 [INFO ] SAM3: mask obtained (score=0.958, area=84144 px)
21:32:56.433 [DEBUG] Grasp point: robust centroid (669, 414)
21:32:56.433 [INFO ] MaskTracker: anchor locked (IoU streak=503, last IoU=0.999)
21:32:56.444 [INFO ] frame=503 state=NEAR      c=(670,413) depth=477.2mm  robot xyz=(nan, nan, nan)mm  tilt=-
21:32:56.688 [INFO ] SAM3: 1 detection(s) for 'box'
21:32:56.690 [DEBUG]   det conf=0.96 sim=0.923 pos=0.42 prox=1.00 -> 0.871
21:32:56.692 [INFO ] SAM3: 'box' score=0.96 @ [563 209 775 619]  (top of 1)  sim=0.923
21:32:56.692 [INFO ] SAM3: mask obtained (score=0.960, area=84135 px)
21:32:56.718 [DEBUG] Grasp point: robust centroid (669, 414)
21:32:56.719 [INFO ] MaskTracker: anchor locked (IoU streak=504, last IoU=0.999)
21:32:56.730 [INFO ] frame=504 state=NEAR      c=(670,413) depth=477.4mm  robot xyz=(nan, nan, nan)mm  tilt=-
21:32:56.975 [INFO ] SAM3: 1 detection(s) for 'box'
21:32:56.977 [DEBUG]   det conf=0.96 sim=0.923 pos=0.42 prox=1.00 -> 0.871
21:32:56.979 [INFO ] SAM3: 'box' score=0.96 @ [563 209 775 619]  (top of 1)  sim=0.923
21:32:56.979 [INFO ] SAM3: mask obtained (score=0.964, area=84159 px)
21:32:57.005 [DEBUG] Grasp point: robust centroid (669, 414)
21:32:57.005 [INFO ] MaskTracker: anchor locked (IoU streak=505, last IoU=0.999)
21:32:57.016 [INFO ] frame=505 state=NEAR      c=(670,413) depth=477.4mm  robot xyz=(nan, nan, nan)mm  tilt=-
21:32:57.263 [INFO ] SAM3: 1 detection(s) for 'box'
21:32:57.266 [DEBUG]   det conf=0.96 sim=0.921 pos=0.42 prox=1.00 -> 0.870
21:32:57.267 [INFO ] SAM3: 'box' score=0.96 @ [563 209 775 619]  (top of 1)  sim=0.921
21:32:57.267 [INFO ] SAM3: mask obtained (score=0.963, area=84154 px)
21:32:57.294 [DEBUG] Grasp point: robust centroid (669, 414)
21:32:57.294 [INFO ] MaskTracker: anchor locked (IoU streak=506, last IoU=0.999)
21:32:57.305 [INFO ] frame=506 state=NEAR      c=(670,413) depth=477.2mm  robot xyz=(nan, nan, nan)mm  tilt=-
21:32:57.553 [INFO ] SAM3: 1 detection(s) for 'box'
21:32:57.555 [DEBUG]   det conf=0.96 sim=0.922 pos=0.42 prox=1.00 -> 0.870
21:32:57.557 [INFO ] SAM3: 'box' score=0.96 @ [563 209 775 619]  (top of 1)  sim=0.922
21:32:57.557 [INFO ] SAM3: mask obtained (score=0.961, area=84162 px)
21:32:57.584 [DEBUG] Grasp point: robust centroid (669, 414)
21:32:57.584 [INFO ] MaskTracker: anchor locked (IoU streak=507, last IoU=0.999)
21:32:57.595 [INFO ] frame=507 state=NEAR      c=(670,413) depth=477.2mm  robot xyz=(nan, nan, nan)mm  tilt=-
21:32:57.838 [INFO ] SAM3: 1 detection(s) for 'box'
21:32:57.841 [DEBUG]   det conf=0.96 sim=0.922 pos=0.42 prox=1.00 -> 0.870
21:32:57.843 [INFO ] SAM3: 'box' score=0.96 @ [563 209 775 619]  (top of 1)  sim=0.922
21:32:57.843 [INFO ] SAM3: mask obtained (score=0.964, area=84180 px)
21:32:57.869 [DEBUG] Grasp point: robust centroid (669, 414)
21:32:57.870 [INFO ] MaskTracker: anchor locked (IoU streak=508, last IoU=0.999)
21:32:57.880 [INFO ] frame=508 state=NEAR      c=(670,413) depth=477.1mm  robot xyz=(nan, nan, nan)mm  tilt=-
21:32:58.125 [INFO ] SAM3: 1 detection(s) for 'box'
21:32:58.127 [DEBUG]   det conf=0.96 sim=0.924 pos=0.42 prox=1.00 -> 0.872
21:32:58.129 [INFO ] SAM3: 'box' score=0.96 @ [563 209 775 619]  (top of 1)  sim=0.924
21:32:58.129 [INFO ] SAM3: mask obtained (score=0.964, area=84115 px)
21:32:58.155 [DEBUG] Grasp point: robust centroid (669, 414)
21:32:58.156 [INFO ] MaskTracker: anchor locked (IoU streak=509, last IoU=0.999)
21:32:58.167 [INFO ] frame=509 state=NEAR      c=(670,413) depth=477.3mm  robot xyz=(nan, nan, nan)mm  tilt=-
21:32:58.414 [INFO ] SAM3: 1 detection(s) for 'box'
21:32:58.417 [DEBUG]   det conf=0.97 sim=0.922 pos=0.42 prox=1.00 -> 0.871
21:32:58.418 [INFO ] SAM3: 'box' score=0.97 @ [563 209 775 619]  (top of 1)  sim=0.922
21:32:58.419 [INFO ] SAM3: mask obtained (score=0.966, area=84162 px)
21:32:58.445 [DEBUG] Grasp point: robust centroid (669, 414)
21:32:58.445 [INFO ] MaskTracker: anchor locked (IoU streak=510, last IoU=0.999)
21:32:58.510 [INFO ] frame=510 state=NEAR      c=(670,413) depth=477.4mm  robot xyz=(nan, nan, nan)mm  tilt=-
21:32:58.755 [INFO ] SAM3: 1 detection(s) for 'box'
21:32:58.758 [DEBUG]   det conf=0.96 sim=0.921 pos=0.42 prox=1.00 -> 0.870
21:32:58.759 [INFO ] SAM3: 'box' score=0.96 @ [563 209 775 619]  (top of 1)  sim=0.921
21:32:58.760 [INFO ] SAM3: mask obtained (score=0.961, area=84163 px)
21:32:58.785 [DEBUG] Grasp point: robust centroid (669, 414)
21:32:58.786 [INFO ] MaskTracker: anchor locked (IoU streak=511, last IoU=0.999)
21:32:58.797 [INFO ] frame=511 state=NEAR      c=(670,413) depth=477.5mm  robot xyz=(nan, nan, nan)mm  tilt=-
21:32:59.042 [INFO ] SAM3: 1 detection(s) for 'box'
21:32:59.044 [DEBUG]   det conf=0.96 sim=0.923 pos=0.42 prox=1.00 -> 0.871
21:32:59.046 [INFO ] SAM3: 'box' score=0.96 @ [563 209 775 619]  (top of 1)  sim=0.923
21:32:59.046 [INFO ] SAM3: mask obtained (score=0.962, area=84153 px)
21:32:59.072 [DEBUG] Grasp point: robust centroid (669, 414)
21:32:59.072 [INFO ] MaskTracker: anchor locked (IoU streak=512, last IoU=0.999)
21:32:59.083 [INFO ] frame=512 state=NEAR      c=(670,413) depth=477.4mm  robot xyz=(nan, nan, nan)mm  tilt=-
21:32:59.329 [INFO ] SAM3: 1 detection(s) for 'box'
21:32:59.332 [DEBUG]   det conf=0.96 sim=0.922 pos=0.42 prox=1.00 -> 0.870
21:32:59.333 [INFO ] SAM3: 'box' score=0.96 @ [563 209 775 619]  (top of 1)  sim=0.922
21:32:59.333 [INFO ] SAM3: mask obtained (score=0.960, area=84172 px)
21:32:59.359 [DEBUG] Grasp point: robust centroid (669, 414)
21:32:59.359 [INFO ] MaskTracker: anchor locked (IoU streak=513, last IoU=0.999)
21:32:59.370 [INFO ] frame=513 state=NEAR      c=(670,413) depth=477.3mm  robot xyz=(nan, nan, nan)mm  tilt=-
21:32:59.617 [INFO ] SAM3: 1 detection(s) for 'box'
21:32:59.619 [DEBUG]   det conf=0.96 sim=0.923 pos=0.42 prox=1.00 -> 0.871
21:32:59.621 [INFO ] SAM3: 'box' score=0.96 @ [563 209 775 619]  (top of 1)  sim=0.923
21:32:59.621 [INFO ] SAM3: mask obtained (score=0.963, area=84163 px)
21:32:59.648 [DEBUG] Grasp point: robust centroid (669, 414)
21:32:59.648 [INFO ] MaskTracker: anchor locked (IoU streak=514, last IoU=0.999)
21:32:59.659 [INFO ] frame=514 state=NEAR      c=(670,413) depth=477.3mm  robot xyz=(nan, nan, nan)mm  tilt=-
21:32:59.897 [INFO ] SAM3: 1 detection(s) for 'box'
21:32:59.899 [DEBUG]   det conf=0.96 sim=0.921 pos=0.42 prox=1.00 -> 0.870
21:32:59.901 [INFO ] SAM3: 'box' score=0.96 @ [563 209 775 619]  (top of 1)  sim=0.921
21:32:59.901 [INFO ] SAM3: mask obtained (score=0.962, area=84185 px)
21:32:59.927 [DEBUG] Grasp point: robust centroid (669, 414)
21:32:59.927 [INFO ] MaskTracker: anchor locked (IoU streak=515, last IoU=0.999)
21:32:59.938 [INFO ] frame=515 state=NEAR      c=(670,413) depth=477.4mm  robot xyz=(nan, nan, nan)mm  tilt=-
21:33:00.178 [INFO ] SAM3: 1 detection(s) for 'box'
21:33:00.180 [DEBUG]   det conf=0.96 sim=0.924 pos=0.42 prox=1.00 -> 0.871
21:33:00.181 [INFO ] SAM3: 'box' score=0.96 @ [563 209 775 619]  (top of 1)  sim=0.924
21:33:00.182 [INFO ] SAM3: mask obtained (score=0.960, area=84174 px)
21:33:00.207 [DEBUG] Grasp point: robust centroid (669, 414)
21:33:00.208 [INFO ] MaskTracker: anchor locked (IoU streak=516, last IoU=0.999)
21:33:00.219 [INFO ] frame=516 state=NEAR      c=(670,413) depth=477.3mm  robot xyz=(nan, nan, nan)mm  tilt=-
21:33:00.459 [INFO ] SAM3: 1 detection(s) for 'box'
21:33:00.462 [DEBUG]   det conf=0.96 sim=0.925 pos=0.42 prox=1.00 -> 0.872
21:33:00.463 [INFO ] SAM3: 'box' score=0.96 @ [563 209 775 619]  (top of 1)  sim=0.925
21:33:00.464 [INFO ] SAM3: mask obtained (score=0.964, area=84170 px)
21:33:00.489 [DEBUG] Grasp point: robust centroid (669, 414)
21:33:00.490 [INFO ] MaskTracker: anchor locked (IoU streak=517, last IoU=0.999)
21:33:00.502 [INFO ] frame=517 state=NEAR      c=(670,413) depth=477.4mm  robot xyz=(nan, nan, nan)mm  tilt=-
21:33:00.747 [INFO ] SAM3: 1 detection(s) for 'box'
21:33:00.749 [DEBUG]   det conf=0.96 sim=0.922 pos=0.42 prox=1.00 -> 0.870
21:33:00.751 [INFO ] SAM3: 'box' score=0.96 @ [563 209 775 619]  (top of 1)  sim=0.922
21:33:00.751 [INFO ] SAM3: mask obtained (score=0.963, area=84134 px)
21:33:00.777 [DEBUG] Grasp point: robust centroid (669, 414)
21:33:00.777 [INFO ] MaskTracker: anchor locked (IoU streak=518, last IoU=0.999)
21:33:00.788 [INFO ] frame=518 state=NEAR      c=(670,413) depth=477.4mm  robot xyz=(nan, nan, nan)mm  tilt=-
21:33:01.035 [INFO ] SAM3: 1 detection(s) for 'box'
21:33:01.037 [DEBUG]   det conf=0.96 sim=0.922 pos=0.42 prox=1.00 -> 0.871
21:33:01.039 [INFO ] SAM3: 'box' score=0.96 @ [563 209 775 619]  (top of 1)  sim=0.922
21:33:01.039 [INFO ] SAM3: mask obtained (score=0.963, area=84218 px)
21:33:01.066 [DEBUG] Grasp point: robust centroid (669, 414)
21:33:01.066 [INFO ] MaskTracker: anchor locked (IoU streak=519, last IoU=0.999)
21:33:01.077 [INFO ] frame=519 state=NEAR      c=(670,413) depth=477.3mm  robot xyz=(nan, nan, nan)mm  tilt=-
21:33:01.320 [INFO ] SAM3: 1 detection(s) for 'box'
21:33:01.322 [DEBUG]   det conf=0.96 sim=0.922 pos=0.42 prox=1.00 -> 0.871
21:33:01.324 [INFO ] SAM3: 'box' score=0.96 @ [563 209 775 619]  (top of 1)  sim=0.922
21:33:01.325 [INFO ] SAM3: mask obtained (score=0.963, area=84166 px)
21:33:01.351 [DEBUG] Grasp point: robust centroid (669, 414)
21:33:01.352 [INFO ] MaskTracker: anchor locked (IoU streak=520, last IoU=0.999)
21:33:01.363 [INFO ] frame=520 state=NEAR      c=(670,413) depth=477.4mm  robot xyz=(nan, nan, nan)mm  tilt=-
21:33:01.607 [INFO ] SAM3: 1 detection(s) for 'box'
21:33:01.610 [DEBUG]   det conf=0.96 sim=0.922 pos=0.42 prox=1.00 -> 0.870
21:33:01.611 [INFO ] SAM3: 'box' score=0.96 @ [563 209 775 619]  (top of 1)  sim=0.922
21:33:01.611 [INFO ] SAM3: mask obtained (score=0.962, area=84166 px)
21:33:01.637 [DEBUG] Grasp point: robust centroid (669, 414)
21:33:01.637 [INFO ] MaskTracker: anchor locked (IoU streak=521, last IoU=0.999)
21:33:01.648 [INFO ] frame=521 state=NEAR      c=(670,413) depth=477.4mm  robot xyz=(nan, nan, nan)mm  tilt=-
21:33:01.892 [INFO ] SAM3: 1 detection(s) for 'box'
21:33:01.894 [DEBUG]   det conf=0.96 sim=0.922 pos=0.42 prox=1.00 -> 0.871
21:33:01.896 [INFO ] SAM3: 'box' score=0.96 @ [563 209 775 619]  (top of 1)  sim=0.922
21:33:01.896 [INFO ] SAM3: mask obtained (score=0.963, area=84160 px)
21:33:01.922 [DEBUG] Grasp point: robust centroid (669, 414)
21:33:01.922 [INFO ] MaskTracker: anchor locked (IoU streak=522, last IoU=0.999)
21:33:01.932 [INFO ] frame=522 state=NEAR      c=(670,413) depth=477.1mm  robot xyz=(nan, nan, nan)mm  tilt=-
21:33:02.177 [INFO ] SAM3: 1 detection(s) for 'box'
21:33:02.180 [DEBUG]   det conf=0.96 sim=0.920 pos=0.42 prox=1.00 -> 0.870
21:33:02.181 [INFO ] SAM3: 'box' score=0.96 @ [563 209 775 619]  (top of 1)  sim=0.920
21:33:02.182 [INFO ] SAM3: mask obtained (score=0.963, area=84144 px)
21:33:02.207 [DEBUG] Grasp point: robust centroid (669, 414)
21:33:02.207 [INFO ] MaskTracker: anchor locked (IoU streak=523, last IoU=0.999)
21:33:02.218 [INFO ] frame=523 state=NEAR      c=(670,413) depth=477.0mm  robot xyz=(nan, nan, nan)mm  tilt=-
21:33:02.464 [INFO ] SAM3: 1 detection(s) for 'box'
21:33:02.466 [DEBUG]   det conf=0.97 sim=0.923 pos=0.42 prox=1.00 -> 0.871
21:33:02.468 [INFO ] SAM3: 'box' score=0.97 @ [563 209 775 619]  (top of 1)  sim=0.923
21:33:02.468 [INFO ] SAM3: mask obtained (score=0.965, area=84182 px)
21:33:02.495 [DEBUG] Grasp point: robust centroid (669, 414)
21:33:02.496 [INFO ] MaskTracker: anchor locked (IoU streak=524, last IoU=0.999)
21:33:02.506 [INFO ] frame=524 state=NEAR      c=(670,413) depth=477.0mm  robot xyz=(nan, nan, nan)mm  tilt=-
21:33:02.752 [INFO ] SAM3: 1 detection(s) for 'box'
21:33:02.754 [DEBUG]   det conf=0.96 sim=0.921 pos=0.42 prox=1.00 -> 0.870
21:33:02.756 [INFO ] SAM3: 'box' score=0.96 @ [563 209 775 619]  (top of 1)  sim=0.921
21:33:02.756 [INFO ] SAM3: mask obtained (score=0.965, area=84157 px)
21:33:02.782 [DEBUG] Grasp point: robust centroid (669, 414)
21:33:02.783 [INFO ] MaskTracker: anchor locked (IoU streak=525, last IoU=0.999)
21:33:02.794 [INFO ] frame=525 state=NEAR      c=(670,413) depth=476.9mm  robot xyz=(nan, nan, nan)mm  tilt=-
21:33:03.039 [INFO ] SAM3: 1 detection(s) for 'box'
21:33:03.041 [DEBUG]   det conf=0.96 sim=0.921 pos=0.42 prox=1.00 -> 0.870
21:33:03.043 [INFO ] SAM3: 'box' score=0.96 @ [563 209 775 619]  (top of 1)  sim=0.921
21:33:03.043 [INFO ] SAM3: mask obtained (score=0.961, area=84173 px)
21:33:03.070 [DEBUG] Grasp point: robust centroid (669, 414)
21:33:03.070 [INFO ] MaskTracker: anchor locked (IoU streak=526, last IoU=1.000)
21:33:03.081 [INFO ] frame=526 state=NEAR      c=(670,413) depth=476.9mm  robot xyz=(nan, nan, nan)mm  tilt=-
21:33:03.324 [INFO ] SAM3: 1 detection(s) for 'box'
21:33:03.327 [DEBUG]   det conf=0.96 sim=0.922 pos=0.42 prox=1.00 -> 0.870
21:33:03.329 [INFO ] SAM3: 'box' score=0.96 @ [563 209 775 619]  (top of 1)  sim=0.922
21:33:03.330 [INFO ] SAM3: mask obtained (score=0.963, area=84169 px)
21:33:03.356 [DEBUG] Grasp point: robust centroid (669, 414)
21:33:03.356 [INFO ] MaskTracker: anchor locked (IoU streak=527, last IoU=0.999)
21:33:03.367 [INFO ] frame=527 state=NEAR      c=(670,413) depth=477.1mm  robot xyz=(nan, nan, nan)mm  tilt=-
21:33:03.615 [INFO ] SAM3: 1 detection(s) for 'box'
21:33:03.618 [DEBUG]   det conf=0.96 sim=0.922 pos=0.42 prox=1.00 -> 0.870
21:33:03.619 [INFO ] SAM3: 'box' score=0.96 @ [563 209 775 619]  (top of 1)  sim=0.922
21:33:03.620 [INFO ] SAM3: mask obtained (score=0.964, area=84142 px)
21:33:03.646 [DEBUG] Grasp point: robust centroid (669, 414)
21:33:03.646 [INFO ] MaskTracker: anchor locked (IoU streak=528, last IoU=0.999)
21:33:03.657 [INFO ] frame=528 state=NEAR      c=(670,413) depth=476.9mm  robot xyz=(nan, nan, nan)mm  tilt=-
21:33:03.909 [INFO ] SAM3: 1 detection(s) for 'box'
21:33:03.911 [DEBUG]   det conf=0.97 sim=0.924 pos=0.42 prox=1.00 -> 0.872
21:33:03.913 [INFO ] SAM3: 'box' score=0.97 @ [563 209 775 619]  (top of 1)  sim=0.924
21:33:03.913 [INFO ] SAM3: mask obtained (score=0.965, area=84150 px)
21:33:03.939 [DEBUG] Grasp point: robust centroid (669, 414)
21:33:03.939 [INFO ] MaskTracker: anchor locked (IoU streak=529, last IoU=0.999)
21:33:03.951 [INFO ] frame=529 state=NEAR      c=(670,413) depth=476.9mm  robot xyz=(nan, nan, nan)mm  tilt=-
21:33:04.195 [INFO ] SAM3: 1 detection(s) for 'box'
21:33:04.198 [DEBUG]   det conf=0.96 sim=0.924 pos=0.42 prox=1.00 -> 0.871
21:33:04.199 [INFO ] SAM3: 'box' score=0.96 @ [563 209 775 619]  (top of 1)  sim=0.924
21:33:04.199 [INFO ] SAM3: mask obtained (score=0.961, area=84120 px)
21:33:04.225 [DEBUG] Grasp point: robust centroid (669, 414)
21:33:04.226 [INFO ] MaskTracker: anchor locked (IoU streak=530, last IoU=0.999)
21:33:04.236 [INFO ] frame=530 state=NEAR      c=(670,413) depth=476.9mm  robot xyz=(nan, nan, nan)mm  tilt=-
21:33:04.481 [INFO ] SAM3: 1 detection(s) for 'box'
21:33:04.483 [DEBUG]   det conf=0.96 sim=0.921 pos=0.42 prox=1.00 -> 0.870
21:33:04.485 [INFO ] SAM3: 'box' score=0.96 @ [563 209 775 619]  (top of 1)  sim=0.921
21:33:04.485 [INFO ] SAM3: mask obtained (score=0.962, area=84146 px)
21:33:04.511 [DEBUG] Grasp point: robust centroid (669, 414)
21:33:04.512 [INFO ] MaskTracker: anchor locked (IoU streak=531, last IoU=0.999)
21:33:04.522 [INFO ] frame=531 state=NEAR      c=(670,413) depth=477.0mm  robot xyz=(nan, nan, nan)mm  tilt=-
21:33:04.767 [INFO ] SAM3: 1 detection(s) for 'box'
21:33:04.769 [DEBUG]   det conf=0.96 sim=0.921 pos=0.42 prox=1.00 -> 0.870
21:33:04.771 [INFO ] SAM3: 'box' score=0.96 @ [563 209 775 619]  (top of 1)  sim=0.921
21:33:04.771 [INFO ] SAM3: mask obtained (score=0.963, area=84162 px)
21:33:04.798 [DEBUG] Grasp point: robust centroid (669, 414)
21:33:04.798 [INFO ] MaskTracker: anchor locked (IoU streak=532, last IoU=0.999)
21:33:04.809 [INFO ] frame=532 state=NEAR      c=(670,413) depth=477.1mm  robot xyz=(nan, nan, nan)mm  tilt=-
21:33:05.054 [INFO ] SAM3: 1 detection(s) for 'box'
21:33:05.057 [DEBUG]   det conf=0.96 sim=0.920 pos=0.42 prox=1.00 -> 0.870
21:33:05.058 [INFO ] SAM3: 'box' score=0.96 @ [563 209 775 619]  (top of 1)  sim=0.920
21:33:05.059 [INFO ] SAM3: mask obtained (score=0.963, area=84105 px)
21:33:05.085 [DEBUG] Grasp point: robust centroid (669, 414)
21:33:05.085 [INFO ] MaskTracker: anchor locked (IoU streak=533, last IoU=0.999)
21:33:05.096 [INFO ] frame=533 state=NEAR      c=(670,413) depth=477.3mm  robot xyz=(nan, nan, nan)mm  tilt=-
21:33:05.339 [INFO ] SAM3: 1 detection(s) for 'box'
21:33:05.342 [DEBUG]   det conf=0.96 sim=0.919 pos=0.42 prox=1.00 -> 0.869
21:33:05.343 [INFO ] SAM3: 'box' score=0.96 @ [563 209 775 619]  (top of 1)  sim=0.919
21:33:05.343 [INFO ] SAM3: mask obtained (score=0.963, area=84114 px)
21:33:05.369 [DEBUG] Grasp point: robust centroid (670, 414)
21:33:05.369 [INFO ] MaskTracker: anchor locked (IoU streak=534, last IoU=0.999)
21:33:05.380 [INFO ] frame=534 state=NEAR      c=(670,413) depth=477.0mm  robot xyz=(nan, nan, nan)mm  tilt=-
21:33:05.627 [INFO ] SAM3: 1 detection(s) for 'box'
21:33:05.629 [DEBUG]   det conf=0.96 sim=0.921 pos=0.42 prox=1.00 -> 0.870
21:33:05.631 [INFO ] SAM3: 'box' score=0.96 @ [563 209 775 619]  (top of 1)  sim=0.921
21:33:05.631 [INFO ] SAM3: mask obtained (score=0.962, area=84128 px)
21:33:05.656 [DEBUG] Grasp point: robust centroid (669, 414)
21:33:05.657 [INFO ] MaskTracker: anchor locked (IoU streak=535, last IoU=0.999)
21:33:05.667 [INFO ] frame=535 state=NEAR      c=(670,413) depth=476.8mm  robot xyz=(nan, nan, nan)mm  tilt=-
21:33:05.912 [INFO ] SAM3: 1 detection(s) for 'box'
21:33:05.915 [DEBUG]   det conf=0.96 sim=0.921 pos=0.42 prox=1.00 -> 0.870
21:33:05.916 [INFO ] SAM3: 'box' score=0.96 @ [563 209 775 619]  (top of 1)  sim=0.921
21:33:05.916 [INFO ] SAM3: mask obtained (score=0.961, area=84135 px)
21:33:05.942 [DEBUG] Grasp point: robust centroid (669, 414)
21:33:05.942 [INFO ] MaskTracker: anchor locked (IoU streak=536, last IoU=0.999)
21:33:05.953 [INFO ] frame=536 state=NEAR      c=(670,413) depth=477.3mm  robot xyz=(nan, nan, nan)mm  tilt=-
21:33:06.195 [INFO ] SAM3: 1 detection(s) for 'box'
21:33:06.197 [DEBUG]   det conf=0.96 sim=0.922 pos=0.42 prox=1.00 -> 0.870
21:33:06.199 [INFO ] SAM3: 'box' score=0.96 @ [563 209 775 619]  (top of 1)  sim=0.922
21:33:06.199 [INFO ] SAM3: mask obtained (score=0.962, area=84147 px)
21:33:06.224 [DEBUG] Grasp point: robust centroid (669, 414)
21:33:06.224 [INFO ] MaskTracker: anchor locked (IoU streak=537, last IoU=0.999)
21:33:06.235 [INFO ] frame=537 state=NEAR      c=(670,413) depth=476.8mm  robot xyz=(nan, nan, nan)mm  tilt=-
21:33:06.474 [INFO ] SAM3: 1 detection(s) for 'box'
21:33:06.477 [DEBUG]   det conf=0.96 sim=0.921 pos=0.42 prox=1.00 -> 0.870
21:33:06.478 [INFO ] SAM3: 'box' score=0.96 @ [563 209 775 619]  (top of 1)  sim=0.921
21:33:06.479 [INFO ] SAM3: mask obtained (score=0.964, area=84111 px)
21:33:06.504 [DEBUG] Grasp point: robust centroid (669, 414)
21:33:06.504 [INFO ] MaskTracker: anchor locked (IoU streak=538, last IoU=0.999)
21:33:06.515 [INFO ] frame=538 state=NEAR      c=(670,413) depth=477.3mm  robot xyz=(nan, nan, nan)mm  tilt=-
21:33:06.754 [INFO ] SAM3: 1 detection(s) for 'box'
21:33:06.756 [DEBUG]   det conf=0.96 sim=0.921 pos=0.42 prox=1.00 -> 0.870
21:33:06.758 [INFO ] SAM3: 'box' score=0.96 @ [563 209 775 619]  (top of 1)  sim=0.921
21:33:06.759 [INFO ] SAM3: mask obtained (score=0.962, area=84140 px)
21:33:06.785 [DEBUG] Grasp point: robust centroid (669, 414)
21:33:06.785 [INFO ] MaskTracker: anchor locked (IoU streak=539, last IoU=0.999)
21:33:06.796 [INFO ] frame=539 state=NEAR      c=(670,413) depth=477.1mm  robot xyz=(nan, nan, nan)mm  tilt=-
21:33:07.043 [INFO ] SAM3: 1 detection(s) for 'box'
21:33:07.046 [DEBUG]   det conf=0.97 sim=0.922 pos=0.42 prox=1.00 -> 0.871
21:33:07.047 [INFO ] SAM3: 'box' score=0.97 @ [563 209 775 619]  (top of 1)  sim=0.922
21:33:07.047 [INFO ] SAM3: mask obtained (score=0.965, area=84090 px)
21:33:07.072 [DEBUG] Grasp point: robust centroid (669, 414)
21:33:07.073 [INFO ] MaskTracker: anchor locked (IoU streak=540, last IoU=0.999)
21:33:07.138 [INFO ] frame=540 state=NEAR      c=(670,413) depth=477.6mm  robot xyz=(nan, nan, nan)mm  tilt=-
21:33:07.374 [INFO ] SAM3: 1 detection(s) for 'box'
21:33:07.377 [DEBUG]   det conf=0.96 sim=0.922 pos=0.42 prox=1.00 -> 0.870
21:33:07.378 [INFO ] SAM3: 'box' score=0.96 @ [563 209 775 619]  (top of 1)  sim=0.922
21:33:07.379 [INFO ] SAM3: mask obtained (score=0.961, area=84129 px)
21:33:07.404 [DEBUG] Grasp point: robust centroid (669, 414)
21:33:07.404 [INFO ] MaskTracker: anchor locked (IoU streak=541, last IoU=0.999)
21:33:07.415 [INFO ] frame=541 state=NEAR      c=(670,413) depth=477.5mm  robot xyz=(nan, nan, nan)mm  tilt=-
21:33:07.659 [INFO ] SAM3: 1 detection(s) for 'box'
21:33:07.661 [DEBUG]   det conf=0.96 sim=0.924 pos=0.42 prox=1.00 -> 0.871
21:33:07.663 [INFO ] SAM3: 'box' score=0.96 @ [563 209 775 619]  (top of 1)  sim=0.924
21:33:07.663 [INFO ] SAM3: mask obtained (score=0.963, area=84125 px)
21:33:07.688 [DEBUG] Grasp point: robust centroid (669, 414)
21:33:07.688 [INFO ] MaskTracker: anchor locked (IoU streak=542, last IoU=0.999)
21:33:07.699 [INFO ] frame=542 state=NEAR      c=(670,413) depth=477.8mm  robot xyz=(nan, nan, nan)mm  tilt=-
21:33:07.944 [INFO ] SAM3: 1 detection(s) for 'box'
21:33:07.946 [DEBUG]   det conf=0.96 sim=0.921 pos=0.42 prox=1.00 -> 0.870
21:33:07.948 [INFO ] SAM3: 'box' score=0.96 @ [563 209 775 619]  (top of 1)  sim=0.921
21:33:07.948 [INFO ] SAM3: mask obtained (score=0.965, area=84083 px)
21:33:07.974 [DEBUG] Grasp point: robust centroid (669, 414)
21:33:07.974 [INFO ] MaskTracker: anchor locked (IoU streak=543, last IoU=0.999)
21:33:07.985 [INFO ] frame=543 state=NEAR      c=(670,413) depth=477.5mm  robot xyz=(nan, nan, nan)mm  tilt=-
21:33:08.233 [INFO ] SAM3: 1 detection(s) for 'box'
21:33:08.235 [DEBUG]   det conf=0.96 sim=0.923 pos=0.42 prox=1.00 -> 0.871
21:33:08.236 [INFO ] SAM3: 'box' score=0.96 @ [563 209 775 619]  (top of 1)  sim=0.923
21:33:08.237 [INFO ] SAM3: mask obtained (score=0.960, area=84123 px)
21:33:08.263 [DEBUG] Grasp point: robust centroid (669, 414)
21:33:08.263 [INFO ] MaskTracker: anchor locked (IoU streak=544, last IoU=0.999)
21:33:08.274 [INFO ] frame=544 state=NEAR      c=(670,413) depth=477.7mm  robot xyz=(nan, nan, nan)mm  tilt=-
21:33:08.519 [INFO ] SAM3: 1 detection(s) for 'box'
21:33:08.521 [DEBUG]   det conf=0.96 sim=0.922 pos=0.42 prox=1.00 -> 0.871
21:33:08.522 [INFO ] SAM3: 'box' score=0.96 @ [563 209 775 619]  (top of 1)  sim=0.922
21:33:08.523 [INFO ] SAM3: mask obtained (score=0.964, area=84128 px)
21:33:08.549 [DEBUG] Grasp point: robust centroid (669, 414)
21:33:08.550 [INFO ] MaskTracker: anchor locked (IoU streak=545, last IoU=0.999)
21:33:08.560 [INFO ] frame=545 state=NEAR      c=(670,413) depth=477.7mm  robot xyz=(nan, nan, nan)mm  tilt=-
21:33:08.819 [INFO ] SAM3: 1 detection(s) for 'box'
21:33:08.821 [DEBUG]   det conf=0.96 sim=0.923 pos=0.42 prox=1.00 -> 0.871
21:33:08.823 [INFO ] SAM3: 'box' score=0.96 @ [563 209 775 619]  (top of 1)  sim=0.923
21:33:08.823 [INFO ] SAM3: mask obtained (score=0.961, area=84129 px)
21:33:08.850 [DEBUG] Grasp point: robust centroid (669, 414)
21:33:08.851 [INFO ] MaskTracker: anchor locked (IoU streak=546, last IoU=0.999)
21:33:08.861 [INFO ] frame=546 state=NEAR      c=(670,413) depth=477.7mm  robot xyz=(nan, nan, nan)mm  tilt=-
21:33:09.112 [INFO ] SAM3: 1 detection(s) for 'box'
21:33:09.115 [DEBUG]   det conf=0.97 sim=0.922 pos=0.42 prox=1.00 -> 0.871
21:33:09.116 [INFO ] SAM3: 'box' score=0.97 @ [563 209 775 619]  (top of 1)  sim=0.922
21:33:09.116 [INFO ] SAM3: mask obtained (score=0.965, area=84142 px)
21:33:09.142 [DEBUG] Grasp point: robust centroid (669, 414)
21:33:09.143 [INFO ] MaskTracker: anchor locked (IoU streak=547, last IoU=0.999)
21:33:09.153 [INFO ] frame=547 state=NEAR      c=(670,413) depth=477.8mm  robot xyz=(nan, nan, nan)mm  tilt=-
21:33:09.396 [INFO ] SAM3: 1 detection(s) for 'box'
21:33:09.398 [DEBUG]   det conf=0.96 sim=0.923 pos=0.42 prox=1.00 -> 0.871
21:33:09.400 [INFO ] SAM3: 'box' score=0.96 @ [563 209 775 619]  (top of 1)  sim=0.923
21:33:09.400 [INFO ] SAM3: mask obtained (score=0.963, area=84159 px)
21:33:09.426 [DEBUG] Grasp point: robust centroid (669, 414)
21:33:09.426 [INFO ] MaskTracker: anchor locked (IoU streak=548, last IoU=0.999)
21:33:09.437 [INFO ] frame=548 state=NEAR      c=(670,413) depth=477.8mm  robot xyz=(nan, nan, nan)mm  tilt=-
21:33:09.679 [INFO ] SAM3: 1 detection(s) for 'box'
21:33:09.681 [DEBUG]   det conf=0.96 sim=0.923 pos=0.42 prox=1.00 -> 0.871
21:33:09.682 [INFO ] SAM3: 'box' score=0.96 @ [563 209 775 619]  (top of 1)  sim=0.923
21:33:09.683 [INFO ] SAM3: mask obtained (score=0.964, area=84139 px)
21:33:09.708 [DEBUG] Grasp point: robust centroid (670, 414)
21:33:09.709 [INFO ] MaskTracker: anchor locked (IoU streak=549, last IoU=0.999)
21:33:09.719 [INFO ] frame=549 state=NEAR      c=(670,413) depth=478.0mm  robot xyz=(nan, nan, nan)mm  tilt=-
21:33:09.966 [INFO ] SAM3: 1 detection(s) for 'box'
21:33:09.968 [DEBUG]   det conf=0.96 sim=0.923 pos=0.42 prox=1.00 -> 0.871
21:33:09.969 [INFO ] SAM3: 'box' score=0.96 @ [563 209 775 619]  (top of 1)  sim=0.923
21:33:09.969 [INFO ] SAM3: mask obtained (score=0.958, area=84144 px)
21:33:09.996 [DEBUG] Grasp point: robust centroid (669, 414)
21:33:09.996 [INFO ] MaskTracker: anchor locked (IoU streak=550, last IoU=0.999)
21:33:10.006 [INFO ] frame=550 state=NEAR      c=(670,413) depth=477.9mm  robot xyz=(nan, nan, nan)mm  tilt=-
21:33:10.252 [INFO ] SAM3: 1 detection(s) for 'box'
21:33:10.254 [DEBUG]   det conf=0.96 sim=0.922 pos=0.42 prox=1.00 -> 0.870
21:33:10.256 [INFO ] SAM3: 'box' score=0.96 @ [563 209 775 619]  (top of 1)  sim=0.922
21:33:10.256 [INFO ] SAM3: mask obtained (score=0.964, area=84114 px)
21:33:10.283 [DEBUG] Grasp point: robust centroid (669, 414)
21:33:10.283 [INFO ] MaskTracker: anchor locked (IoU streak=551, last IoU=0.999)
21:33:10.294 [INFO ] frame=551 state=NEAR      c=(670,413) depth=477.6mm  robot xyz=(nan, nan, nan)mm  tilt=-
21:33:10.539 [INFO ] SAM3: 1 detection(s) for 'box'
21:33:10.541 [DEBUG]   det conf=0.96 sim=0.922 pos=0.42 prox=1.00 -> 0.870
21:33:10.543 [INFO ] SAM3: 'box' score=0.96 @ [563 209 775 619]  (top of 1)  sim=0.922
21:33:10.544 [INFO ] SAM3: mask obtained (score=0.962, area=84105 px)
21:33:10.570 [DEBUG] Grasp point: robust centroid (669, 414)
21:33:10.570 [INFO ] MaskTracker: anchor locked (IoU streak=552, last IoU=0.999)
21:33:10.581 [INFO ] frame=552 state=NEAR      c=(670,413) depth=477.5mm  robot xyz=(nan, nan, nan)mm  tilt=-
21:33:10.828 [INFO ] SAM3: 1 detection(s) for 'box'
21:33:10.831 [DEBUG]   det conf=0.96 sim=0.923 pos=0.42 prox=1.00 -> 0.871
21:33:10.832 [INFO ] SAM3: 'box' score=0.96 @ [563 209 775 619]  (top of 1)  sim=0.923
21:33:10.832 [INFO ] SAM3: mask obtained (score=0.964, area=84114 px)
21:33:10.858 [DEBUG] Grasp point: robust centroid (669, 414)
21:33:10.858 [INFO ] MaskTracker: anchor locked (IoU streak=553, last IoU=0.999)
21:33:10.869 [INFO ] frame=553 state=NEAR      c=(670,413) depth=477.5mm  robot xyz=(nan, nan, nan)mm  tilt=-
21:33:11.114 [INFO ] SAM3: 1 detection(s) for 'box'
21:33:11.116 [DEBUG]   det conf=0.97 sim=0.921 pos=0.42 prox=1.00 -> 0.870
21:33:11.118 [INFO ] SAM3: 'box' score=0.97 @ [563 209 775 619]  (top of 1)  sim=0.921
21:33:11.118 [INFO ] SAM3: mask obtained (score=0.966, area=84106 px)
21:33:11.145 [DEBUG] Grasp point: robust centroid (669, 414)
21:33:11.145 [INFO ] MaskTracker: anchor locked (IoU streak=554, last IoU=0.999)
21:33:11.156 [INFO ] frame=554 state=NEAR      c=(670,413) depth=477.5mm  robot xyz=(nan, nan, nan)mm  tilt=-
21:33:11.395 [INFO ] SAM3: 1 detection(s) for 'box'
21:33:11.398 [DEBUG]   det conf=0.96 sim=0.923 pos=0.42 prox=1.00 -> 0.871
21:33:11.399 [INFO ] SAM3: 'box' score=0.96 @ [563 209 775 619]  (top of 1)  sim=0.923
21:33:11.399 [INFO ] SAM3: mask obtained (score=0.962, area=84143 px)
21:33:11.425 [DEBUG] Grasp point: robust centroid (669, 414)
21:33:11.426 [INFO ] MaskTracker: anchor locked (IoU streak=555, last IoU=0.999)
21:33:11.437 [INFO ] frame=555 state=NEAR      c=(670,413) depth=477.3mm  robot xyz=(nan, nan, nan)mm  tilt=-
21:33:11.680 [INFO ] SAM3: 1 detection(s) for 'box'
21:33:11.682 [DEBUG]   det conf=0.97 sim=0.924 pos=0.42 prox=1.00 -> 0.872
21:33:11.684 [INFO ] SAM3: 'box' score=0.97 @ [563 209 775 619]  (top of 1)  sim=0.924
21:33:11.684 [INFO ] SAM3: mask obtained (score=0.967, area=84117 px)
21:33:11.710 [DEBUG] Grasp point: robust centroid (669, 414)
21:33:11.711 [INFO ] MaskTracker: anchor locked (IoU streak=556, last IoU=0.999)
21:33:11.722 [INFO ] frame=556 state=NEAR      c=(670,413) depth=477.0mm  robot xyz=(nan, nan, nan)mm  tilt=-
21:33:11.968 [INFO ] SAM3: 1 detection(s) for 'box'
21:33:11.971 [DEBUG]   det conf=0.96 sim=0.921 pos=0.42 prox=1.00 -> 0.870
21:33:11.972 [INFO ] SAM3: 'box' score=0.96 @ [563 209 775 619]  (top of 1)  sim=0.921
21:33:11.972 [INFO ] SAM3: mask obtained (score=0.963, area=84130 px)
21:33:11.999 [DEBUG] Grasp point: robust centroid (669, 414)
21:33:11.999 [INFO ] MaskTracker: anchor locked (IoU streak=557, last IoU=0.999)
21:33:12.010 [INFO ] frame=557 state=NEAR      c=(670,413) depth=477.0mm  robot xyz=(nan, nan, nan)mm  tilt=-
21:33:12.260 [INFO ] SAM3: 1 detection(s) for 'box'
21:33:12.262 [DEBUG]   det conf=0.96 sim=0.920 pos=0.42 prox=1.00 -> 0.870
21:33:12.264 [INFO ] SAM3: 'box' score=0.96 @ [563 209 775 619]  (top of 1)  sim=0.920
21:33:12.264 [INFO ] SAM3: mask obtained (score=0.963, area=84128 px)
21:33:12.290 [DEBUG] Grasp point: robust centroid (669, 414)
21:33:12.290 [INFO ] MaskTracker: anchor locked (IoU streak=558, last IoU=0.999)
21:33:12.301 [INFO ] frame=558 state=NEAR      c=(670,413) depth=477.0mm  robot xyz=(nan, nan, nan)mm  tilt=-
21:33:12.550 [INFO ] SAM3: 1 detection(s) for 'box'
21:33:12.553 [DEBUG]   det conf=0.97 sim=0.924 pos=0.42 prox=1.00 -> 0.872
21:33:12.554 [INFO ] SAM3: 'box' score=0.97 @ [563 209 775 619]  (top of 1)  sim=0.924
21:33:12.555 [INFO ] SAM3: mask obtained (score=0.966, area=84152 px)
21:33:12.582 [DEBUG] Grasp point: robust centroid (669, 414)
21:33:12.582 [INFO ] MaskTracker: anchor locked (IoU streak=559, last IoU=0.999)
21:33:12.593 [INFO ] frame=559 state=NEAR      c=(670,413) depth=477.1mm  robot xyz=(nan, nan, nan)mm  tilt=-
21:33:12.838 [INFO ] SAM3: 1 detection(s) for 'box'
21:33:12.840 [DEBUG]   det conf=0.96 sim=0.923 pos=0.42 prox=1.00 -> 0.871
21:33:12.842 [INFO ] SAM3: 'box' score=0.96 @ [563 209 775 619]  (top of 1)  sim=0.923
21:33:12.842 [INFO ] SAM3: mask obtained (score=0.963, area=84109 px)
21:33:12.869 [DEBUG] Grasp point: robust centroid (669, 414)
21:33:12.869 [INFO ] MaskTracker: anchor locked (IoU streak=560, last IoU=0.999)
21:33:12.880 [INFO ] frame=560 state=NEAR      c=(670,413) depth=477.1mm  robot xyz=(nan, nan, nan)mm  tilt=-
21:33:13.126 [INFO ] SAM3: 1 detection(s) for 'box'
21:33:13.129 [DEBUG]   det conf=0.96 sim=0.923 pos=0.42 prox=1.00 -> 0.871
21:33:13.130 [INFO ] SAM3: 'box' score=0.96 @ [563 209 775 619]  (top of 1)  sim=0.923
21:33:13.130 [INFO ] SAM3: mask obtained (score=0.963, area=84103 px)
21:33:13.156 [DEBUG] Grasp point: robust centroid (669, 414)
21:33:13.156 [INFO ] MaskTracker: anchor locked (IoU streak=561, last IoU=0.999)
21:33:13.167 [INFO ] frame=561 state=NEAR      c=(670,413) depth=476.7mm  robot xyz=(nan, nan, nan)mm  tilt=-
21:33:13.414 [INFO ] SAM3: 1 detection(s) for 'box'
21:33:13.416 [DEBUG]   det conf=0.96 sim=0.921 pos=0.42 prox=1.00 -> 0.870
21:33:13.418 [INFO ] SAM3: 'box' score=0.96 @ [563 209 775 619]  (top of 1)  sim=0.921
21:33:13.418 [INFO ] SAM3: mask obtained (score=0.959, area=84140 px)
21:33:13.444 [DEBUG] Grasp point: robust centroid (669, 414)
21:33:13.445 [INFO ] MaskTracker: anchor locked (IoU streak=562, last IoU=0.999)
21:33:13.455 [INFO ] frame=562 state=NEAR      c=(670,413) depth=477.1mm  robot xyz=(nan, nan, nan)mm  tilt=-
21:33:13.704 [INFO ] SAM3: 1 detection(s) for 'box'
21:33:13.706 [DEBUG]   det conf=0.97 sim=0.922 pos=0.42 prox=1.00 -> 0.871
21:33:13.708 [INFO ] SAM3: 'box' score=0.97 @ [563 209 775 619]  (top of 1)  sim=0.922
21:33:13.708 [INFO ] SAM3: mask obtained (score=0.967, area=84115 px)
21:33:13.734 [DEBUG] Grasp point: robust centroid (669, 414)
21:33:13.735 [INFO ] MaskTracker: anchor locked (IoU streak=563, last IoU=0.999)
21:33:13.745 [INFO ] frame=563 state=NEAR      c=(670,413) depth=477.2mm  robot xyz=(nan, nan, nan)mm  tilt=-
21:33:13.992 [INFO ] SAM3: 1 detection(s) for 'box'
21:33:13.995 [DEBUG]   det conf=0.96 sim=0.923 pos=0.42 prox=1.00 -> 0.871
21:33:13.996 [INFO ] SAM3: 'box' score=0.96 @ [563 209 775 619]  (top of 1)  sim=0.923
21:33:13.997 [INFO ] SAM3: mask obtained (score=0.965, area=84159 px)
21:33:14.022 [DEBUG] Grasp point: robust centroid (669, 414)
21:33:14.022 [INFO ] MaskTracker: anchor locked (IoU streak=564, last IoU=0.999)
21:33:14.034 [INFO ] frame=564 state=NEAR      c=(670,413) depth=477.2mm  robot xyz=(nan, nan, nan)mm  tilt=-
21:33:14.279 [INFO ] SAM3: 1 detection(s) for 'box'
21:33:14.281 [DEBUG]   det conf=0.97 sim=0.922 pos=0.42 prox=1.00 -> 0.871
21:33:14.282 [INFO ] SAM3: 'box' score=0.97 @ [563 209 775 619]  (top of 1)  sim=0.922
21:33:14.283 [INFO ] SAM3: mask obtained (score=0.966, area=84142 px)
21:33:14.308 [DEBUG] Grasp point: robust centroid (669, 414)
21:33:14.309 [INFO ] MaskTracker: anchor locked (IoU streak=565, last IoU=0.999)
21:33:14.320 [INFO ] frame=565 state=NEAR      c=(670,413) depth=476.7mm  robot xyz=(nan, nan, nan)mm  tilt=-
21:33:14.565 [INFO ] SAM3: 1 detection(s) for 'box'
21:33:14.568 [DEBUG]   det conf=0.96 sim=0.929 pos=0.42 prox=1.00 -> 0.874
21:33:14.569 [INFO ] SAM3: 'box' score=0.96 @ [563 209 776 619]  (top of 1)  sim=0.929
21:33:14.569 [INFO ] SAM3: mask obtained (score=0.963, area=84176 px)
21:33:14.596 [DEBUG] Grasp point: robust centroid (669, 414)
21:33:14.596 [INFO ] MaskTracker: anchor locked (IoU streak=566, last IoU=0.999)
21:33:14.607 [INFO ] frame=566 state=NEAR      c=(670,413) depth=476.7mm  robot xyz=(nan, nan, nan)mm  tilt=-
21:33:14.854 [INFO ] SAM3: 1 detection(s) for 'box'
21:33:14.856 [DEBUG]   det conf=0.96 sim=0.920 pos=0.42 prox=1.00 -> 0.870
21:33:14.858 [INFO ] SAM3: 'box' score=0.96 @ [563 209 775 619]  (top of 1)  sim=0.920
21:33:14.858 [INFO ] SAM3: mask obtained (score=0.962, area=84137 px)
21:33:14.884 [DEBUG] Grasp point: robust centroid (669, 414)
21:33:14.884 [INFO ] MaskTracker: anchor locked (IoU streak=567, last IoU=0.999)
21:33:14.895 [INFO ] frame=567 state=NEAR      c=(670,413) depth=476.7mm  robot xyz=(nan, nan, nan)mm  tilt=-
21:33:15.137 [INFO ] SAM3: 1 detection(s) for 'box'
21:33:15.140 [DEBUG]   det conf=0.96 sim=0.922 pos=0.42 prox=1.00 -> 0.870
21:33:15.141 [INFO ] SAM3: 'box' score=0.96 @ [563 209 775 619]  (top of 1)  sim=0.922
21:33:15.142 [INFO ] SAM3: mask obtained (score=0.959, area=84144 px)
21:33:15.167 [DEBUG] Grasp point: robust centroid (669, 414)
21:33:15.168 [INFO ] MaskTracker: anchor locked (IoU streak=568, last IoU=0.999)
21:33:15.179 [INFO ] frame=568 state=NEAR      c=(670,413) depth=476.4mm  robot xyz=(nan, nan, nan)mm  tilt=-
21:33:15.424 [INFO ] SAM3: 1 detection(s) for 'box'
21:33:15.426 [DEBUG]   det conf=0.96 sim=0.922 pos=0.42 prox=1.00 -> 0.870
21:33:15.428 [INFO ] SAM3: 'box' score=0.96 @ [563 209 775 619]  (top of 1)  sim=0.922
21:33:15.428 [INFO ] SAM3: mask obtained (score=0.964, area=84169 px)
21:33:15.453 [DEBUG] Grasp point: robust centroid (669, 414)
21:33:15.454 [INFO ] MaskTracker: anchor locked (IoU streak=569, last IoU=0.999)
21:33:15.464 [INFO ] frame=569 state=NEAR      c=(670,413) depth=476.5mm  robot xyz=(nan, nan, nan)mm  tilt=-
21:33:15.708 [INFO ] SAM3: 1 detection(s) for 'box'
21:33:15.711 [DEBUG]   det conf=0.96 sim=0.923 pos=0.42 prox=1.00 -> 0.871
21:33:15.713 [INFO ] SAM3: 'box' score=0.96 @ [563 209 775 619]  (top of 1)  sim=0.923
21:33:15.713 [INFO ] SAM3: mask obtained (score=0.960, area=84125 px)
21:33:15.739 [DEBUG] Grasp point: robust centroid (669, 414)
21:33:15.739 [INFO ] MaskTracker: anchor locked (IoU streak=570, last IoU=0.999)
21:33:15.804 [INFO ] frame=570 state=NEAR      c=(670,413) depth=476.5mm  robot xyz=(nan, nan, nan)mm  tilt=-
21:33:16.050 [INFO ] SAM3: 1 detection(s) for 'box'
21:33:16.052 [DEBUG]   det conf=0.96 sim=0.922 pos=0.42 prox=1.00 -> 0.871
21:33:16.054 [INFO ] SAM3: 'box' score=0.96 @ [563 209 775 619]  (top of 1)  sim=0.922
21:33:16.054 [INFO ] SAM3: mask obtained (score=0.963, area=84125 px)
21:33:16.080 [DEBUG] Grasp point: robust centroid (669, 414)
21:33:16.080 [INFO ] MaskTracker: anchor locked (IoU streak=571, last IoU=0.999)
21:33:16.091 [INFO ] frame=571 state=NEAR      c=(670,413) depth=476.8mm  robot xyz=(nan, nan, nan)mm  tilt=-
21:33:16.333 [INFO ] SAM3: 1 detection(s) for 'box'
21:33:16.336 [DEBUG]   det conf=0.97 sim=0.921 pos=0.42 prox=1.00 -> 0.870
21:33:16.338 [INFO ] SAM3: 'box' score=0.97 @ [563 209 775 619]  (top of 1)  sim=0.921
21:33:16.338 [INFO ] SAM3: mask obtained (score=0.965, area=84102 px)
21:33:16.364 [DEBUG] Grasp point: robust centroid (669, 414)
21:33:16.365 [INFO ] MaskTracker: anchor locked (IoU streak=572, last IoU=0.999)
21:33:16.376 [INFO ] frame=572 state=NEAR      c=(670,413) depth=476.8mm  robot xyz=(nan, nan, nan)mm  tilt=-
21:33:16.622 [INFO ] SAM3: 1 detection(s) for 'box'
21:33:16.625 [DEBUG]   det conf=0.96 sim=0.922 pos=0.42 prox=1.00 -> 0.871
21:33:16.626 [INFO ] SAM3: 'box' score=0.96 @ [563 209 775 619]  (top of 1)  sim=0.922
21:33:16.626 [INFO ] SAM3: mask obtained (score=0.964, area=84161 px)
21:33:16.652 [DEBUG] Grasp point: robust centroid (669, 414)
21:33:16.652 [INFO ] MaskTracker: anchor locked (IoU streak=573, last IoU=0.999)
21:33:16.662 [INFO ] frame=573 state=NEAR      c=(670,413) depth=476.9mm  robot xyz=(nan, nan, nan)mm  tilt=-
21:33:16.910 [INFO ] SAM3: 1 detection(s) for 'box'
21:33:16.912 [DEBUG]   det conf=0.96 sim=0.922 pos=0.42 prox=1.00 -> 0.870
21:33:16.913 [INFO ] SAM3: 'box' score=0.96 @ [563 209 775 619]  (top of 1)  sim=0.922
21:33:16.914 [INFO ] SAM3: mask obtained (score=0.962, area=84136 px)
21:33:16.939 [DEBUG] Grasp point: robust centroid (669, 414)
21:33:16.940 [INFO ] MaskTracker: anchor locked (IoU streak=574, last IoU=0.999)
21:33:16.950 [INFO ] frame=574 state=NEAR      c=(670,413) depth=476.8mm  robot xyz=(nan, nan, nan)mm  tilt=-
21:33:17.196 [INFO ] SAM3: 1 detection(s) for 'box'
21:33:17.199 [DEBUG]   det conf=0.97 sim=0.921 pos=0.42 prox=1.00 -> 0.870
21:33:17.200 [INFO ] SAM3: 'box' score=0.97 @ [563 209 775 619]  (top of 1)  sim=0.921
21:33:17.200 [INFO ] SAM3: mask obtained (score=0.966, area=84162 px)
21:33:17.227 [DEBUG] Grasp point: robust centroid (669, 414)
21:33:17.227 [INFO ] MaskTracker: anchor locked (IoU streak=575, last IoU=0.999)
21:33:17.238 [INFO ] frame=575 state=NEAR      c=(670,413) depth=476.9mm  robot xyz=(nan, nan, nan)mm  tilt=-
21:33:17.492 [INFO ] SAM3: 1 detection(s) for 'box'
21:33:17.494 [DEBUG]   det conf=0.96 sim=0.922 pos=0.42 prox=1.00 -> 0.870
21:33:17.497 [INFO ] SAM3: 'box' score=0.96 @ [563 209 775 619]  (top of 1)  sim=0.922
21:33:17.497 [INFO ] SAM3: mask obtained (score=0.963, area=84148 px)
21:33:17.523 [DEBUG] Grasp point: robust centroid (669, 414)
21:33:17.523 [INFO ] MaskTracker: anchor locked (IoU streak=576, last IoU=0.999)
21:33:17.535 [INFO ] frame=576 state=NEAR      c=(670,413) depth=477.2mm  robot xyz=(nan, nan, nan)mm  tilt=-
21:33:17.782 [INFO ] SAM3: 1 detection(s) for 'box'
21:33:17.784 [DEBUG]   det conf=0.96 sim=0.924 pos=0.42 prox=1.00 -> 0.871
21:33:17.785 [INFO ] SAM3: 'box' score=0.96 @ [563 209 775 619]  (top of 1)  sim=0.924
21:33:17.786 [INFO ] SAM3: mask obtained (score=0.964, area=84167 px)
21:33:17.813 [DEBUG] Grasp point: robust centroid (669, 414)
21:33:17.813 [INFO ] MaskTracker: anchor locked (IoU streak=577, last IoU=0.999)
21:33:17.825 [INFO ] frame=577 state=NEAR      c=(670,413) depth=476.9mm  robot xyz=(nan, nan, nan)mm  tilt=-
21:33:18.073 [INFO ] SAM3: 1 detection(s) for 'box'
21:33:18.076 [DEBUG]   det conf=0.96 sim=0.922 pos=0.42 prox=1.00 -> 0.870
21:33:18.078 [INFO ] SAM3: 'box' score=0.96 @ [563 209 775 619]  (top of 1)  sim=0.922
21:33:18.079 [INFO ] SAM3: mask obtained (score=0.962, area=84128 px)
21:33:18.104 [DEBUG] Grasp point: robust centroid (669, 414)
21:33:18.104 [INFO ] MaskTracker: anchor locked (IoU streak=578, last IoU=0.999)
21:33:18.116 [INFO ] frame=578 state=NEAR      c=(670,413) depth=477.0mm  robot xyz=(nan, nan, nan)mm  tilt=-
21:33:18.363 [INFO ] SAM3: 1 detection(s) for 'box'
21:33:18.366 [DEBUG]   det conf=0.96 sim=0.919 pos=0.42 prox=1.00 -> 0.869
21:33:18.367 [INFO ] SAM3: 'box' score=0.96 @ [563 209 775 619]  (top of 1)  sim=0.919
21:33:18.367 [INFO ] SAM3: mask obtained (score=0.964, area=84169 px)
21:33:18.393 [DEBUG] Grasp point: robust centroid (669, 414)
21:33:18.394 [INFO ] MaskTracker: anchor locked (IoU streak=579, last IoU=0.999)
21:33:18.404 [INFO ] frame=579 state=NEAR      c=(670,413) depth=476.9mm  robot xyz=(nan, nan, nan)mm  tilt=-
21:33:18.643 [INFO ] SAM3: 1 detection(s) for 'box'
21:33:18.646 [DEBUG]   det conf=0.96 sim=0.921 pos=0.42 prox=1.00 -> 0.870
21:33:18.647 [INFO ] SAM3: 'box' score=0.96 @ [563 209 775 619]  (top of 1)  sim=0.921
21:33:18.647 [INFO ] SAM3: mask obtained (score=0.961, area=84132 px)
21:33:18.673 [DEBUG] Grasp point: robust centroid (669, 414)
21:33:18.673 [INFO ] MaskTracker: anchor locked (IoU streak=580, last IoU=0.999)
21:33:18.684 [INFO ] frame=580 state=NEAR      c=(670,413) depth=476.5mm  robot xyz=(nan, nan, nan)mm  tilt=-
21:33:18.925 [INFO ] SAM3: 1 detection(s) for 'box'
21:33:18.928 [DEBUG]   det conf=0.97 sim=0.922 pos=0.42 prox=1.00 -> 0.871
21:33:18.931 [INFO ] SAM3: 'box' score=0.97 @ [563 209 775 619]  (top of 1)  sim=0.922
21:33:18.931 [INFO ] SAM3: mask obtained (score=0.967, area=84140 px)
21:33:18.958 [DEBUG] Grasp point: robust centroid (669, 414)
21:33:18.959 [INFO ] MaskTracker: anchor locked (IoU streak=581, last IoU=0.999)
21:33:18.970 [INFO ] frame=581 state=NEAR      c=(670,413) depth=476.4mm  robot xyz=(nan, nan, nan)mm  tilt=-
21:33:19.218 [INFO ] SAM3: 1 detection(s) for 'box'
21:33:19.220 [DEBUG]   det conf=0.96 sim=0.921 pos=0.42 prox=1.00 -> 0.870
21:33:19.222 [INFO ] SAM3: 'box' score=0.96 @ [563 209 775 619]  (top of 1)  sim=0.921
21:33:19.222 [INFO ] SAM3: mask obtained (score=0.964, area=84152 px)
21:33:19.249 [DEBUG] Grasp point: robust centroid (669, 414)
21:33:19.249 [INFO ] MaskTracker: anchor locked (IoU streak=582, last IoU=0.999)
21:33:19.260 [INFO ] frame=582 state=NEAR      c=(670,413) depth=476.6mm  robot xyz=(nan, nan, nan)mm  tilt=-
21:33:19.504 [INFO ] SAM3: 1 detection(s) for 'box'
21:33:19.506 [DEBUG]   det conf=0.96 sim=0.922 pos=0.42 prox=1.00 -> 0.871
21:33:19.508 [INFO ] SAM3: 'box' score=0.96 @ [563 209 775 619]  (top of 1)  sim=0.922
21:33:19.508 [INFO ] SAM3: mask obtained (score=0.962, area=84121 px)
21:33:19.535 [DEBUG] Grasp point: robust centroid (669, 414)
21:33:19.535 [INFO ] MaskTracker: anchor locked (IoU streak=583, last IoU=0.999)
21:33:19.546 [INFO ] frame=583 state=NEAR      c=(670,413) depth=476.2mm  robot xyz=(nan, nan, nan)mm  tilt=-
21:33:19.793 [INFO ] SAM3: 1 detection(s) for 'box'
21:33:19.796 [DEBUG]   det conf=0.96 sim=0.922 pos=0.42 prox=1.00 -> 0.870
21:33:19.798 [INFO ] SAM3: 'box' score=0.96 @ [563 209 775 619]  (top of 1)  sim=0.922
21:33:19.798 [INFO ] SAM3: mask obtained (score=0.961, area=84182 px)
21:33:19.825 [DEBUG] Grasp point: robust centroid (669, 414)
21:33:19.825 [INFO ] MaskTracker: anchor locked (IoU streak=584, last IoU=0.999)
21:33:19.836 [INFO ] frame=584 state=NEAR      c=(670,413) depth=476.2mm  robot xyz=(nan, nan, nan)mm  tilt=-
21:33:20.077 [INFO ] SAM3: 1 detection(s) for 'box'
21:33:20.080 [DEBUG]   det conf=0.97 sim=0.922 pos=0.42 prox=1.00 -> 0.871
21:33:20.082 [INFO ] SAM3: 'box' score=0.97 @ [563 209 775 619]  (top of 1)  sim=0.922
21:33:20.082 [INFO ] SAM3: mask obtained (score=0.966, area=84178 px)
21:33:20.108 [DEBUG] Grasp point: robust centroid (669, 414)
21:33:20.109 [INFO ] MaskTracker: anchor locked (IoU streak=585, last IoU=0.999)
21:33:20.119 [INFO ] frame=585 state=NEAR      c=(670,413) depth=476.3mm  robot xyz=(nan, nan, nan)mm  tilt=-
21:33:20.365 [INFO ] SAM3: 1 detection(s) for 'box'
21:33:20.367 [DEBUG]   det conf=0.96 sim=0.921 pos=0.42 prox=1.00 -> 0.870
21:33:20.370 [INFO ] SAM3: 'box' score=0.96 @ [563 209 775 619]  (top of 1)  sim=0.921
21:33:20.370 [INFO ] SAM3: mask obtained (score=0.962, area=84158 px)
21:33:20.397 [DEBUG] Grasp point: robust centroid (669, 414)
21:33:20.397 [INFO ] MaskTracker: anchor locked (IoU streak=586, last IoU=0.999)
21:33:20.408 [INFO ] frame=586 state=NEAR      c=(670,413) depth=476.4mm  robot xyz=(nan, nan, nan)mm  tilt=-
21:33:20.656 [INFO ] SAM3: 1 detection(s) for 'box'
21:33:20.658 [DEBUG]   det conf=0.96 sim=0.921 pos=0.42 prox=1.00 -> 0.870
21:33:20.660 [INFO ] SAM3: 'box' score=0.96 @ [563 209 775 619]  (top of 1)  sim=0.921
21:33:20.661 [INFO ] SAM3: mask obtained (score=0.963, area=84110 px)
21:33:20.686 [DEBUG] Grasp point: robust centroid (669, 414)
21:33:20.687 [INFO ] MaskTracker: anchor locked (IoU streak=587, last IoU=0.999)
21:33:20.697 [INFO ] frame=587 state=NEAR      c=(670,413) depth=476.6mm  robot xyz=(nan, nan, nan)mm  tilt=-
21:33:20.946 [INFO ] SAM3: 1 detection(s) for 'box'
21:33:20.949 [DEBUG]   det conf=0.97 sim=0.922 pos=0.42 prox=1.00 -> 0.871
21:33:20.951 [INFO ] SAM3: 'box' score=0.97 @ [563 209 775 619]  (top of 1)  sim=0.922
21:33:20.951 [INFO ] SAM3: mask obtained (score=0.966, area=84144 px)
21:33:20.977 [DEBUG] Grasp point: robust centroid (669, 414)
21:33:20.977 [INFO ] MaskTracker: anchor locked (IoU streak=588, last IoU=0.999)
21:33:20.988 [INFO ] frame=588 state=NEAR      c=(670,413) depth=476.6mm  robot xyz=(nan, nan, nan)mm  tilt=-
21:33:21.234 [INFO ] SAM3: 1 detection(s) for 'box'
21:33:21.236 [DEBUG]   det conf=0.96 sim=0.920 pos=0.42 prox=1.00 -> 0.870
21:33:21.238 [INFO ] SAM3: 'box' score=0.96 @ [563 209 775 619]  (top of 1)  sim=0.920
21:33:21.238 [INFO ] SAM3: mask obtained (score=0.963, area=84143 px)
21:33:21.265 [DEBUG] Grasp point: robust centroid (669, 414)
21:33:21.265 [INFO ] MaskTracker: anchor locked (IoU streak=589, last IoU=0.999)
21:33:21.277 [INFO ] frame=589 state=NEAR      c=(670,413) depth=476.8mm  robot xyz=(nan, nan, nan)mm  tilt=-
21:33:21.516 [INFO ] SAM3: 1 detection(s) for 'box'
21:33:21.519 [DEBUG]   det conf=0.97 sim=0.923 pos=0.42 prox=1.00 -> 0.871
21:33:21.521 [INFO ] SAM3: 'box' score=0.97 @ [563 209 775 619]  (top of 1)  sim=0.923
21:33:21.521 [INFO ] SAM3: mask obtained (score=0.967, area=84088 px)
21:33:21.547 [DEBUG] Grasp point: robust centroid (669, 414)
21:33:21.548 [INFO ] MaskTracker: anchor locked (IoU streak=590, last IoU=0.999)
21:33:21.559 [INFO ] frame=590 state=NEAR      c=(670,413) depth=477.2mm  robot xyz=(nan, nan, nan)mm  tilt=-
21:33:21.807 [INFO ] SAM3: 1 detection(s) for 'box'
21:33:21.810 [DEBUG]   det conf=0.96 sim=0.922 pos=0.42 prox=1.00 -> 0.870
21:33:21.812 [INFO ] SAM3: 'box' score=0.96 @ [563 209 775 619]  (top of 1)  sim=0.922
21:33:21.812 [INFO ] SAM3: mask obtained (score=0.964, area=84129 px)
21:33:21.837 [DEBUG] Grasp point: robust centroid (669, 414)
21:33:21.838 [INFO ] MaskTracker: anchor locked (IoU streak=591, last IoU=0.999)
21:33:21.849 [INFO ] frame=591 state=NEAR      c=(670,413) depth=476.8mm  robot xyz=(nan, nan, nan)mm  tilt=-
21:33:22.097 [INFO ] SAM3: 1 detection(s) for 'box'
21:33:22.100 [DEBUG]   det conf=0.96 sim=0.923 pos=0.42 prox=1.00 -> 0.871
21:33:22.101 [INFO ] SAM3: 'box' score=0.96 @ [563 209 775 619]  (top of 1)  sim=0.923
21:33:22.102 [INFO ] SAM3: mask obtained (score=0.964, area=84141 px)
21:33:22.128 [DEBUG] Grasp point: robust centroid (669, 414)
21:33:22.129 [INFO ] MaskTracker: anchor locked (IoU streak=592, last IoU=0.999)
21:33:22.139 [INFO ] frame=592 state=NEAR      c=(670,413) depth=476.9mm  robot xyz=(nan, nan, nan)mm  tilt=-
21:33:22.390 [INFO ] SAM3: 1 detection(s) for 'box'
21:33:22.392 [DEBUG]   det conf=0.96 sim=0.924 pos=0.42 prox=1.00 -> 0.871
21:33:22.394 [INFO ] SAM3: 'box' score=0.96 @ [563 209 775 619]  (top of 1)  sim=0.924
21:33:22.395 [INFO ] SAM3: mask obtained (score=0.958, area=84150 px)
21:33:22.420 [DEBUG] Grasp point: robust centroid (669, 414)
21:33:22.421 [INFO ] MaskTracker: anchor locked (IoU streak=593, last IoU=0.999)
21:33:22.432 [INFO ] frame=593 state=NEAR      c=(670,413) depth=476.7mm  robot xyz=(nan, nan, nan)mm  tilt=-
21:33:22.677 [INFO ] SAM3: 1 detection(s) for 'box'
21:33:22.680 [DEBUG]   det conf=0.97 sim=0.922 pos=0.42 prox=1.00 -> 0.871
21:33:22.681 [INFO ] SAM3: 'box' score=0.97 @ [563 209 775 619]  (top of 1)  sim=0.922
21:33:22.682 [INFO ] SAM3: mask obtained (score=0.966, area=84134 px)
21:33:22.709 [DEBUG] Grasp point: robust centroid (669, 414)
21:33:22.709 [INFO ] MaskTracker: anchor locked (IoU streak=594, last IoU=0.999)
21:33:22.720 [INFO ] frame=594 state=NEAR      c=(670,413) depth=476.6mm  robot xyz=(nan, nan, nan)mm  tilt=-
21:33:22.967 [INFO ] SAM3: 1 detection(s) for 'box'
21:33:22.969 [DEBUG]   det conf=0.96 sim=0.922 pos=0.42 prox=1.00 -> 0.870
21:33:22.971 [INFO ] SAM3: 'box' score=0.96 @ [563 209 775 619]  (top of 1)  sim=0.922
21:33:22.971 [INFO ] SAM3: mask obtained (score=0.963, area=84138 px)
21:33:22.997 [DEBUG] Grasp point: robust centroid (669, 414)
21:33:22.998 [INFO ] MaskTracker: anchor locked (IoU streak=595, last IoU=0.999)
21:33:23.008 [INFO ] frame=595 state=NEAR      c=(670,413) depth=476.6mm  robot xyz=(nan, nan, nan)mm  tilt=-
21:33:23.257 [INFO ] SAM3: 1 detection(s) for 'box'
21:33:23.259 [DEBUG]   det conf=0.96 sim=0.921 pos=0.42 prox=1.00 -> 0.870
21:33:23.261 [INFO ] SAM3: 'box' score=0.96 @ [563 209 775 619]  (top of 1)  sim=0.921
21:33:23.261 [INFO ] SAM3: mask obtained (score=0.963, area=84141 px)
21:33:23.286 [DEBUG] Grasp point: robust centroid (669, 414)
21:33:23.287 [INFO ] MaskTracker: anchor locked (IoU streak=596, last IoU=0.999)
21:33:23.297 [INFO ] frame=596 state=NEAR      c=(670,413) depth=476.7mm  robot xyz=(nan, nan, nan)mm  tilt=-
21:33:23.544 [INFO ] SAM3: 1 detection(s) for 'box'
21:33:23.546 [DEBUG]   det conf=0.96 sim=0.921 pos=0.42 prox=1.00 -> 0.870
21:33:23.548 [INFO ] SAM3: 'box' score=0.96 @ [563 209 775 619]  (top of 1)  sim=0.921
21:33:23.548 [INFO ] SAM3: mask obtained (score=0.965, area=84129 px)
21:33:23.574 [DEBUG] Grasp point: robust centroid (669, 414)
21:33:23.575 [INFO ] MaskTracker: anchor locked (IoU streak=597, last IoU=0.999)
21:33:23.585 [INFO ] frame=597 state=NEAR      c=(670,413) depth=476.6mm  robot xyz=(nan, nan, nan)mm  tilt=-
21:33:23.826 [INFO ] SAM3: 1 detection(s) for 'box'
21:33:23.828 [DEBUG]   det conf=0.96 sim=0.919 pos=0.42 prox=1.00 -> 0.869
21:33:23.830 [INFO ] SAM3: 'box' score=0.96 @ [563 209 775 619]  (top of 1)  sim=0.919
21:33:23.830 [INFO ] SAM3: mask obtained (score=0.962, area=84122 px)
21:33:23.855 [DEBUG] Grasp point: robust centroid (669, 414)
21:33:23.856 [INFO ] MaskTracker: anchor locked (IoU streak=598, last IoU=0.999)
21:33:23.866 [INFO ] frame=598 state=NEAR      c=(670,413) depth=476.6mm  robot xyz=(nan, nan, nan)mm  tilt=-
21:33:24.104 [INFO ] SAM3: 1 detection(s) for 'box'
21:33:24.107 [DEBUG]   det conf=0.96 sim=0.921 pos=0.42 prox=1.00 -> 0.870
21:33:24.109 [INFO ] SAM3: 'box' score=0.96 @ [563 209 775 619]  (top of 1)  sim=0.921
21:33:24.109 [INFO ] SAM3: mask obtained (score=0.963, area=84093 px)
21:33:24.135 [DEBUG] Grasp point: robust centroid (669, 414)
21:33:24.135 [INFO ] MaskTracker: anchor locked (IoU streak=599, last IoU=0.999)
21:33:24.145 [INFO ] frame=599 state=NEAR      c=(670,413) depth=476.6mm  robot xyz=(nan, nan, nan)mm  tilt=-
21:33:24.388 [INFO ] SAM3: 1 detection(s) for 'box'
21:33:24.391 [DEBUG]   det conf=0.96 sim=0.920 pos=0.42 prox=1.00 -> 0.870
21:33:24.393 [INFO ] SAM3: 'box' score=0.96 @ [563 209 775 619]  (top of 1)  sim=0.920
21:33:24.393 [INFO ] SAM3: mask obtained (score=0.964, area=84091 px)
21:33:24.419 [DEBUG] Grasp point: robust centroid (669, 414)
21:33:24.420 [INFO ] MaskTracker: anchor locked (IoU streak=600, last IoU=0.999)
21:33:24.486 [INFO ] frame=600 state=NEAR      c=(670,413) depth=476.7mm  robot xyz=(nan, nan, nan)mm  tilt=-
21:33:24.730 [INFO ] SAM3: 1 detection(s) for 'box'
21:33:24.733 [DEBUG]   det conf=0.96 sim=0.922 pos=0.42 prox=1.00 -> 0.870
21:33:24.734 [INFO ] SAM3: 'box' score=0.96 @ [563 209 775 619]  (top of 1)  sim=0.922
21:33:24.734 [INFO ] SAM3: mask obtained (score=0.961, area=84069 px)
21:33:24.760 [DEBUG] Grasp point: robust centroid (669, 414)
21:33:24.761 [INFO ] MaskTracker: anchor locked (IoU streak=601, last IoU=0.999)
21:33:24.772 [INFO ] frame=601 state=NEAR      c=(670,413) depth=476.6mm  robot xyz=(nan, nan, nan)mm  tilt=-
21:33:25.013 [INFO ] SAM3: 1 detection(s) for 'box'
21:33:25.016 [DEBUG]   det conf=0.96 sim=0.921 pos=0.42 prox=1.00 -> 0.870
21:33:25.017 [INFO ] SAM3: 'box' score=0.96 @ [563 209 775 619]  (top of 1)  sim=0.921
21:33:25.017 [INFO ] SAM3: mask obtained (score=0.963, area=84127 px)
21:33:25.044 [DEBUG] Grasp point: robust centroid (669, 414)
21:33:25.045 [INFO ] MaskTracker: anchor locked (IoU streak=602, last IoU=0.999)
21:33:25.055 [INFO ] frame=602 state=NEAR      c=(670,413) depth=476.6mm  robot xyz=(nan, nan, nan)mm  tilt=-
21:33:25.303 [INFO ] SAM3: 1 detection(s) for 'box'
21:33:25.305 [DEBUG]   det conf=0.96 sim=0.921 pos=0.42 prox=1.00 -> 0.870
21:33:25.307 [INFO ] SAM3: 'box' score=0.96 @ [563 209 775 619]  (top of 1)  sim=0.921
21:33:25.307 [INFO ] SAM3: mask obtained (score=0.962, area=84149 px)
21:33:25.333 [DEBUG] Grasp point: robust centroid (669, 414)
21:33:25.333 [INFO ] MaskTracker: anchor locked (IoU streak=603, last IoU=0.999)
21:33:25.344 [INFO ] frame=603 state=NEAR      c=(670,413) depth=476.6mm  robot xyz=(nan, nan, nan)mm  tilt=-
21:33:25.590 [INFO ] SAM3: 1 detection(s) for 'box'
21:33:25.593 [DEBUG]   det conf=0.96 sim=0.920 pos=0.42 prox=1.00 -> 0.870
21:33:25.594 [INFO ] SAM3: 'box' score=0.96 @ [563 209 775 619]  (top of 1)  sim=0.920
21:33:25.595 [INFO ] SAM3: mask obtained (score=0.964, area=84104 px)
21:33:25.620 [DEBUG] Grasp point: robust centroid (669, 414)
21:33:25.621 [INFO ] MaskTracker: anchor locked (IoU streak=604, last IoU=0.999)
21:33:25.632 [INFO ] frame=604 state=NEAR      c=(670,413) depth=476.6mm  robot xyz=(nan, nan, nan)mm  tilt=-
21:33:25.873 [INFO ] SAM3: 1 detection(s) for 'box'
21:33:25.875 [DEBUG]   det conf=0.96 sim=0.922 pos=0.42 prox=1.00 -> 0.870
21:33:25.877 [INFO ] SAM3: 'box' score=0.96 @ [563 209 775 619]  (top of 1)  sim=0.922
21:33:25.877 [INFO ] SAM3: mask obtained (score=0.962, area=84121 px)
21:33:25.903 [DEBUG] Grasp point: robust centroid (669, 414)
21:33:25.903 [INFO ] MaskTracker: anchor locked (IoU streak=605, last IoU=0.999)
21:33:25.914 [INFO ] frame=605 state=NEAR      c=(670,413) depth=476.6mm  robot xyz=(nan, nan, nan)mm  tilt=-
21:33:26.162 [INFO ] SAM3: 1 detection(s) for 'box'
21:33:26.164 [DEBUG]   det conf=0.97 sim=0.920 pos=0.42 prox=1.00 -> 0.870
21:33:26.166 [INFO ] SAM3: 'box' score=0.97 @ [563 209 775 619]  (top of 1)  sim=0.920
21:33:26.166 [INFO ] SAM3: mask obtained (score=0.966, area=84123 px)
21:33:26.192 [DEBUG] Grasp point: robust centroid (669, 414)
21:33:26.192 [INFO ] MaskTracker: anchor locked (IoU streak=606, last IoU=0.999)
21:33:26.203 [INFO ] frame=606 state=NEAR      c=(670,413) depth=476.7mm  robot xyz=(nan, nan, nan)mm  tilt=-
21:33:26.450 [INFO ] SAM3: 1 detection(s) for 'box'
21:33:26.452 [DEBUG]   det conf=0.97 sim=0.922 pos=0.42 prox=1.00 -> 0.871
21:33:26.454 [INFO ] SAM3: 'box' score=0.97 @ [563 209 775 619]  (top of 1)  sim=0.922
21:33:26.454 [INFO ] SAM3: mask obtained (score=0.966, area=84129 px)
21:33:26.481 [DEBUG] Grasp point: robust centroid (669, 414)
21:33:26.482 [INFO ] MaskTracker: anchor locked (IoU streak=607, last IoU=0.999)
21:33:26.494 [INFO ] frame=607 state=NEAR      c=(670,413) depth=476.6mm  robot xyz=(nan, nan, nan)mm  tilt=-
21:33:26.738 [INFO ] SAM3: 1 detection(s) for 'box'
21:33:26.740 [DEBUG]   det conf=0.96 sim=0.922 pos=0.42 prox=1.00 -> 0.871
21:33:26.742 [INFO ] SAM3: 'box' score=0.96 @ [563 209 775 619]  (top of 1)  sim=0.922
21:33:26.742 [INFO ] SAM3: mask obtained (score=0.964, area=84120 px)
21:33:26.768 [DEBUG] Grasp point: robust centroid (669, 414)
21:33:26.768 [INFO ] MaskTracker: anchor locked (IoU streak=608, last IoU=0.999)
21:33:26.779 [INFO ] frame=608 state=NEAR      c=(670,413) depth=476.7mm  robot xyz=(nan, nan, nan)mm  tilt=-
21:33:27.026 [INFO ] SAM3: 1 detection(s) for 'box'
21:33:27.028 [DEBUG]   det conf=0.97 sim=0.921 pos=0.42 prox=1.00 -> 0.871
21:33:27.030 [INFO ] SAM3: 'box' score=0.97 @ [563 209 775 619]  (top of 1)  sim=0.921
21:33:27.030 [INFO ] SAM3: mask obtained (score=0.967, area=84112 px)
21:33:27.056 [DEBUG] Grasp point: robust centroid (669, 414)
21:33:27.057 [INFO ] MaskTracker: anchor locked (IoU streak=609, last IoU=0.999)
21:33:27.067 [INFO ] frame=609 state=NEAR      c=(670,413) depth=476.7mm  robot xyz=(nan, nan, nan)mm  tilt=-
21:33:27.310 [INFO ] SAM3: 1 detection(s) for 'box'
21:33:27.313 [DEBUG]   det conf=0.96 sim=0.921 pos=0.42 prox=1.00 -> 0.870
21:33:27.314 [INFO ] SAM3: 'box' score=0.96 @ [563 209 775 619]  (top of 1)  sim=0.921
21:33:27.315 [INFO ] SAM3: mask obtained (score=0.962, area=84110 px)
21:33:27.340 [DEBUG] Grasp point: robust centroid (669, 414)
21:33:27.341 [INFO ] MaskTracker: anchor locked (IoU streak=610, last IoU=0.999)
21:33:27.351 [INFO ] frame=610 state=NEAR      c=(670,413) depth=476.6mm  robot xyz=(nan, nan, nan)mm  tilt=-
21:33:27.594 [INFO ] SAM3: 1 detection(s) for 'box'
21:33:27.596 [DEBUG]   det conf=0.96 sim=0.923 pos=0.42 prox=1.00 -> 0.871
21:33:27.598 [INFO ] SAM3: 'box' score=0.96 @ [563 209 775 619]  (top of 1)  sim=0.923
21:33:27.598 [INFO ] SAM3: mask obtained (score=0.962, area=84152 px)
21:33:27.625 [DEBUG] Grasp point: robust centroid (669, 414)
21:33:27.625 [INFO ] MaskTracker: anchor locked (IoU streak=611, last IoU=0.999)
21:33:27.636 [INFO ] frame=611 state=NEAR      c=(670,413) depth=476.7mm  robot xyz=(nan, nan, nan)mm  tilt=-
21:33:27.883 [INFO ] SAM3: 1 detection(s) for 'box'
21:33:27.886 [DEBUG]   det conf=0.96 sim=0.921 pos=0.42 prox=1.00 -> 0.870
21:33:27.888 [INFO ] SAM3: 'box' score=0.96 @ [563 209 775 619]  (top of 1)  sim=0.921
21:33:27.888 [INFO ] SAM3: mask obtained (score=0.963, area=84085 px)
21:33:27.914 [DEBUG] Grasp point: robust centroid (669, 414)
21:33:27.915 [INFO ] MaskTracker: anchor locked (IoU streak=612, last IoU=0.999)
21:33:27.926 [INFO ] frame=612 state=NEAR      c=(670,413) depth=476.8mm  robot xyz=(nan, nan, nan)mm  tilt=-
21:33:28.169 [INFO ] SAM3: 1 detection(s) for 'box'
21:33:28.171 [DEBUG]   det conf=0.97 sim=0.920 pos=0.42 prox=1.00 -> 0.870
21:33:28.173 [INFO ] SAM3: 'box' score=0.97 @ [563 209 775 619]  (top of 1)  sim=0.920
21:33:28.173 [INFO ] SAM3: mask obtained (score=0.966, area=84106 px)
21:33:28.199 [DEBUG] Grasp point: robust centroid (669, 414)
21:33:28.200 [INFO ] MaskTracker: anchor locked (IoU streak=613, last IoU=0.999)
21:33:28.211 [INFO ] frame=613 state=NEAR      c=(670,413) depth=476.8mm  robot xyz=(nan, nan, nan)mm  tilt=-
21:33:28.459 [INFO ] SAM3: 1 detection(s) for 'box'
21:33:28.461 [DEBUG]   det conf=0.96 sim=0.923 pos=0.42 prox=1.00 -> 0.871
21:33:28.463 [INFO ] SAM3: 'box' score=0.96 @ [563 209 775 619]  (top of 1)  sim=0.923
21:33:28.463 [INFO ] SAM3: mask obtained (score=0.961, area=84139 px)
21:33:28.488 [DEBUG] Grasp point: robust centroid (669, 414)
21:33:28.489 [INFO ] MaskTracker: anchor locked (IoU streak=614, last IoU=0.999)
21:33:28.500 [INFO ] frame=614 state=NEAR      c=(670,413) depth=476.8mm  robot xyz=(nan, nan, nan)mm  tilt=-
21:33:28.745 [INFO ] SAM3: 1 detection(s) for 'box'
21:33:28.748 [DEBUG]   det conf=0.96 sim=0.921 pos=0.42 prox=1.00 -> 0.870
21:33:28.749 [INFO ] SAM3: 'box' score=0.96 @ [563 209 775 619]  (top of 1)  sim=0.921
21:33:28.749 [INFO ] SAM3: mask obtained (score=0.960, area=84097 px)
21:33:28.776 [DEBUG] Grasp point: robust centroid (669, 414)
21:33:28.776 [INFO ] MaskTracker: anchor locked (IoU streak=615, last IoU=0.999)
21:33:28.787 [INFO ] frame=615 state=NEAR      c=(670,413) depth=476.8mm  robot xyz=(nan, nan, nan)mm  tilt=-
21:33:29.034 [INFO ] SAM3: 1 detection(s) for 'box'
21:33:29.036 [DEBUG]   det conf=0.96 sim=0.922 pos=0.42 prox=1.00 -> 0.871
21:33:29.038 [INFO ] SAM3: 'box' score=0.96 @ [563 209 775 619]  (top of 1)  sim=0.922
21:33:29.038 [INFO ] SAM3: mask obtained (score=0.964, area=84102 px)
21:33:29.064 [DEBUG] Grasp point: robust centroid (669, 414)
21:33:29.064 [INFO ] MaskTracker: anchor locked (IoU streak=616, last IoU=0.999)
21:33:29.075 [INFO ] frame=616 state=NEAR      c=(670,413) depth=476.8mm  robot xyz=(nan, nan, nan)mm  tilt=-
21:33:29.317 [INFO ] SAM3: 1 detection(s) for 'box'
21:33:29.320 [DEBUG]   det conf=0.96 sim=0.921 pos=0.42 prox=1.00 -> 0.870
21:33:29.321 [INFO ] SAM3: 'box' score=0.96 @ [563 209 775 619]  (top of 1)  sim=0.921
21:33:29.321 [INFO ] SAM3: mask obtained (score=0.961, area=84119 px)
21:33:29.349 [DEBUG] Grasp point: robust centroid (669, 414)
21:33:29.349 [INFO ] MaskTracker: anchor locked (IoU streak=617, last IoU=0.999)
21:33:29.360 [INFO ] frame=617 state=NEAR      c=(670,413) depth=476.8mm  robot xyz=(nan, nan, nan)mm  tilt=-
21:33:29.608 [INFO ] SAM3: 1 detection(s) for 'box'
21:33:29.611 [DEBUG]   det conf=0.96 sim=0.921 pos=0.42 prox=1.00 -> 0.870
21:33:29.613 [INFO ] SAM3: 'box' score=0.96 @ [563 209 775 619]  (top of 1)  sim=0.921
21:33:29.613 [INFO ] SAM3: mask obtained (score=0.961, area=84084 px)
21:33:29.640 [DEBUG] Grasp point: robust centroid (669, 414)
21:33:29.640 [INFO ] MaskTracker: anchor locked (IoU streak=618, last IoU=0.999)
21:33:29.651 [INFO ] frame=618 state=NEAR      c=(670,413) depth=476.8mm  robot xyz=(nan, nan, nan)mm  tilt=-
21:33:29.894 [INFO ] SAM3: 1 detection(s) for 'box'
21:33:29.896 [DEBUG]   det conf=0.97 sim=0.920 pos=0.42 prox=1.00 -> 0.870
21:33:29.898 [INFO ] SAM3: 'box' score=0.97 @ [563 209 775 619]  (top of 1)  sim=0.920
21:33:29.898 [INFO ] SAM3: mask obtained (score=0.965, area=84127 px)
21:33:29.924 [DEBUG] Grasp point: robust centroid (669, 414)
21:33:29.925 [INFO ] MaskTracker: anchor locked (IoU streak=619, last IoU=0.999)
21:33:29.935 [INFO ] frame=619 state=NEAR      c=(670,413) depth=476.8mm  robot xyz=(nan, nan, nan)mm  tilt=-
21:33:30.181 [INFO ] SAM3: 1 detection(s) for 'box'
21:33:30.183 [DEBUG]   det conf=0.96 sim=0.921 pos=0.42 prox=1.00 -> 0.870
21:33:30.185 [INFO ] SAM3: 'box' score=0.96 @ [563 209 775 619]  (top of 1)  sim=0.921
21:33:30.185 [INFO ] SAM3: mask obtained (score=0.963, area=84084 px)
21:33:30.211 [DEBUG] Grasp point: robust centroid (669, 414)
21:33:30.212 [INFO ] MaskTracker: anchor locked (IoU streak=620, last IoU=0.999)
21:33:30.222 [INFO ] frame=620 state=NEAR      c=(670,413) depth=476.9mm  robot xyz=(nan, nan, nan)mm  tilt=-
21:33:30.469 [INFO ] SAM3: 1 detection(s) for 'box'
21:33:30.471 [DEBUG]   det conf=0.96 sim=0.922 pos=0.42 prox=1.00 -> 0.871
21:33:30.472 [INFO ] SAM3: 'box' score=0.96 @ [563 209 775 619]  (top of 1)  sim=0.922
21:33:30.473 [INFO ] SAM3: mask obtained (score=0.963, area=84069 px)
21:33:30.499 [DEBUG] Grasp point: robust centroid (669, 414)
21:33:30.499 [INFO ] MaskTracker: anchor locked (IoU streak=621, last IoU=0.999)
21:33:30.510 [INFO ] frame=621 state=NEAR      c=(670,413) depth=476.9mm  robot xyz=(nan, nan, nan)mm  tilt=-
21:33:30.752 [INFO ] SAM3: 1 detection(s) for 'box'
21:33:30.754 [DEBUG]   det conf=0.97 sim=0.922 pos=0.42 prox=1.00 -> 0.871
21:33:30.756 [INFO ] SAM3: 'box' score=0.97 @ [563 209 775 619]  (top of 1)  sim=0.922
21:33:30.756 [INFO ] SAM3: mask obtained (score=0.966, area=84123 px)
21:33:30.783 [DEBUG] Grasp point: robust centroid (670, 414)
21:33:30.783 [INFO ] MaskTracker: anchor locked (IoU streak=622, last IoU=0.999)
21:33:30.794 [INFO ] frame=622 state=NEAR      c=(670,413) depth=476.9mm  robot xyz=(nan, nan, nan)mm  tilt=-
21:33:31.041 [INFO ] SAM3: 1 detection(s) for 'box'
21:33:31.043 [DEBUG]   det conf=0.96 sim=0.921 pos=0.42 prox=1.00 -> 0.870
21:33:31.045 [INFO ] SAM3: 'box' score=0.96 @ [563 209 775 619]  (top of 1)  sim=0.921
21:33:31.046 [INFO ] SAM3: mask obtained (score=0.963, area=84153 px)
21:33:31.072 [DEBUG] Grasp point: robust centroid (670, 414)
21:33:31.072 [INFO ] MaskTracker: anchor locked (IoU streak=623, last IoU=0.999)
21:33:31.084 [INFO ] frame=623 state=NEAR      c=(670,413) depth=476.9mm  robot xyz=(nan, nan, nan)mm  tilt=-
21:33:31.330 [INFO ] SAM3: 1 detection(s) for 'box'
21:33:31.332 [DEBUG]   det conf=0.97 sim=0.922 pos=0.42 prox=1.00 -> 0.871
21:33:31.334 [INFO ] SAM3: 'box' score=0.97 @ [563 209 775 619]  (top of 1)  sim=0.922
21:33:31.334 [INFO ] SAM3: mask obtained (score=0.965, area=84130 px)
21:33:31.361 [DEBUG] Grasp point: robust centroid (669, 414)
21:33:31.361 [INFO ] MaskTracker: anchor locked (IoU streak=624, last IoU=0.999)
21:33:31.373 [INFO ] frame=624 state=NEAR      c=(670,413) depth=477.0mm  robot xyz=(nan, nan, nan)mm  tilt=-
21:33:31.623 [INFO ] SAM3: 1 detection(s) for 'box'
21:33:31.626 [DEBUG]   det conf=0.96 sim=0.921 pos=0.42 prox=1.00 -> 0.870
21:33:31.628 [INFO ] SAM3: 'box' score=0.96 @ [562 209 775 619]  (top of 1)  sim=0.921
21:33:31.628 [INFO ] SAM3: mask obtained (score=0.964, area=84123 px)
21:33:31.654 [DEBUG] Grasp point: robust centroid (669, 414)
21:33:31.655 [INFO ] MaskTracker: anchor locked (IoU streak=625, last IoU=0.999)
21:33:31.666 [INFO ] frame=625 state=NEAR      c=(670,413) depth=477.1mm  robot xyz=(nan, nan, nan)mm  tilt=-
21:33:31.910 [INFO ] SAM3: 1 detection(s) for 'box'
21:33:31.912 [DEBUG]   det conf=0.96 sim=0.923 pos=0.42 prox=1.00 -> 0.871
21:33:31.914 [INFO ] SAM3: 'box' score=0.96 @ [563 209 775 619]  (top of 1)  sim=0.923
21:33:31.914 [INFO ] SAM3: mask obtained (score=0.963, area=84108 px)
21:33:31.941 [DEBUG] Grasp point: robust centroid (669, 414)
21:33:31.941 [INFO ] MaskTracker: anchor locked (IoU streak=626, last IoU=0.999)
21:33:31.952 [INFO ] frame=626 state=NEAR      c=(670,413) depth=477.0mm  robot xyz=(nan, nan, nan)mm  tilt=-
21:33:32.204 [INFO ] SAM3: 1 detection(s) for 'box'
21:33:32.207 [DEBUG]   det conf=0.96 sim=0.920 pos=0.42 prox=1.00 -> 0.870
21:33:32.209 [INFO ] SAM3: 'box' score=0.96 @ [563 209 775 619]  (top of 1)  sim=0.920
21:33:32.209 [INFO ] SAM3: mask obtained (score=0.964, area=84127 px)
21:33:32.235 [DEBUG] Grasp point: robust centroid (669, 414)
21:33:32.236 [INFO ] MaskTracker: anchor locked (IoU streak=627, last IoU=1.000)
21:33:32.246 [INFO ] frame=627 state=NEAR      c=(670,413) depth=477.1mm  robot xyz=(nan, nan, nan)mm  tilt=-
21:33:32.491 [INFO ] SAM3: 1 detection(s) for 'box'
21:33:32.493 [DEBUG]   det conf=0.97 sim=0.922 pos=0.42 prox=1.00 -> 0.870
21:33:32.495 [INFO ] SAM3: 'box' score=0.97 @ [563 209 775 619]  (top of 1)  sim=0.922
21:33:32.495 [INFO ] SAM3: mask obtained (score=0.965, area=84160 px)
21:33:32.520 [DEBUG] Grasp point: robust centroid (669, 414)
21:33:32.520 [INFO ] MaskTracker: anchor locked (IoU streak=628, last IoU=0.999)
21:33:32.532 [INFO ] frame=628 state=NEAR      c=(670,413) depth=477.1mm  robot xyz=(nan, nan, nan)mm  tilt=-
21:33:32.781 [INFO ] SAM3: 1 detection(s) for 'box'
21:33:32.783 [DEBUG]   det conf=0.96 sim=0.921 pos=0.42 prox=1.00 -> 0.870
21:33:32.785 [INFO ] SAM3: 'box' score=0.96 @ [563 209 775 619]  (top of 1)  sim=0.921
21:33:32.785 [INFO ] SAM3: mask obtained (score=0.964, area=84109 px)
21:33:32.810 [DEBUG] Grasp point: robust centroid (669, 414)
21:33:32.811 [INFO ] MaskTracker: anchor locked (IoU streak=629, last IoU=0.999)
21:33:32.821 [INFO ] frame=629 state=NEAR      c=(670,413) depth=477.1mm  robot xyz=(nan, nan, nan)mm  tilt=-
21:33:33.062 [INFO ] SAM3: 1 detection(s) for 'box'
21:33:33.065 [DEBUG]   det conf=0.96 sim=0.924 pos=0.42 prox=1.00 -> 0.871
21:33:33.066 [INFO ] SAM3: 'box' score=0.96 @ [563 209 775 619]  (top of 1)  sim=0.924
21:33:33.067 [INFO ] SAM3: mask obtained (score=0.963, area=84127 px)
21:33:33.093 [DEBUG] Grasp point: robust centroid (669, 414)
21:33:33.093 [INFO ] MaskTracker: anchor locked (IoU streak=630, last IoU=0.999)
21:33:33.157 [INFO ] frame=630 state=NEAR      c=(670,413) depth=477.1mm  robot xyz=(nan, nan, nan)mm  tilt=-
21:33:33.402 [INFO ] SAM3: 1 detection(s) for 'box'
21:33:33.405 [DEBUG]   det conf=0.96 sim=0.920 pos=0.42 prox=1.00 -> 0.870
21:33:33.407 [INFO ] SAM3: 'box' score=0.96 @ [563 209 775 619]  (top of 1)  sim=0.920
21:33:33.407 [INFO ] SAM3: mask obtained (score=0.964, area=84133 px)
21:33:33.433 [DEBUG] Grasp point: robust centroid (669, 414)
21:33:33.433 [INFO ] MaskTracker: anchor locked (IoU streak=631, last IoU=0.999)
21:33:33.444 [INFO ] frame=631 state=NEAR      c=(670,413) depth=477.2mm  robot xyz=(nan, nan, nan)mm  tilt=-
21:33:33.690 [INFO ] SAM3: 1 detection(s) for 'box'
21:33:33.692 [DEBUG]   det conf=0.96 sim=0.922 pos=0.42 prox=1.00 -> 0.870
21:33:33.694 [INFO ] SAM3: 'box' score=0.96 @ [563 209 775 619]  (top of 1)  sim=0.922
21:33:33.695 [INFO ] SAM3: mask obtained (score=0.960, area=84100 px)
21:33:33.720 [DEBUG] Grasp point: robust centroid (669, 414)
21:33:33.720 [INFO ] MaskTracker: anchor locked (IoU streak=632, last IoU=0.999)
21:33:33.731 [INFO ] frame=632 state=NEAR      c=(670,413) depth=477.3mm  robot xyz=(nan, nan, nan)mm  tilt=-
21:33:33.978 [INFO ] SAM3: 1 detection(s) for 'box'
21:33:33.981 [DEBUG]   det conf=0.96 sim=0.921 pos=0.42 prox=1.00 -> 0.870
21:33:33.982 [INFO ] SAM3: 'box' score=0.96 @ [563 209 775 619]  (top of 1)  sim=0.921
21:33:33.982 [INFO ] SAM3: mask obtained (score=0.962, area=84142 px)
21:33:34.008 [DEBUG] Grasp point: robust centroid (669, 414)
21:33:34.009 [INFO ] MaskTracker: anchor locked (IoU streak=633, last IoU=0.999)
21:33:34.019 [INFO ] frame=633 state=NEAR      c=(670,413) depth=477.2mm  robot xyz=(nan, nan, nan)mm  tilt=-
21:33:34.265 [INFO ] SAM3: 1 detection(s) for 'box'
21:33:34.268 [DEBUG]   det conf=0.96 sim=0.921 pos=0.42 prox=1.00 -> 0.870
21:33:34.270 [INFO ] SAM3: 'box' score=0.96 @ [563 209 775 619]  (top of 1)  sim=0.921
21:33:34.270 [INFO ] SAM3: mask obtained (score=0.962, area=84117 px)
21:33:34.296 [DEBUG] Grasp point: robust centroid (669, 414)
21:33:34.297 [INFO ] MaskTracker: anchor locked (IoU streak=634, last IoU=0.999)
21:33:34.307 [INFO ] frame=634 state=NEAR      c=(670,413) depth=477.2mm  robot xyz=(nan, nan, nan)mm  tilt=-
21:33:34.549 [INFO ] SAM3: 1 detection(s) for 'box'
21:33:34.552 [DEBUG]   det conf=0.96 sim=0.923 pos=0.42 prox=1.00 -> 0.871
21:33:34.553 [INFO ] SAM3: 'box' score=0.96 @ [563 209 775 619]  (top of 1)  sim=0.923
21:33:34.553 [INFO ] SAM3: mask obtained (score=0.961, area=84105 px)
21:33:34.580 [DEBUG] Grasp point: robust centroid (669, 414)
21:33:34.580 [INFO ] MaskTracker: anchor locked (IoU streak=635, last IoU=0.999)
21:33:34.591 [INFO ] frame=635 state=NEAR      c=(670,413) depth=477.2mm  robot xyz=(nan, nan, nan)mm  tilt=-
21:33:34.838 [INFO ] SAM3: 1 detection(s) for 'box'
21:33:34.840 [DEBUG]   det conf=0.96 sim=0.921 pos=0.42 prox=1.00 -> 0.870
21:33:34.842 [INFO ] SAM3: 'box' score=0.96 @ [563 209 775 619]  (top of 1)  sim=0.921
21:33:34.842 [INFO ] SAM3: mask obtained (score=0.964, area=84149 px)
21:33:34.868 [DEBUG] Grasp point: robust centroid (669, 414)
21:33:34.869 [INFO ] MaskTracker: anchor locked (IoU streak=636, last IoU=0.999)
21:33:34.880 [INFO ] frame=636 state=NEAR      c=(670,413) depth=477.2mm  robot xyz=(nan, nan, nan)mm  tilt=-
21:33:35.125 [INFO ] SAM3: 1 detection(s) for 'box'
21:33:35.127 [DEBUG]   det conf=0.96 sim=0.922 pos=0.42 prox=1.00 -> 0.870
21:33:35.129 [INFO ] SAM3: 'box' score=0.96 @ [563 209 775 619]  (top of 1)  sim=0.922
21:33:35.129 [INFO ] SAM3: mask obtained (score=0.963, area=84108 px)
21:33:35.155 [DEBUG] Grasp point: robust centroid (669, 414)
21:33:35.155 [INFO ] MaskTracker: anchor locked (IoU streak=637, last IoU=0.999)
21:33:35.167 [INFO ] frame=637 state=NEAR      c=(670,413) depth=477.3mm  robot xyz=(nan, nan, nan)mm  tilt=-
21:33:35.411 [INFO ] SAM3: 1 detection(s) for 'box'
21:33:35.414 [DEBUG]   det conf=0.97 sim=0.921 pos=0.42 prox=1.00 -> 0.871
21:33:35.415 [INFO ] SAM3: 'box' score=0.97 @ [563 209 775 619]  (top of 1)  sim=0.921
21:33:35.415 [INFO ] SAM3: mask obtained (score=0.967, area=84120 px)
21:33:35.442 [DEBUG] Grasp point: robust centroid (669, 414)
21:33:35.442 [INFO ] MaskTracker: anchor locked (IoU streak=638, last IoU=0.999)
21:33:35.453 [INFO ] frame=638 state=NEAR      c=(670,413) depth=477.3mm  robot xyz=(nan, nan, nan)mm  tilt=-
21:33:35.697 [INFO ] SAM3: 1 detection(s) for 'box'
21:33:35.700 [DEBUG]   det conf=0.96 sim=0.922 pos=0.42 prox=1.00 -> 0.871
21:33:35.702 [INFO ] SAM3: 'box' score=0.96 @ [563 209 775 619]  (top of 1)  sim=0.922
21:33:35.702 [INFO ] SAM3: mask obtained (score=0.965, area=84157 px)
21:33:35.729 [DEBUG] Grasp point: robust centroid (669, 414)
21:33:35.729 [INFO ] MaskTracker: anchor locked (IoU streak=639, last IoU=0.999)
21:33:35.740 [INFO ] frame=639 state=NEAR      c=(670,413) depth=477.3mm  robot xyz=(nan, nan, nan)mm  tilt=-
21:33:35.985 [INFO ] SAM3: 1 detection(s) for 'box'
21:33:35.987 [DEBUG]   det conf=0.97 sim=0.921 pos=0.42 prox=1.00 -> 0.871
21:33:35.989 [INFO ] SAM3: 'box' score=0.97 @ [563 209 775 619]  (top of 1)  sim=0.921
21:33:35.989 [INFO ] SAM3: mask obtained (score=0.967, area=84113 px)
21:33:36.015 [DEBUG] Grasp point: robust centroid (669, 414)
21:33:36.016 [INFO ] MaskTracker: anchor locked (IoU streak=640, last IoU=0.999)
21:33:36.027 [INFO ] frame=640 state=NEAR      c=(670,413) depth=477.4mm  robot xyz=(nan, nan, nan)mm  tilt=-
21:33:36.274 [INFO ] SAM3: 1 detection(s) for 'box'
21:33:36.276 [DEBUG]   det conf=0.96 sim=0.921 pos=0.42 prox=1.00 -> 0.870
21:33:36.278 [INFO ] SAM3: 'box' score=0.96 @ [563 209 775 619]  (top of 1)  sim=0.921
21:33:36.278 [INFO ] SAM3: mask obtained (score=0.963, area=84158 px)
21:33:36.303 [DEBUG] Grasp point: robust centroid (669, 414)
21:33:36.304 [INFO ] MaskTracker: anchor locked (IoU streak=641, last IoU=0.999)
21:33:36.315 [INFO ] frame=641 state=NEAR      c=(670,413) depth=477.3mm  robot xyz=(nan, nan, nan)mm  tilt=-
21:33:36.561 [INFO ] SAM3: 1 detection(s) for 'box'
21:33:36.563 [DEBUG]   det conf=0.97 sim=0.923 pos=0.42 prox=1.00 -> 0.871
21:33:36.565 [INFO ] SAM3: 'box' score=0.97 @ [563 209 775 619]  (top of 1)  sim=0.923
21:33:36.565 [INFO ] SAM3: mask obtained (score=0.965, area=84128 px)
21:33:36.591 [DEBUG] Grasp point: robust centroid (669, 414)
21:33:36.592 [INFO ] MaskTracker: anchor locked (IoU streak=642, last IoU=0.999)
21:33:36.602 [INFO ] frame=642 state=NEAR      c=(670,413) depth=477.4mm  robot xyz=(nan, nan, nan)mm  tilt=-
21:33:36.847 [INFO ] SAM3: 1 detection(s) for 'box'
21:33:36.849 [DEBUG]   det conf=0.96 sim=0.921 pos=0.42 prox=1.00 -> 0.870
21:33:36.851 [INFO ] SAM3: 'box' score=0.96 @ [563 209 775 619]  (top of 1)  sim=0.921
21:33:36.851 [INFO ] SAM3: mask obtained (score=0.963, area=84167 px)
21:33:36.878 [DEBUG] Grasp point: robust centroid (669, 414)
21:33:36.878 [INFO ] MaskTracker: anchor locked (IoU streak=643, last IoU=0.999)
21:33:36.889 [INFO ] frame=643 state=NEAR      c=(670,413) depth=477.3mm  robot xyz=(nan, nan, nan)mm  tilt=-
21:33:37.133 [INFO ] SAM3: 1 detection(s) for 'box'
21:33:37.135 [DEBUG]   det conf=0.97 sim=0.919 pos=0.42 prox=1.00 -> 0.869
21:33:37.137 [INFO ] SAM3: 'box' score=0.97 @ [563 209 775 619]  (top of 1)  sim=0.919
21:33:37.137 [INFO ] SAM3: mask obtained (score=0.965, area=84119 px)
21:33:37.163 [DEBUG] Grasp point: robust centroid (669, 414)
21:33:37.163 [INFO ] MaskTracker: anchor locked (IoU streak=644, last IoU=0.999)
21:33:37.174 [INFO ] frame=644 state=NEAR      c=(670,413) depth=477.3mm  robot xyz=(nan, nan, nan)mm  tilt=-
21:33:37.421 [INFO ] SAM3: 1 detection(s) for 'box'
21:33:37.424 [DEBUG]   det conf=0.96 sim=0.922 pos=0.42 prox=1.00 -> 0.870
21:33:37.426 [INFO ] SAM3: 'box' score=0.96 @ [563 209 775 619]  (top of 1)  sim=0.922
21:33:37.426 [INFO ] SAM3: mask obtained (score=0.961, area=84132 px)
21:33:37.452 [DEBUG] Grasp point: robust centroid (669, 414)
21:33:37.453 [INFO ] MaskTracker: anchor locked (IoU streak=645, last IoU=0.999)
21:33:37.463 [INFO ] frame=645 state=NEAR      c=(670,413) depth=477.3mm  robot xyz=(nan, nan, nan)mm  tilt=-
21:33:37.709 [INFO ] SAM3: 1 detection(s) for 'box'
21:33:37.711 [DEBUG]   det conf=0.96 sim=0.922 pos=0.42 prox=1.00 -> 0.870
21:33:37.713 [INFO ] SAM3: 'box' score=0.96 @ [563 209 775 619]  (top of 1)  sim=0.922
21:33:37.713 [INFO ] SAM3: mask obtained (score=0.961, area=84171 px)
21:33:37.739 [DEBUG] Grasp point: robust centroid (669, 414)
21:33:37.739 [INFO ] MaskTracker: anchor locked (IoU streak=646, last IoU=0.999)
21:33:37.750 [INFO ] frame=646 state=NEAR      c=(670,413) depth=477.3mm  robot xyz=(nan, nan, nan)mm  tilt=-
21:33:37.999 [INFO ] SAM3: 1 detection(s) for 'box'
21:33:38.001 [DEBUG]   det conf=0.96 sim=0.919 pos=0.42 prox=1.00 -> 0.869
21:33:38.003 [INFO ] SAM3: 'box' score=0.96 @ [563 209 775 619]  (top of 1)  sim=0.919
21:33:38.003 [INFO ] SAM3: mask obtained (score=0.962, area=84128 px)
21:33:38.029 [DEBUG] Grasp point: robust centroid (669, 414)
21:33:38.030 [INFO ] MaskTracker: anchor locked (IoU streak=647, last IoU=0.999)
21:33:38.040 [INFO ] frame=647 state=NEAR      c=(670,413) depth=477.3mm  robot xyz=(nan, nan, nan)mm  tilt=-
21:33:38.284 [INFO ] SAM3: 1 detection(s) for 'box'
21:33:38.286 [DEBUG]   det conf=0.96 sim=0.924 pos=0.42 prox=1.00 -> 0.871
21:33:38.288 [INFO ] SAM3: 'box' score=0.96 @ [563 209 775 619]  (top of 1)  sim=0.924
21:33:38.288 [INFO ] SAM3: mask obtained (score=0.961, area=84160 px)
21:33:38.315 [DEBUG] Grasp point: robust centroid (669, 414)
21:33:38.315 [INFO ] MaskTracker: anchor locked (IoU streak=648, last IoU=0.999)
21:33:38.327 [INFO ] frame=648 state=NEAR      c=(670,413) depth=477.3mm  robot xyz=(nan, nan, nan)mm  tilt=-
21:33:38.571 [INFO ] SAM3: 1 detection(s) for 'box'
21:33:38.574 [DEBUG]   det conf=0.96 sim=0.922 pos=0.42 prox=1.00 -> 0.870
21:33:38.575 [INFO ] SAM3: 'box' score=0.96 @ [563 209 775 619]  (top of 1)  sim=0.922
21:33:38.576 [INFO ] SAM3: mask obtained (score=0.961, area=84135 px)
21:33:38.602 [DEBUG] Grasp point: robust centroid (669, 414)
21:33:38.602 [INFO ] MaskTracker: anchor locked (IoU streak=649, last IoU=0.999)
21:33:38.613 [INFO ] frame=649 state=NEAR      c=(670,413) depth=477.4mm  robot xyz=(nan, nan, nan)mm  tilt=-
21:33:38.860 [INFO ] SAM3: 1 detection(s) for 'box'
21:33:38.863 [DEBUG]   det conf=0.96 sim=0.921 pos=0.42 prox=1.00 -> 0.870
21:33:38.865 [INFO ] SAM3: 'box' score=0.96 @ [563 209 775 619]  (top of 1)  sim=0.921
21:33:38.865 [INFO ] SAM3: mask obtained (score=0.964, area=84171 px)
21:33:38.890 [DEBUG] Grasp point: robust centroid (669, 414)
21:33:38.891 [INFO ] MaskTracker: anchor locked (IoU streak=650, last IoU=0.999)
21:33:38.902 [INFO ] frame=650 state=NEAR      c=(670,413) depth=477.4mm  robot xyz=(nan, nan, nan)mm  tilt=-
21:33:39.148 [INFO ] SAM3: 1 detection(s) for 'box'
21:33:39.150 [DEBUG]   det conf=0.96 sim=0.925 pos=0.42 prox=1.00 -> 0.872
21:33:39.152 [INFO ] SAM3: 'box' score=0.96 @ [563 209 775 619]  (top of 1)  sim=0.925
21:33:39.152 [INFO ] SAM3: mask obtained (score=0.963, area=84144 px)
21:33:39.178 [DEBUG] Grasp point: robust centroid (669, 414)
21:33:39.179 [INFO ] MaskTracker: anchor locked (IoU streak=651, last IoU=0.999)
21:33:39.190 [INFO ] frame=651 state=NEAR      c=(670,413) depth=477.5mm  robot xyz=(nan, nan, nan)mm  tilt=-
21:33:39.438 [INFO ] SAM3: 1 detection(s) for 'box'
21:33:39.440 [DEBUG]   det conf=0.96 sim=0.921 pos=0.42 prox=1.00 -> 0.870
21:33:39.442 [INFO ] SAM3: 'box' score=0.96 @ [563 209 775 619]  (top of 1)  sim=0.921
21:33:39.443 [INFO ] SAM3: mask obtained (score=0.963, area=84137 px)
21:33:39.469 [DEBUG] Grasp point: robust centroid (669, 414)
21:33:39.469 [INFO ] MaskTracker: anchor locked (IoU streak=652, last IoU=0.999)
21:33:39.480 [INFO ] frame=652 state=NEAR      c=(670,413) depth=477.6mm  robot xyz=(nan, nan, nan)mm  tilt=-
21:33:39.725 [INFO ] SAM3: 1 detection(s) for 'box'
21:33:39.727 [DEBUG]   det conf=0.97 sim=0.922 pos=0.42 prox=1.00 -> 0.871
21:33:39.729 [INFO ] SAM3: 'box' score=0.97 @ [563 209 775 619]  (top of 1)  sim=0.922
21:33:39.729 [INFO ] SAM3: mask obtained (score=0.966, area=84135 px)
21:33:39.755 [DEBUG] Grasp point: robust centroid (669, 414)
21:33:39.755 [INFO ] MaskTracker: anchor locked (IoU streak=653, last IoU=0.999)
21:33:39.766 [INFO ] frame=653 state=NEAR      c=(670,413) depth=477.5mm  robot xyz=(nan, nan, nan)mm  tilt=-
21:33:40.014 [INFO ] SAM3: 1 detection(s) for 'box'
21:33:40.016 [DEBUG]   det conf=0.96 sim=0.922 pos=0.42 prox=1.00 -> 0.871
21:33:40.018 [INFO ] SAM3: 'box' score=0.96 @ [563 209 775 619]  (top of 1)  sim=0.922
21:33:40.018 [INFO ] SAM3: mask obtained (score=0.965, area=84159 px)
21:33:40.045 [DEBUG] Grasp point: robust centroid (669, 414)
21:33:40.045 [INFO ] MaskTracker: anchor locked (IoU streak=654, last IoU=0.999)
21:33:40.056 [INFO ] frame=654 state=NEAR      c=(670,413) depth=477.5mm  robot xyz=(nan, nan, nan)mm  tilt=-
21:33:40.304 [INFO ] SAM3: 1 detection(s) for 'box'
21:33:40.306 [DEBUG]   det conf=0.97 sim=0.922 pos=0.42 prox=1.00 -> 0.871
21:33:40.308 [INFO ] SAM3: 'box' score=0.97 @ [563 209 775 619]  (top of 1)  sim=0.922
21:33:40.308 [INFO ] SAM3: mask obtained (score=0.966, area=84196 px)
21:33:40.334 [DEBUG] Grasp point: robust centroid (669, 414)
21:33:40.335 [INFO ] MaskTracker: anchor locked (IoU streak=655, last IoU=0.999)
21:33:40.345 [INFO ] frame=655 state=NEAR      c=(670,413) depth=477.5mm  robot xyz=(nan, nan, nan)mm  tilt=-
21:33:40.587 [INFO ] SAM3: 1 detection(s) for 'box'
21:33:40.590 [DEBUG]   det conf=0.96 sim=0.923 pos=0.42 prox=1.00 -> 0.871
21:33:40.592 [INFO ] SAM3: 'box' score=0.96 @ [563 209 775 619]  (top of 1)  sim=0.923
21:33:40.592 [INFO ] SAM3: mask obtained (score=0.963, area=84138 px)
21:33:40.618 [DEBUG] Grasp point: robust centroid (669, 414)
21:33:40.618 [INFO ] MaskTracker: anchor locked (IoU streak=656, last IoU=0.999)
21:33:40.629 [INFO ] frame=656 state=NEAR      c=(670,413) depth=477.5mm  robot xyz=(nan, nan, nan)mm  tilt=-
21:33:40.877 [INFO ] SAM3: 1 detection(s) for 'box'
21:33:40.879 [DEBUG]   det conf=0.96 sim=0.920 pos=0.42 prox=1.00 -> 0.870
21:33:40.881 [INFO ] SAM3: 'box' score=0.96 @ [563 209 775 619]  (top of 1)  sim=0.920
21:33:40.881 [INFO ] SAM3: mask obtained (score=0.964, area=84135 px)
21:33:40.907 [DEBUG] Grasp point: robust centroid (669, 414)
21:33:40.908 [INFO ] MaskTracker: anchor locked (IoU streak=657, last IoU=0.999)
21:33:40.919 [INFO ] frame=657 state=NEAR      c=(670,413) depth=477.5mm  robot xyz=(nan, nan, nan)mm  tilt=-
21:33:41.165 [INFO ] SAM3: 1 detection(s) for 'box'
21:33:41.167 [DEBUG]   det conf=0.96 sim=0.921 pos=0.42 prox=1.00 -> 0.870
21:33:41.169 [INFO ] SAM3: 'box' score=0.96 @ [563 209 775 619]  (top of 1)  sim=0.921
21:33:41.169 [INFO ] SAM3: mask obtained (score=0.963, area=84158 px)
21:33:41.196 [DEBUG] Grasp point: robust centroid (669, 414)
21:33:41.196 [INFO ] MaskTracker: anchor locked (IoU streak=658, last IoU=0.999)
21:33:41.207 [INFO ] frame=658 state=NEAR      c=(670,413) depth=477.5mm  robot xyz=(nan, nan, nan)mm  tilt=-
21:33:41.450 [INFO ] SAM3: 1 detection(s) for 'box'
21:33:41.453 [DEBUG]   det conf=0.96 sim=0.920 pos=0.42 prox=1.00 -> 0.869
21:33:41.455 [INFO ] SAM3: 'box' score=0.96 @ [563 209 775 619]  (top of 1)  sim=0.920
21:33:41.455 [INFO ] SAM3: mask obtained (score=0.963, area=84153 px)
21:33:41.482 [DEBUG] Grasp point: robust centroid (669, 414)
21:33:41.482 [INFO ] MaskTracker: anchor locked (IoU streak=659, last IoU=0.999)
21:33:41.493 [INFO ] frame=659 state=NEAR      c=(670,413) depth=477.5mm  robot xyz=(nan, nan, nan)mm  tilt=-
21:33:41.741 [INFO ] SAM3: 1 detection(s) for 'box'
21:33:41.744 [DEBUG]   det conf=0.96 sim=0.920 pos=0.42 prox=1.00 -> 0.870
21:33:41.745 [INFO ] SAM3: 'box' score=0.96 @ [563 209 775 619]  (top of 1)  sim=0.920
21:33:41.746 [INFO ] SAM3: mask obtained (score=0.965, area=84147 px)
21:33:41.771 [DEBUG] Grasp point: robust centroid (669, 414)
21:33:41.772 [INFO ] MaskTracker: anchor locked (IoU streak=660, last IoU=0.999)
21:33:41.837 [INFO ] frame=660 state=NEAR      c=(670,413) depth=477.5mm  robot xyz=(nan, nan, nan)mm  tilt=-
21:33:42.085 [INFO ] SAM3: 1 detection(s) for 'box'
21:33:42.088 [DEBUG]   det conf=0.96 sim=0.924 pos=0.42 prox=1.00 -> 0.871
21:33:42.089 [INFO ] SAM3: 'box' score=0.96 @ [563 209 775 619]  (top of 1)  sim=0.924
21:33:42.090 [INFO ] SAM3: mask obtained (score=0.960, area=84144 px)
21:33:42.116 [DEBUG] Grasp point: robust centroid (669, 414)
21:33:42.116 [INFO ] MaskTracker: anchor locked (IoU streak=661, last IoU=0.999)
21:33:42.128 [INFO ] frame=661 state=NEAR      c=(670,413) depth=477.4mm  robot xyz=(nan, nan, nan)mm  tilt=-
21:33:42.375 [INFO ] SAM3: 1 detection(s) for 'box'
21:33:42.378 [DEBUG]   det conf=0.96 sim=0.921 pos=0.42 prox=1.00 -> 0.870
21:33:42.379 [INFO ] SAM3: 'box' score=0.96 @ [563 209 775 619]  (top of 1)  sim=0.921
21:33:42.380 [INFO ] SAM3: mask obtained (score=0.962, area=84132 px)
21:33:42.406 [DEBUG] Grasp point: robust centroid (669, 414)
21:33:42.407 [INFO ] MaskTracker: anchor locked (IoU streak=662, last IoU=0.999)
21:33:42.417 [INFO ] frame=662 state=NEAR      c=(670,413) depth=477.4mm  robot xyz=(nan, nan, nan)mm  tilt=-
21:33:42.664 [INFO ] SAM3: 1 detection(s) for 'box'
21:33:42.666 [DEBUG]   det conf=0.96 sim=0.922 pos=0.42 prox=1.00 -> 0.871
21:33:42.668 [INFO ] SAM3: 'box' score=0.96 @ [563 209 775 619]  (top of 1)  sim=0.922
21:33:42.668 [INFO ] SAM3: mask obtained (score=0.965, area=84141 px)
21:33:42.694 [DEBUG] Grasp point: robust centroid (669, 414)
21:33:42.694 [INFO ] MaskTracker: anchor locked (IoU streak=663, last IoU=0.999)
21:33:42.705 [INFO ] frame=663 state=NEAR      c=(670,413) depth=477.4mm  robot xyz=(nan, nan, nan)mm  tilt=-
21:33:42.946 [INFO ] SAM3: 1 detection(s) for 'box'
21:33:42.948 [DEBUG]   det conf=0.96 sim=0.923 pos=0.42 prox=1.00 -> 0.871
21:33:42.950 [INFO ] SAM3: 'box' score=0.96 @ [563 209 775 619]  (top of 1)  sim=0.923
21:33:42.950 [INFO ] SAM3: mask obtained (score=0.962, area=84179 px)
21:33:42.977 [DEBUG] Grasp point: robust centroid (669, 414)
21:33:42.977 [INFO ] MaskTracker: anchor locked (IoU streak=664, last IoU=0.999)
21:33:42.988 [INFO ] frame=664 state=NEAR      c=(670,413) depth=477.4mm  robot xyz=(nan, nan, nan)mm  tilt=-
21:33:43.227 [INFO ] SAM3: 1 detection(s) for 'box'
21:33:43.229 [DEBUG]   det conf=0.96 sim=0.924 pos=0.42 prox=1.00 -> 0.871
21:33:43.231 [INFO ] SAM3: 'box' score=0.96 @ [563 209 775 619]  (top of 1)  sim=0.924
21:33:43.231 [INFO ] SAM3: mask obtained (score=0.963, area=84173 px)
21:33:43.257 [DEBUG] Grasp point: robust centroid (669, 414)
21:33:43.257 [INFO ] MaskTracker: anchor locked (IoU streak=665, last IoU=0.999)
21:33:43.268 [INFO ] frame=665 state=NEAR      c=(670,413) depth=477.4mm  robot xyz=(nan, nan, nan)mm  tilt=-
21:33:43.514 [INFO ] SAM3: 1 detection(s) for 'box'
21:33:43.516 [DEBUG]   det conf=0.96 sim=0.922 pos=0.42 prox=1.00 -> 0.871
21:33:43.518 [INFO ] SAM3: 'box' score=0.96 @ [563 209 775 619]  (top of 1)  sim=0.922
21:33:43.518 [INFO ] SAM3: mask obtained (score=0.965, area=84160 px)
21:33:43.545 [DEBUG] Grasp point: robust centroid (669, 414)
21:33:43.545 [INFO ] MaskTracker: anchor locked (IoU streak=666, last IoU=0.999)
21:33:43.556 [INFO ] frame=666 state=NEAR      c=(670,413) depth=477.3mm  robot xyz=(nan, nan, nan)mm  tilt=-
21:33:43.802 [INFO ] SAM3: 1 detection(s) for 'box'
21:33:43.804 [DEBUG]   det conf=0.96 sim=0.923 pos=0.42 prox=1.00 -> 0.871
21:33:43.806 [INFO ] SAM3: 'box' score=0.96 @ [563 209 775 619]  (top of 1)  sim=0.923
21:33:43.806 [INFO ] SAM3: mask obtained (score=0.964, area=84108 px)
21:33:43.833 [DEBUG] Grasp point: robust centroid (669, 414)
21:33:43.833 [INFO ] MaskTracker: anchor locked (IoU streak=667, last IoU=0.999)
21:33:43.844 [INFO ] frame=667 state=NEAR      c=(670,413) depth=477.3mm  robot xyz=(nan, nan, nan)mm  tilt=-
21:33:44.088 [INFO ] SAM3: 1 detection(s) for 'box'
21:33:44.090 [DEBUG]   det conf=0.96 sim=0.922 pos=0.42 prox=1.00 -> 0.871
21:33:44.092 [INFO ] SAM3: 'box' score=0.96 @ [563 209 775 619]  (top of 1)  sim=0.922
21:33:44.092 [INFO ] SAM3: mask obtained (score=0.962, area=84157 px)
21:33:44.117 [DEBUG] Grasp point: robust centroid (669, 414)
21:33:44.118 [INFO ] MaskTracker: anchor locked (IoU streak=668, last IoU=0.999)
21:33:44.129 [INFO ] frame=668 state=NEAR      c=(670,413) depth=477.2mm  robot xyz=(nan, nan, nan)mm  tilt=-
21:33:44.371 [INFO ] SAM3: 1 detection(s) for 'box'
21:33:44.373 [DEBUG]   det conf=0.96 sim=0.920 pos=0.42 prox=1.00 -> 0.869
21:33:44.375 [INFO ] SAM3: 'box' score=0.96 @ [563 209 775 619]  (top of 1)  sim=0.920
21:33:44.375 [INFO ] SAM3: mask obtained (score=0.961, area=84184 px)
21:33:44.401 [DEBUG] Grasp point: robust centroid (669, 414)
21:33:44.402 [INFO ] MaskTracker: anchor locked (IoU streak=669, last IoU=0.999)
21:33:44.412 [INFO ] frame=669 state=NEAR      c=(670,413) depth=477.4mm  robot xyz=(nan, nan, nan)mm  tilt=-
21:33:44.659 [INFO ] SAM3: 1 detection(s) for 'box'
21:33:44.661 [DEBUG]   det conf=0.96 sim=0.923 pos=0.42 prox=1.00 -> 0.871
21:33:44.662 [INFO ] SAM3: 'box' score=0.96 @ [563 209 775 619]  (top of 1)  sim=0.923
21:33:44.663 [INFO ] SAM3: mask obtained (score=0.965, area=84171 px)
21:33:44.688 [DEBUG] Grasp point: robust centroid (669, 414)
21:33:44.688 [INFO ] MaskTracker: anchor locked (IoU streak=670, last IoU=0.999)
21:33:44.699 [INFO ] frame=670 state=NEAR      c=(670,413) depth=477.4mm  robot xyz=(nan, nan, nan)mm  tilt=-
21:33:44.945 [INFO ] SAM3: 1 detection(s) for 'box'
21:33:44.947 [DEBUG]   det conf=0.96 sim=0.920 pos=0.42 prox=1.00 -> 0.869
21:33:44.949 [INFO ] SAM3: 'box' score=0.96 @ [563 209 775 619]  (top of 1)  sim=0.920
21:33:44.949 [INFO ] SAM3: mask obtained (score=0.960, area=84151 px)
21:33:44.975 [DEBUG] Grasp point: robust centroid (669, 414)
21:33:44.976 [INFO ] MaskTracker: anchor locked (IoU streak=671, last IoU=0.999)
21:33:44.986 [INFO ] frame=671 state=NEAR      c=(670,413) depth=477.4mm  robot xyz=(nan, nan, nan)mm  tilt=-
21:33:45.230 [INFO ] SAM3: 1 detection(s) for 'box'
21:33:45.232 [DEBUG]   det conf=0.96 sim=0.921 pos=0.42 prox=1.00 -> 0.870
21:33:45.234 [INFO ] SAM3: 'box' score=0.96 @ [563 209 775 619]  (top of 1)  sim=0.921
21:33:45.234 [INFO ] SAM3: mask obtained (score=0.964, area=84153 px)
21:33:45.260 [DEBUG] Grasp point: robust centroid (669, 414)
21:33:45.260 [INFO ] MaskTracker: anchor locked (IoU streak=672, last IoU=0.999)
21:33:45.271 [INFO ] frame=672 state=NEAR      c=(670,413) depth=477.4mm  robot xyz=(nan, nan, nan)mm  tilt=-
21:33:45.514 [INFO ] SAM3: 1 detection(s) for 'box'
21:33:45.516 [DEBUG]   det conf=0.97 sim=0.922 pos=0.42 prox=1.00 -> 0.871
21:33:45.518 [INFO ] SAM3: 'box' score=0.97 @ [563 209 775 619]  (top of 1)  sim=0.922
21:33:45.518 [INFO ] SAM3: mask obtained (score=0.966, area=84161 px)
21:33:45.544 [DEBUG] Grasp point: robust centroid (669, 414)
21:33:45.545 [INFO ] MaskTracker: anchor locked (IoU streak=673, last IoU=0.999)
21:33:45.556 [INFO ] frame=673 state=NEAR      c=(670,413) depth=477.4mm  robot xyz=(nan, nan, nan)mm  tilt=-
21:33:45.800 [INFO ] SAM3: 1 detection(s) for 'box'
21:33:45.802 [DEBUG]   det conf=0.97 sim=0.924 pos=0.42 prox=1.00 -> 0.872
21:33:45.804 [INFO ] SAM3: 'box' score=0.97 @ [563 209 775 619]  (top of 1)  sim=0.924
21:33:45.804 [INFO ] SAM3: mask obtained (score=0.966, area=84120 px)
21:33:45.830 [DEBUG] Grasp point: robust centroid (669, 414)
21:33:45.831 [INFO ] MaskTracker: anchor locked (IoU streak=674, last IoU=0.999)
21:33:45.841 [INFO ] frame=674 state=NEAR      c=(670,413) depth=477.4mm  robot xyz=(nan, nan, nan)mm  tilt=-
21:33:46.083 [INFO ] SAM3: 1 detection(s) for 'box'
21:33:46.085 [DEBUG]   det conf=0.96 sim=0.924 pos=0.42 prox=1.00 -> 0.871
21:33:46.087 [INFO ] SAM3: 'box' score=0.96 @ [563 209 775 619]  (top of 1)  sim=0.924
21:33:46.087 [INFO ] SAM3: mask obtained (score=0.962, area=84172 px)
21:33:46.114 [DEBUG] Grasp point: robust centroid (669, 414)
21:33:46.114 [INFO ] MaskTracker: anchor locked (IoU streak=675, last IoU=0.999)
21:33:46.125 [INFO ] frame=675 state=NEAR      c=(670,413) depth=477.4mm  robot xyz=(nan, nan, nan)mm  tilt=-
21:33:46.363 [INFO ] SAM3: 1 detection(s) for 'box'
21:33:46.366 [DEBUG]   det conf=0.97 sim=0.922 pos=0.42 prox=1.00 -> 0.871
21:33:46.367 [INFO ] SAM3: 'box' score=0.97 @ [563 209 775 619]  (top of 1)  sim=0.922
21:33:46.367 [INFO ] SAM3: mask obtained (score=0.965, area=84150 px)
21:33:46.394 [DEBUG] Grasp point: robust centroid (669, 414)
21:33:46.394 [INFO ] MaskTracker: anchor locked (IoU streak=676, last IoU=0.999)
21:33:46.405 [INFO ] frame=676 state=NEAR      c=(670,413) depth=477.3mm  robot xyz=(nan, nan, nan)mm  tilt=-
21:33:46.652 [INFO ] SAM3: 1 detection(s) for 'box'
21:33:46.654 [DEBUG]   det conf=0.96 sim=0.923 pos=0.42 prox=1.00 -> 0.871
21:33:46.656 [INFO ] SAM3: 'box' score=0.96 @ [563 209 775 619]  (top of 1)  sim=0.923
21:33:46.656 [INFO ] SAM3: mask obtained (score=0.962, area=84176 px)
21:33:46.682 [DEBUG] Grasp point: robust centroid (669, 414)
21:33:46.682 [INFO ] MaskTracker: anchor locked (IoU streak=677, last IoU=0.999)
21:33:46.693 [INFO ] frame=677 state=NEAR      c=(670,413) depth=477.3mm  robot xyz=(nan, nan, nan)mm  tilt=-
21:33:46.939 [INFO ] SAM3: 1 detection(s) for 'box'
21:33:46.941 [DEBUG]   det conf=0.96 sim=0.921 pos=0.42 prox=1.00 -> 0.870
21:33:46.943 [INFO ] SAM3: 'box' score=0.96 @ [563 209 775 619]  (top of 1)  sim=0.921
21:33:46.943 [INFO ] SAM3: mask obtained (score=0.961, area=84188 px)
21:33:46.969 [DEBUG] Grasp point: robust centroid (669, 414)
21:33:46.969 [INFO ] MaskTracker: anchor locked (IoU streak=678, last IoU=0.999)
21:33:46.980 [INFO ] frame=678 state=NEAR      c=(670,413) depth=477.4mm  robot xyz=(nan, nan, nan)mm  tilt=-
21:33:47.226 [INFO ] SAM3: 1 detection(s) for 'box'
21:33:47.229 [DEBUG]   det conf=0.96 sim=0.922 pos=0.42 prox=1.00 -> 0.870
21:33:47.230 [INFO ] SAM3: 'box' score=0.96 @ [563 209 775 619]  (top of 1)  sim=0.922
21:33:47.231 [INFO ] SAM3: mask obtained (score=0.959, area=84149 px)
21:33:47.257 [DEBUG] Grasp point: robust centroid (669, 414)
21:33:47.257 [INFO ] MaskTracker: anchor locked (IoU streak=679, last IoU=0.999)
21:33:47.268 [INFO ] frame=679 state=NEAR      c=(670,413) depth=477.2mm  robot xyz=(nan, nan, nan)mm  tilt=-
21:33:47.514 [INFO ] SAM3: 1 detection(s) for 'box'
21:33:47.516 [DEBUG]   det conf=0.96 sim=0.921 pos=0.42 prox=1.00 -> 0.870
21:33:47.517 [INFO ] SAM3: 'box' score=0.96 @ [563 209 775 619]  (top of 1)  sim=0.921
21:33:47.517 [INFO ] SAM3: mask obtained (score=0.963, area=84131 px)
21:33:47.544 [DEBUG] Grasp point: robust centroid (669, 414)
21:33:47.544 [INFO ] MaskTracker: anchor locked (IoU streak=680, last IoU=0.999)
21:33:47.555 [INFO ] frame=680 state=NEAR      c=(670,413) depth=477.3mm  robot xyz=(nan, nan, nan)mm  tilt=-
21:33:47.803 [INFO ] SAM3: 1 detection(s) for 'box'
21:33:47.806 [DEBUG]   det conf=0.96 sim=0.922 pos=0.42 prox=1.00 -> 0.870
21:33:47.808 [INFO ] SAM3: 'box' score=0.96 @ [563 209 775 619]  (top of 1)  sim=0.922
21:33:47.808 [INFO ] SAM3: mask obtained (score=0.962, area=84136 px)
21:33:47.835 [DEBUG] Grasp point: robust centroid (669, 414)
21:33:47.835 [INFO ] MaskTracker: anchor locked (IoU streak=681, last IoU=0.999)
21:33:47.846 [INFO ] frame=681 state=NEAR      c=(670,413) depth=477.3mm  robot xyz=(nan, nan, nan)mm  tilt=-
21:33:48.086 [INFO ] SAM3: 1 detection(s) for 'box'
21:33:48.089 [DEBUG]   det conf=0.96 sim=0.920 pos=0.42 prox=1.00 -> 0.869
21:33:48.091 [INFO ] SAM3: 'box' score=0.96 @ [563 209 775 619]  (top of 1)  sim=0.920
21:33:48.091 [INFO ] SAM3: mask obtained (score=0.961, area=84184 px)
21:33:48.117 [DEBUG] Grasp point: robust centroid (669, 414)
21:33:48.117 [INFO ] MaskTracker: anchor locked (IoU streak=682, last IoU=0.999)
21:33:48.129 [INFO ] frame=682 state=NEAR      c=(670,413) depth=477.2mm  robot xyz=(nan, nan, nan)mm  tilt=-
21:33:48.375 [INFO ] SAM3: 1 detection(s) for 'box'
21:33:48.378 [DEBUG]   det conf=0.96 sim=0.924 pos=0.42 prox=1.00 -> 0.872
21:33:48.380 [INFO ] SAM3: 'box' score=0.96 @ [563 209 775 619]  (top of 1)  sim=0.924
21:33:48.380 [INFO ] SAM3: mask obtained (score=0.964, area=84188 px)
21:33:48.405 [DEBUG] Grasp point: robust centroid (669, 414)
21:33:48.406 [INFO ] MaskTracker: anchor locked (IoU streak=683, last IoU=0.999)
21:33:48.416 [INFO ] frame=683 state=NEAR      c=(670,413) depth=477.1mm  robot xyz=(nan, nan, nan)mm  tilt=-
21:33:48.663 [INFO ] SAM3: 1 detection(s) for 'box'
21:33:48.665 [DEBUG]   det conf=0.96 sim=0.921 pos=0.42 prox=1.00 -> 0.870
21:33:48.666 [INFO ] SAM3: 'box' score=0.96 @ [563 209 775 619]  (top of 1)  sim=0.921
21:33:48.667 [INFO ] SAM3: mask obtained (score=0.963, area=84183 px)
21:33:48.693 [DEBUG] Grasp point: robust centroid (669, 414)
21:33:48.693 [INFO ] MaskTracker: anchor locked (IoU streak=684, last IoU=0.999)
21:33:48.704 [INFO ] frame=684 state=NEAR      c=(670,413) depth=477.1mm  robot xyz=(nan, nan, nan)mm  tilt=-
21:33:48.946 [INFO ] SAM3: 1 detection(s) for 'box'
21:33:48.948 [DEBUG]   det conf=0.96 sim=0.921 pos=0.42 prox=1.00 -> 0.870
21:33:48.950 [INFO ] SAM3: 'box' score=0.96 @ [563 209 775 619]  (top of 1)  sim=0.921
21:33:48.950 [INFO ] SAM3: mask obtained (score=0.959, area=84171 px)
21:33:48.977 [DEBUG] Grasp point: robust centroid (669, 414)
21:33:48.977 [INFO ] MaskTracker: anchor locked (IoU streak=685, last IoU=0.998)
21:33:48.989 [INFO ] frame=685 state=NEAR      c=(670,413) depth=477.1mm  robot xyz=(nan, nan, nan)mm  tilt=-
21:33:49.236 [INFO ] SAM3: 1 detection(s) for 'box'
21:33:49.238 [DEBUG]   det conf=0.96 sim=0.921 pos=0.42 prox=1.00 -> 0.870
21:33:49.240 [INFO ] SAM3: 'box' score=0.96 @ [563 209 775 619]  (top of 1)  sim=0.921
21:33:49.240 [INFO ] SAM3: mask obtained (score=0.960, area=84146 px)
21:33:49.266 [DEBUG] Grasp point: robust centroid (669, 414)
21:33:49.266 [INFO ] MaskTracker: anchor locked (IoU streak=686, last IoU=0.999)
21:33:49.278 [INFO ] frame=686 state=NEAR      c=(670,413) depth=477.1mm  robot xyz=(nan, nan, nan)mm  tilt=-
21:33:49.523 [INFO ] SAM3: 1 detection(s) for 'box'
21:33:49.526 [DEBUG]   det conf=0.96 sim=0.921 pos=0.42 prox=1.00 -> 0.870
21:33:49.527 [INFO ] SAM3: 'box' score=0.96 @ [563 209 775 619]  (top of 1)  sim=0.921
21:33:49.527 [INFO ] SAM3: mask obtained (score=0.964, area=84168 px)
21:33:49.553 [DEBUG] Grasp point: robust centroid (669, 414)
21:33:49.553 [INFO ] MaskTracker: anchor locked (IoU streak=687, last IoU=0.999)
21:33:49.564 [INFO ] frame=687 state=NEAR      c=(670,413) depth=477.1mm  robot xyz=(nan, nan, nan)mm  tilt=-
21:33:49.814 [INFO ] SAM3: 1 detection(s) for 'box'
21:33:49.817 [DEBUG]   det conf=0.96 sim=0.922 pos=0.42 prox=1.00 -> 0.870
21:33:49.818 [INFO ] SAM3: 'box' score=0.96 @ [563 209 775 619]  (top of 1)  sim=0.922
21:33:49.818 [INFO ] SAM3: mask obtained (score=0.959, area=84166 px)
21:33:49.845 [DEBUG] Grasp point: robust centroid (669, 414)
21:33:49.845 [INFO ] MaskTracker: anchor locked (IoU streak=688, last IoU=0.999)
21:33:49.856 [INFO ] frame=688 state=NEAR      c=(670,413) depth=477.1mm  robot xyz=(nan, nan, nan)mm  tilt=-
21:33:50.100 [INFO ] SAM3: 1 detection(s) for 'box'
21:33:50.102 [DEBUG]   det conf=0.96 sim=0.923 pos=0.42 prox=1.00 -> 0.871
21:33:50.104 [INFO ] SAM3: 'box' score=0.96 @ [563 209 775 619]  (top of 1)  sim=0.923
21:33:50.104 [INFO ] SAM3: mask obtained (score=0.962, area=84164 px)
21:33:50.131 [DEBUG] Grasp point: robust centroid (669, 414)
21:33:50.131 [INFO ] MaskTracker: anchor locked (IoU streak=689, last IoU=0.999)
21:33:50.143 [INFO ] frame=689 state=NEAR      c=(670,413) depth=477.1mm  robot xyz=(nan, nan, nan)mm  tilt=-
21:33:50.386 [INFO ] SAM3: 1 detection(s) for 'box'
21:33:50.388 [DEBUG]   det conf=0.96 sim=0.922 pos=0.42 prox=1.00 -> 0.870
21:33:50.390 [INFO ] SAM3: 'box' score=0.96 @ [563 209 775 619]  (top of 1)  sim=0.922
21:33:50.390 [INFO ] SAM3: mask obtained (score=0.962, area=84165 px)
21:33:50.416 [DEBUG] Grasp point: robust centroid (669, 414)
21:33:50.417 [INFO ] MaskTracker: anchor locked (IoU streak=690, last IoU=0.999)
21:33:50.481 [INFO ] frame=690 state=NEAR      c=(670,413) depth=477.2mm  robot xyz=(nan, nan, nan)mm  tilt=-
21:33:50.724 [INFO ] SAM3: 1 detection(s) for 'box'
21:33:50.726 [DEBUG]   det conf=0.96 sim=0.922 pos=0.42 prox=1.00 -> 0.870
21:33:50.728 [INFO ] SAM3: 'box' score=0.96 @ [563 209 775 619]  (top of 1)  sim=0.922
21:33:50.728 [INFO ] SAM3: mask obtained (score=0.963, area=84155 px)
21:33:50.753 [DEBUG] Grasp point: robust centroid (669, 414)
21:33:50.754 [INFO ] MaskTracker: anchor locked (IoU streak=691, last IoU=0.999)
21:33:50.765 [INFO ] frame=691 state=NEAR      c=(670,413) depth=477.3mm  robot xyz=(nan, nan, nan)mm  tilt=-
21:33:51.009 [INFO ] SAM3: 1 detection(s) for 'box'
21:33:51.011 [DEBUG]   det conf=0.96 sim=0.924 pos=0.42 prox=1.00 -> 0.871
21:33:51.012 [INFO ] SAM3: 'box' score=0.96 @ [563 209 775 619]  (top of 1)  sim=0.924
21:33:51.013 [INFO ] SAM3: mask obtained (score=0.963, area=84169 px)
21:33:51.039 [DEBUG] Grasp point: robust centroid (669, 414)
21:33:51.039 [INFO ] MaskTracker: anchor locked (IoU streak=692, last IoU=0.999)
21:33:51.050 [INFO ] frame=692 state=NEAR      c=(670,413) depth=477.3mm  robot xyz=(nan, nan, nan)mm  tilt=-
21:33:51.295 [INFO ] SAM3: 1 detection(s) for 'box'
21:33:51.298 [DEBUG]   det conf=0.96 sim=0.922 pos=0.42 prox=1.00 -> 0.870
21:33:51.299 [INFO ] SAM3: 'box' score=0.96 @ [563 209 775 619]  (top of 1)  sim=0.922
21:33:51.299 [INFO ] SAM3: mask obtained (score=0.958, area=84184 px)
21:33:51.326 [DEBUG] Grasp point: robust centroid (669, 414)
21:33:51.326 [INFO ] MaskTracker: anchor locked (IoU streak=693, last IoU=0.999)
21:33:51.337 [INFO ] frame=693 state=NEAR      c=(670,413) depth=477.3mm  robot xyz=(nan, nan, nan)mm  tilt=-
21:33:51.580 [INFO ] SAM3: 1 detection(s) for 'box'
21:33:51.582 [DEBUG]   det conf=0.96 sim=0.922 pos=0.42 prox=1.00 -> 0.871
21:33:51.584 [INFO ] SAM3: 'box' score=0.96 @ [563 209 775 619]  (top of 1)  sim=0.922
21:33:51.584 [INFO ] SAM3: mask obtained (score=0.965, area=84168 px)
21:33:51.610 [DEBUG] Grasp point: robust centroid (669, 414)
21:33:51.611 [INFO ] MaskTracker: anchor locked (IoU streak=694, last IoU=0.999)
21:33:51.621 [INFO ] frame=694 state=NEAR      c=(670,413) depth=477.4mm  robot xyz=(nan, nan, nan)mm  tilt=-
21:33:51.865 [INFO ] SAM3: 1 detection(s) for 'box'
21:33:51.868 [DEBUG]   det conf=0.97 sim=0.921 pos=0.42 prox=1.00 -> 0.870
21:33:51.869 [INFO ] SAM3: 'box' score=0.97 @ [563 209 775 619]  (top of 1)  sim=0.921
21:33:51.869 [INFO ] SAM3: mask obtained (score=0.966, area=84172 px)
21:33:51.896 [DEBUG] Grasp point: robust centroid (669, 414)
21:33:51.896 [INFO ] MaskTracker: anchor locked (IoU streak=695, last IoU=0.999)
21:33:51.907 [INFO ] frame=695 state=NEAR      c=(670,413) depth=477.3mm  robot xyz=(nan, nan, nan)mm  tilt=-
21:33:52.154 [INFO ] SAM3: 1 detection(s) for 'box'
21:33:52.156 [DEBUG]   det conf=0.97 sim=0.922 pos=0.42 prox=1.00 -> 0.871
21:33:52.158 [INFO ] SAM3: 'box' score=0.97 @ [563 209 775 619]  (top of 1)  sim=0.922
21:33:52.158 [INFO ] SAM3: mask obtained (score=0.966, area=84148 px)
21:33:52.185 [DEBUG] Grasp point: robust centroid (669, 414)
21:33:52.185 [INFO ] MaskTracker: anchor locked (IoU streak=696, last IoU=0.999)
21:33:52.197 [INFO ] frame=696 state=NEAR      c=(670,413) depth=477.3mm  robot xyz=(nan, nan, nan)mm  tilt=-
21:33:52.443 [INFO ] SAM3: 1 detection(s) for 'box'
21:33:52.445 [DEBUG]   det conf=0.96 sim=0.921 pos=0.42 prox=1.00 -> 0.870
21:33:52.447 [INFO ] SAM3: 'box' score=0.96 @ [563 209 775 619]  (top of 1)  sim=0.921
21:33:52.447 [INFO ] SAM3: mask obtained (score=0.962, area=84165 px)
21:33:52.473 [DEBUG] Grasp point: robust centroid (669, 414)
21:33:52.474 [INFO ] MaskTracker: anchor locked (IoU streak=697, last IoU=0.999)
21:33:52.487 [INFO ] frame=697 state=NEAR      c=(670,413) depth=477.3mm  robot xyz=(nan, nan, nan)mm  tilt=-
21:33:52.733 [INFO ] SAM3: 1 detection(s) for 'box'
21:33:52.735 [DEBUG]   det conf=0.96 sim=0.921 pos=0.42 prox=1.00 -> 0.870
21:33:52.737 [INFO ] SAM3: 'box' score=0.96 @ [563 209 775 619]  (top of 1)  sim=0.921
21:33:52.737 [INFO ] SAM3: mask obtained (score=0.962, area=84142 px)
21:33:52.764 [DEBUG] Grasp point: robust centroid (669, 414)
21:33:52.764 [INFO ] MaskTracker: anchor locked (IoU streak=698, last IoU=0.999)
21:33:52.776 [INFO ] frame=698 state=NEAR      c=(670,413) depth=477.4mm  robot xyz=(nan, nan, nan)mm  tilt=-
21:33:53.022 [INFO ] SAM3: 1 detection(s) for 'box'
21:33:53.025 [DEBUG]   det conf=0.96 sim=0.919 pos=0.42 prox=1.00 -> 0.869
21:33:53.026 [INFO ] SAM3: 'box' score=0.96 @ [563 209 775 619]  (top of 1)  sim=0.919
21:33:53.027 [INFO ] SAM3: mask obtained (score=0.964, area=84173 px)
21:33:53.052 [DEBUG] Grasp point: robust centroid (669, 414)
21:33:53.053 [INFO ] MaskTracker: anchor locked (IoU streak=699, last IoU=0.999)
21:33:53.064 [INFO ] frame=699 state=NEAR      c=(670,413) depth=477.3mm  robot xyz=(nan, nan, nan)mm  tilt=-
21:33:53.309 [INFO ] SAM3: 1 detection(s) for 'box'
21:33:53.312 [DEBUG]   det conf=0.96 sim=0.921 pos=0.42 prox=1.00 -> 0.870
21:33:53.313 [INFO ] SAM3: 'box' score=0.96 @ [563 209 775 619]  (top of 1)  sim=0.921
21:33:53.314 [INFO ] SAM3: mask obtained (score=0.961, area=84181 px)
21:33:53.340 [DEBUG] Grasp point: robust centroid (669, 414)
21:33:53.340 [INFO ] MaskTracker: anchor locked (IoU streak=700, last IoU=0.999)
21:33:53.351 [INFO ] frame=700 state=NEAR      c=(670,413) depth=477.4mm  robot xyz=(nan, nan, nan)mm  tilt=-
21:33:53.599 [INFO ] SAM3: 1 detection(s) for 'box'
21:33:53.601 [DEBUG]   det conf=0.96 sim=0.921 pos=0.42 prox=1.00 -> 0.870
21:33:53.603 [INFO ] SAM3: 'box' score=0.96 @ [563 209 775 619]  (top of 1)  sim=0.921
21:33:53.603 [INFO ] SAM3: mask obtained (score=0.961, area=84188 px)
21:33:53.629 [DEBUG] Grasp point: robust centroid (669, 414)
21:33:53.629 [INFO ] MaskTracker: anchor locked (IoU streak=701, last IoU=0.999)
21:33:53.640 [INFO ] frame=701 state=NEAR      c=(670,413) depth=477.3mm  robot xyz=(nan, nan, nan)mm  tilt=-
21:33:53.884 [INFO ] SAM3: 1 detection(s) for 'box'
21:33:53.886 [DEBUG]   det conf=0.96 sim=0.922 pos=0.42 prox=1.00 -> 0.870
21:33:53.888 [INFO ] SAM3: 'box' score=0.96 @ [563 209 775 619]  (top of 1)  sim=0.922
21:33:53.888 [INFO ] SAM3: mask obtained (score=0.962, area=84174 px)
21:33:53.914 [DEBUG] Grasp point: robust centroid (669, 414)
21:33:53.915 [INFO ] MaskTracker: anchor locked (IoU streak=702, last IoU=0.999)
21:33:53.925 [INFO ] frame=702 state=NEAR      c=(670,413) depth=477.2mm  robot xyz=(nan, nan, nan)mm  tilt=-
21:33:54.168 [INFO ] SAM3: 1 detection(s) for 'box'
21:33:54.171 [DEBUG]   det conf=0.96 sim=0.924 pos=0.42 prox=1.00 -> 0.872
21:33:54.173 [INFO ] SAM3: 'box' score=0.96 @ [563 209 775 619]  (top of 1)  sim=0.924
21:33:54.173 [INFO ] SAM3: mask obtained (score=0.964, area=84162 px)
21:33:54.199 [DEBUG] Grasp point: robust centroid (669, 414)
21:33:54.200 [INFO ] MaskTracker: anchor locked (IoU streak=703, last IoU=0.999)
21:33:54.210 [INFO ] frame=703 state=NEAR      c=(670,413) depth=477.2mm  robot xyz=(nan, nan, nan)mm  tilt=-
21:33:54.458 [INFO ] SAM3: 1 detection(s) for 'box'
21:33:54.460 [DEBUG]   det conf=0.97 sim=0.920 pos=0.42 prox=1.00 -> 0.870
21:33:54.461 [INFO ] SAM3: 'box' score=0.97 @ [563 209 775 619]  (top of 1)  sim=0.920
21:33:54.462 [INFO ] SAM3: mask obtained (score=0.965, area=84142 px)
21:33:54.487 [DEBUG] Grasp point: robust centroid (669, 414)
21:33:54.488 [INFO ] MaskTracker: anchor locked (IoU streak=704, last IoU=0.999)
21:33:54.498 [INFO ] frame=704 state=NEAR      c=(670,413) depth=477.2mm  robot xyz=(nan, nan, nan)mm  tilt=-
21:33:54.745 [INFO ] SAM3: 1 detection(s) for 'box'
21:33:54.747 [DEBUG]   det conf=0.96 sim=0.920 pos=0.42 prox=1.00 -> 0.870
21:33:54.749 [INFO ] SAM3: 'box' score=0.96 @ [563 209 775 619]  (top of 1)  sim=0.920
21:33:54.749 [INFO ] SAM3: mask obtained (score=0.964, area=84150 px)
21:33:54.775 [DEBUG] Grasp point: robust centroid (669, 414)
21:33:54.776 [INFO ] MaskTracker: anchor locked (IoU streak=705, last IoU=0.999)
21:33:54.786 [INFO ] frame=705 state=NEAR      c=(670,413) depth=477.2mm  robot xyz=(nan, nan, nan)mm  tilt=-
21:33:55.033 [INFO ] SAM3: 1 detection(s) for 'box'
21:33:55.036 [DEBUG]   det conf=0.96 sim=0.921 pos=0.42 prox=1.00 -> 0.870
21:33:55.037 [INFO ] SAM3: 'box' score=0.96 @ [563 209 775 619]  (top of 1)  sim=0.921
21:33:55.038 [INFO ] SAM3: mask obtained (score=0.962, area=84150 px)
21:33:55.064 [DEBUG] Grasp point: robust centroid (669, 414)
21:33:55.064 [INFO ] MaskTracker: anchor locked (IoU streak=706, last IoU=0.999)
21:33:55.075 [INFO ] frame=706 state=NEAR      c=(670,413) depth=477.2mm  robot xyz=(nan, nan, nan)mm  tilt=-
21:33:55.322 [INFO ] SAM3: 1 detection(s) for 'box'
21:33:55.324 [DEBUG]   det conf=0.96 sim=0.920 pos=0.42 prox=1.00 -> 0.869
21:33:55.326 [INFO ] SAM3: 'box' score=0.96 @ [563 209 775 619]  (top of 1)  sim=0.920
21:33:55.326 [INFO ] SAM3: mask obtained (score=0.964, area=84132 px)
21:33:55.352 [DEBUG] Grasp point: robust centroid (669, 414)
21:33:55.352 [INFO ] MaskTracker: anchor locked (IoU streak=707, last IoU=0.999)
21:33:55.363 [INFO ] frame=707 state=NEAR      c=(670,413) depth=477.2mm  robot xyz=(nan, nan, nan)mm  tilt=-
21:33:55.609 [INFO ] SAM3: 1 detection(s) for 'box'
21:33:55.612 [DEBUG]   det conf=0.96 sim=0.926 pos=0.42 prox=1.00 -> 0.872
21:33:55.613 [INFO ] SAM3: 'box' score=0.96 @ [563 209 775 619]  (top of 1)  sim=0.926
21:33:55.613 [INFO ] SAM3: mask obtained (score=0.957, area=84200 px)
21:33:55.639 [DEBUG] Grasp point: robust centroid (669, 414)
21:33:55.639 [INFO ] MaskTracker: anchor locked (IoU streak=708, last IoU=0.999)
21:33:55.651 [INFO ] frame=708 state=NEAR      c=(670,413) depth=477.2mm  robot xyz=(nan, nan, nan)mm  tilt=-
21:33:55.898 [INFO ] SAM3: 1 detection(s) for 'box'
21:33:55.900 [DEBUG]   det conf=0.96 sim=0.921 pos=0.42 prox=1.00 -> 0.870
21:33:55.901 [INFO ] SAM3: 'box' score=0.96 @ [563 209 775 619]  (top of 1)  sim=0.921
21:33:55.902 [INFO ] SAM3: mask obtained (score=0.962, area=84187 px)
21:33:55.928 [DEBUG] Grasp point: robust centroid (669, 414)
21:33:55.929 [INFO ] MaskTracker: anchor locked (IoU streak=709, last IoU=0.999)
21:33:55.940 [INFO ] frame=709 state=NEAR      c=(670,413) depth=477.3mm  robot xyz=(nan, nan, nan)mm  tilt=-
21:33:56.184 [INFO ] SAM3: 1 detection(s) for 'box'
21:33:56.186 [DEBUG]   det conf=0.96 sim=0.921 pos=0.42 prox=1.00 -> 0.870
21:33:56.188 [INFO ] SAM3: 'box' score=0.96 @ [563 209 775 619]  (top of 1)  sim=0.921
21:33:56.188 [INFO ] SAM3: mask obtained (score=0.964, area=84143 px)
21:33:56.215 [DEBUG] Grasp point: robust centroid (669, 414)
21:33:56.216 [INFO ] MaskTracker: anchor locked (IoU streak=710, last IoU=0.999)
21:33:56.227 [INFO ] frame=710 state=NEAR      c=(670,413) depth=477.3mm  robot xyz=(nan, nan, nan)mm  tilt=-
21:33:56.467 [INFO ] SAM3: 1 detection(s) for 'box'
21:33:56.469 [DEBUG]   det conf=0.96 sim=0.924 pos=0.42 prox=1.00 -> 0.871
21:33:56.470 [INFO ] SAM3: 'box' score=0.96 @ [563 209 775 619]  (top of 1)  sim=0.924
21:33:56.470 [INFO ] SAM3: mask obtained (score=0.964, area=84152 px)
21:33:56.497 [DEBUG] Grasp point: robust centroid (669, 414)
21:33:56.498 [INFO ] MaskTracker: anchor locked (IoU streak=711, last IoU=1.000)
21:33:56.508 [INFO ] frame=711 state=NEAR      c=(670,413) depth=477.2mm  robot xyz=(nan, nan, nan)mm  tilt=-
21:33:56.748 [INFO ] SAM3: 1 detection(s) for 'box'
21:33:56.751 [DEBUG]   det conf=0.96 sim=0.923 pos=0.42 prox=1.00 -> 0.871
21:33:56.752 [INFO ] SAM3: 'box' score=0.96 @ [563 209 775 619]  (top of 1)  sim=0.923
21:33:56.752 [INFO ] SAM3: mask obtained (score=0.961, area=84154 px)
21:33:56.780 [DEBUG] Grasp point: robust centroid (669, 414)
21:33:56.780 [INFO ] MaskTracker: anchor locked (IoU streak=712, last IoU=0.999)
21:33:56.791 [INFO ] frame=712 state=NEAR      c=(670,413) depth=477.2mm  robot xyz=(nan, nan, nan)mm  tilt=-
21:33:57.037 [INFO ] SAM3: 1 detection(s) for 'box'
21:33:57.039 [DEBUG]   det conf=0.96 sim=0.923 pos=0.42 prox=1.00 -> 0.871
21:33:57.041 [INFO ] SAM3: 'box' score=0.96 @ [563 209 775 619]  (top of 1)  sim=0.923
21:33:57.041 [INFO ] SAM3: mask obtained (score=0.964, area=84159 px)
21:33:57.068 [DEBUG] Grasp point: robust centroid (669, 414)
21:33:57.068 [INFO ] MaskTracker: anchor locked (IoU streak=713, last IoU=0.999)
21:33:57.079 [INFO ] frame=713 state=NEAR      c=(670,413) depth=477.2mm  robot xyz=(nan, nan, nan)mm  tilt=-
21:33:57.319 [INFO ] SAM3: 1 detection(s) for 'box'
21:33:57.322 [DEBUG]   det conf=0.96 sim=0.921 pos=0.42 prox=1.00 -> 0.870
21:33:57.324 [INFO ] SAM3: 'box' score=0.96 @ [563 209 775 619]  (top of 1)  sim=0.921
21:33:57.324 [INFO ] SAM3: mask obtained (score=0.964, area=84122 px)
21:33:57.351 [DEBUG] Grasp point: robust centroid (669, 414)
21:33:57.351 [INFO ] MaskTracker: anchor locked (IoU streak=714, last IoU=0.999)
21:33:57.362 [INFO ] frame=714 state=NEAR      c=(670,413) depth=477.3mm  robot xyz=(nan, nan, nan)mm  tilt=-
21:33:57.608 [INFO ] SAM3: 1 detection(s) for 'box'
21:33:57.611 [DEBUG]   det conf=0.96 sim=0.922 pos=0.42 prox=1.00 -> 0.870
21:33:57.612 [INFO ] SAM3: 'box' score=0.96 @ [563 209 775 619]  (top of 1)  sim=0.922
21:33:57.613 [INFO ] SAM3: mask obtained (score=0.963, area=84131 px)
21:33:57.638 [DEBUG] Grasp point: robust centroid (669, 414)
21:33:57.639 [INFO ] MaskTracker: anchor locked (IoU streak=715, last IoU=0.999)
21:33:57.649 [INFO ] frame=715 state=NEAR      c=(670,413) depth=477.3mm  robot xyz=(nan, nan, nan)mm  tilt=-
21:33:57.892 [INFO ] SAM3: 1 detection(s) for 'box'
21:33:57.895 [DEBUG]   det conf=0.96 sim=0.921 pos=0.42 prox=1.00 -> 0.870
21:33:57.897 [INFO ] SAM3: 'box' score=0.96 @ [563 209 775 619]  (top of 1)  sim=0.921
21:33:57.897 [INFO ] SAM3: mask obtained (score=0.963, area=84167 px)
21:33:57.923 [DEBUG] Grasp point: robust centroid (669, 414)
21:33:57.923 [INFO ] MaskTracker: anchor locked (IoU streak=716, last IoU=0.999)
21:33:57.934 [INFO ] frame=716 state=NEAR      c=(670,413) depth=477.3mm  robot xyz=(nan, nan, nan)mm  tilt=-
21:33:58.179 [INFO ] SAM3: 1 detection(s) for 'box'
21:33:58.181 [DEBUG]   det conf=0.96 sim=0.923 pos=0.42 prox=1.00 -> 0.871
21:33:58.183 [INFO ] SAM3: 'box' score=0.96 @ [563 209 775 619]  (top of 1)  sim=0.923
21:33:58.183 [INFO ] SAM3: mask obtained (score=0.964, area=84142 px)
21:33:58.210 [DEBUG] Grasp point: robust centroid (669, 414)
21:33:58.210 [INFO ] MaskTracker: anchor locked (IoU streak=717, last IoU=0.999)
21:33:58.221 [INFO ] frame=717 state=NEAR      c=(670,413) depth=477.4mm  robot xyz=(nan, nan, nan)mm  tilt=-
21:33:58.459 [INFO ] SAM3: 1 detection(s) for 'box'
21:33:58.462 [DEBUG]   det conf=0.96 sim=0.924 pos=0.42 prox=1.00 -> 0.871
21:33:58.464 [INFO ] SAM3: 'box' score=0.96 @ [563 209 775 619]  (top of 1)  sim=0.924
21:33:58.464 [INFO ] SAM3: mask obtained (score=0.959, area=84150 px)
21:33:58.490 [DEBUG] Grasp point: robust centroid (669, 414)
21:33:58.490 [INFO ] MaskTracker: anchor locked (IoU streak=718, last IoU=0.999)
21:33:58.501 [INFO ] frame=718 state=NEAR      c=(670,413) depth=477.3mm  robot xyz=(nan, nan, nan)mm  tilt=-
21:33:58.744 [INFO ] SAM3: 1 detection(s) for 'box'
21:33:58.747 [DEBUG]   det conf=0.96 sim=0.923 pos=0.42 prox=1.00 -> 0.871
21:33:58.748 [INFO ] SAM3: 'box' score=0.96 @ [563 209 775 619]  (top of 1)  sim=0.923
21:33:58.749 [INFO ] SAM3: mask obtained (score=0.962, area=84139 px)
21:33:58.775 [DEBUG] Grasp point: robust centroid (669, 414)
21:33:58.775 [INFO ] MaskTracker: anchor locked (IoU streak=719, last IoU=0.999)
21:33:58.786 [INFO ] frame=719 state=NEAR      c=(670,413) depth=477.3mm  robot xyz=(nan, nan, nan)mm  tilt=-
21:33:59.033 [INFO ] SAM3: 1 detection(s) for 'box'
21:33:59.036 [DEBUG]   det conf=0.96 sim=0.921 pos=0.42 prox=1.00 -> 0.870
21:33:59.037 [INFO ] SAM3: 'box' score=0.96 @ [563 209 775 619]  (top of 1)  sim=0.921
21:33:59.038 [INFO ] SAM3: mask obtained (score=0.963, area=84141 px)
21:33:59.064 [DEBUG] Grasp point: robust centroid (669, 414)
21:33:59.064 [INFO ] MaskTracker: anchor locked (IoU streak=720, last IoU=0.999)
21:33:59.130 [INFO ] frame=720 state=NEAR      c=(670,413) depth=477.3mm  robot xyz=(nan, nan, nan)mm  tilt=-
21:33:59.374 [INFO ] SAM3: 1 detection(s) for 'box'
21:33:59.377 [DEBUG]   det conf=0.97 sim=0.922 pos=0.42 prox=1.00 -> 0.871
21:33:59.379 [INFO ] SAM3: 'box' score=0.97 @ [563 209 775 619]  (top of 1)  sim=0.922
21:33:59.379 [INFO ] SAM3: mask obtained (score=0.966, area=84155 px)
21:33:59.404 [DEBUG] Grasp point: robust centroid (669, 414)
21:33:59.405 [INFO ] MaskTracker: anchor locked (IoU streak=721, last IoU=0.999)
21:33:59.416 [INFO ] frame=721 state=NEAR      c=(670,413) depth=477.3mm  robot xyz=(nan, nan, nan)mm  tilt=-
21:33:59.661 [INFO ] SAM3: 1 detection(s) for 'box'
21:33:59.664 [DEBUG]   det conf=0.96 sim=0.921 pos=0.42 prox=1.00 -> 0.870
21:33:59.666 [INFO ] SAM3: 'box' score=0.96 @ [563 209 775 619]  (top of 1)  sim=0.921
21:33:59.666 [INFO ] SAM3: mask obtained (score=0.960, area=84154 px)
21:33:59.693 [DEBUG] Grasp point: robust centroid (669, 414)
21:33:59.693 [INFO ] MaskTracker: anchor locked (IoU streak=722, last IoU=0.999)
21:33:59.704 [INFO ] frame=722 state=NEAR      c=(670,413) depth=477.3mm  robot xyz=(nan, nan, nan)mm  tilt=-
21:33:59.950 [INFO ] SAM3: 1 detection(s) for 'box'
21:33:59.952 [DEBUG]   det conf=0.96 sim=0.921 pos=0.42 prox=1.00 -> 0.870
21:33:59.954 [INFO ] SAM3: 'box' score=0.96 @ [563 209 775 619]  (top of 1)  sim=0.921
21:33:59.954 [INFO ] SAM3: mask obtained (score=0.962, area=84181 px)
21:33:59.981 [DEBUG] Grasp point: robust centroid (669, 414)
21:33:59.981 [INFO ] MaskTracker: anchor locked (IoU streak=723, last IoU=0.999)
21:33:59.992 [INFO ] frame=723 state=NEAR      c=(670,413) depth=477.3mm  robot xyz=(nan, nan, nan)mm  tilt=-
21:34:00.239 [INFO ] SAM3: 1 detection(s) for 'box'
21:34:00.241 [DEBUG]   det conf=0.96 sim=0.919 pos=0.42 prox=1.00 -> 0.869
21:34:00.243 [INFO ] SAM3: 'box' score=0.96 @ [563 209 775 619]  (top of 1)  sim=0.919
21:34:00.244 [INFO ] SAM3: mask obtained (score=0.965, area=84146 px)
21:34:00.269 [DEBUG] Grasp point: robust centroid (669, 414)
21:34:00.269 [INFO ] MaskTracker: anchor locked (IoU streak=724, last IoU=0.999)
21:34:00.280 [INFO ] frame=724 state=NEAR      c=(670,413) depth=477.2mm  robot xyz=(nan, nan, nan)mm  tilt=-
21:34:00.523 [INFO ] SAM3: 1 detection(s) for 'box'
21:34:00.526 [DEBUG]   det conf=0.96 sim=0.921 pos=0.42 prox=1.00 -> 0.870
21:34:00.528 [INFO ] SAM3: 'box' score=0.96 @ [563 209 775 619]  (top of 1)  sim=0.921
21:34:00.528 [INFO ] SAM3: mask obtained (score=0.963, area=84157 px)
21:34:00.554 [DEBUG] Grasp point: robust centroid (669, 414)
21:34:00.554 [INFO ] MaskTracker: anchor locked (IoU streak=725, last IoU=0.999)
21:34:00.565 [INFO ] frame=725 state=NEAR      c=(670,413) depth=477.3mm  robot xyz=(nan, nan, nan)mm  tilt=-
21:34:00.813 [INFO ] SAM3: 1 detection(s) for 'box'
21:34:00.815 [DEBUG]   det conf=0.96 sim=0.922 pos=0.42 prox=1.00 -> 0.870
21:34:00.817 [INFO ] SAM3: 'box' score=0.96 @ [563 209 775 619]  (top of 1)  sim=0.922
21:34:00.817 [INFO ] SAM3: mask obtained (score=0.962, area=84168 px)
21:34:00.844 [DEBUG] Grasp point: robust centroid (669, 414)
21:34:00.845 [INFO ] MaskTracker: anchor locked (IoU streak=726, last IoU=0.999)
21:34:00.855 [INFO ] frame=726 state=NEAR      c=(670,413) depth=477.3mm  robot xyz=(nan, nan, nan)mm  tilt=-
21:34:01.099 [INFO ] SAM3: 1 detection(s) for 'box'
21:34:01.101 [DEBUG]   det conf=0.96 sim=0.921 pos=0.42 prox=1.00 -> 0.870
21:34:01.103 [INFO ] SAM3: 'box' score=0.96 @ [563 209 775 619]  (top of 1)  sim=0.921
21:34:01.103 [INFO ] SAM3: mask obtained (score=0.958, area=84194 px)
21:34:01.130 [DEBUG] Grasp point: robust centroid (669, 414)
21:34:01.130 [INFO ] MaskTracker: anchor locked (IoU streak=727, last IoU=0.999)
21:34:01.141 [INFO ] frame=727 state=NEAR      c=(670,413) depth=477.3mm  robot xyz=(nan, nan, nan)mm  tilt=-
21:34:01.385 [INFO ] SAM3: 1 detection(s) for 'box'
21:34:01.388 [DEBUG]   det conf=0.96 sim=0.921 pos=0.42 prox=1.00 -> 0.870
21:34:01.389 [INFO ] SAM3: 'box' score=0.96 @ [563 209 775 619]  (top of 1)  sim=0.921
21:34:01.390 [INFO ] SAM3: mask obtained (score=0.965, area=84159 px)
21:34:01.415 [DEBUG] Grasp point: robust centroid (669, 414)
21:34:01.416 [INFO ] MaskTracker: anchor locked (IoU streak=728, last IoU=0.999)
21:34:01.427 [INFO ] frame=728 state=NEAR      c=(670,413) depth=477.3mm  robot xyz=(nan, nan, nan)mm  tilt=-
21:34:01.674 [INFO ] SAM3: 1 detection(s) for 'box'
21:34:01.676 [DEBUG]   det conf=0.96 sim=0.922 pos=0.42 prox=1.00 -> 0.870
21:34:01.678 [INFO ] SAM3: 'box' score=0.96 @ [563 209 775 619]  (top of 1)  sim=0.922
21:34:01.678 [INFO ] SAM3: mask obtained (score=0.959, area=84148 px)
21:34:01.703 [DEBUG] Grasp point: robust centroid (669, 414)
21:34:01.704 [INFO ] MaskTracker: anchor locked (IoU streak=729, last IoU=0.999)
21:34:01.714 [INFO ] frame=729 state=NEAR      c=(670,413) depth=477.3mm  robot xyz=(nan, nan, nan)mm  tilt=-
21:34:01.958 [INFO ] SAM3: 1 detection(s) for 'box'
21:34:01.961 [DEBUG]   det conf=0.96 sim=0.922 pos=0.42 prox=1.00 -> 0.870
21:34:01.962 [INFO ] SAM3: 'box' score=0.96 @ [563 209 775 619]  (top of 1)  sim=0.922
21:34:01.963 [INFO ] SAM3: mask obtained (score=0.962, area=84159 px)
21:34:01.988 [DEBUG] Grasp point: robust centroid (669, 414)
21:34:01.988 [INFO ] MaskTracker: anchor locked (IoU streak=730, last IoU=0.999)
21:34:01.999 [INFO ] frame=730 state=NEAR      c=(670,413) depth=477.3mm  robot xyz=(nan, nan, nan)mm  tilt=-
21:34:02.243 [INFO ] SAM3: 1 detection(s) for 'box'
21:34:02.245 [DEBUG]   det conf=0.96 sim=0.918 pos=0.42 prox=1.00 -> 0.869
21:34:02.247 [INFO ] SAM3: 'box' score=0.96 @ [563 209 775 619]  (top of 1)  sim=0.918
21:34:02.247 [INFO ] SAM3: mask obtained (score=0.964, area=84177 px)
21:34:02.272 [DEBUG] Grasp point: robust centroid (669, 414)
21:34:02.273 [INFO ] MaskTracker: anchor locked (IoU streak=731, last IoU=0.999)
21:34:02.283 [INFO ] frame=731 state=NEAR      c=(670,413) depth=477.4mm  robot xyz=(nan, nan, nan)mm  tilt=-
21:34:02.527 [INFO ] SAM3: 1 detection(s) for 'box'
21:34:02.530 [DEBUG]   det conf=0.96 sim=0.923 pos=0.42 prox=1.00 -> 0.871
21:34:02.531 [INFO ] SAM3: 'box' score=0.96 @ [563 209 775 619]  (top of 1)  sim=0.923
21:34:02.531 [INFO ] SAM3: mask obtained (score=0.964, area=84194 px)
21:34:02.557 [DEBUG] Grasp point: robust centroid (669, 414)
21:34:02.558 [INFO ] MaskTracker: anchor locked (IoU streak=732, last IoU=0.999)
21:34:02.569 [INFO ] frame=732 state=NEAR      c=(670,413) depth=477.3mm  robot xyz=(nan, nan, nan)mm  tilt=-
21:34:02.815 [INFO ] SAM3: 1 detection(s) for 'box'
21:34:02.817 [DEBUG]   det conf=0.96 sim=0.921 pos=0.42 prox=1.00 -> 0.869
21:34:02.819 [INFO ] SAM3: 'box' score=0.96 @ [563 209 775 619]  (top of 1)  sim=0.921
21:34:02.819 [INFO ] SAM3: mask obtained (score=0.959, area=84170 px)
21:34:02.845 [DEBUG] Grasp point: robust centroid (669, 414)
21:34:02.846 [INFO ] MaskTracker: anchor locked (IoU streak=733, last IoU=0.999)
21:34:02.857 [INFO ] frame=733 state=NEAR      c=(670,413) depth=477.2mm  robot xyz=(nan, nan, nan)mm  tilt=-
21:34:03.102 [INFO ] SAM3: 1 detection(s) for 'box'
21:34:03.104 [DEBUG]   det conf=0.96 sim=0.921 pos=0.42 prox=1.00 -> 0.870
21:34:03.106 [INFO ] SAM3: 'box' score=0.96 @ [563 209 775 619]  (top of 1)  sim=0.921
21:34:03.106 [INFO ] SAM3: mask obtained (score=0.964, area=84152 px)
21:34:03.132 [DEBUG] Grasp point: robust centroid (669, 414)
21:34:03.132 [INFO ] MaskTracker: anchor locked (IoU streak=734, last IoU=0.999)
21:34:03.143 [INFO ] frame=734 state=NEAR      c=(670,413) depth=477.3mm  robot xyz=(nan, nan, nan)mm  tilt=-
21:34:03.390 [INFO ] SAM3: 1 detection(s) for 'box'
21:34:03.392 [DEBUG]   det conf=0.96 sim=0.921 pos=0.42 prox=1.00 -> 0.870
21:34:03.394 [INFO ] SAM3: 'box' score=0.96 @ [563 209 775 619]  (top of 1)  sim=0.921
21:34:03.395 [INFO ] SAM3: mask obtained (score=0.960, area=84145 px)
21:34:03.420 [DEBUG] Grasp point: robust centroid (669, 414)
21:34:03.421 [INFO ] MaskTracker: anchor locked (IoU streak=735, last IoU=0.999)
21:34:03.432 [INFO ] frame=735 state=NEAR      c=(670,413) depth=477.3mm  robot xyz=(nan, nan, nan)mm  tilt=-
21:34:03.679 [INFO ] SAM3: 1 detection(s) for 'box'
21:34:03.681 [DEBUG]   det conf=0.96 sim=0.921 pos=0.42 prox=1.00 -> 0.870
21:34:03.683 [INFO ] SAM3: 'box' score=0.96 @ [563 209 775 619]  (top of 1)  sim=0.921
21:34:03.683 [INFO ] SAM3: mask obtained (score=0.963, area=84172 px)
21:34:03.709 [DEBUG] Grasp point: robust centroid (669, 414)
21:34:03.710 [INFO ] MaskTracker: anchor locked (IoU streak=736, last IoU=0.999)
21:34:03.720 [INFO ] frame=736 state=NEAR      c=(670,413) depth=477.3mm  robot xyz=(nan, nan, nan)mm  tilt=-
21:34:03.965 [INFO ] SAM3: 1 detection(s) for 'box'
21:34:03.967 [DEBUG]   det conf=0.96 sim=0.922 pos=0.42 prox=1.00 -> 0.870
21:34:03.968 [INFO ] SAM3: 'box' score=0.96 @ [563 209 775 619]  (top of 1)  sim=0.922
21:34:03.968 [INFO ] SAM3: mask obtained (score=0.962, area=84162 px)
21:34:03.995 [DEBUG] Grasp point: robust centroid (669, 414)
21:34:03.995 [INFO ] MaskTracker: anchor locked (IoU streak=737, last IoU=0.999)
21:34:04.006 [INFO ] frame=737 state=NEAR      c=(670,413) depth=477.2mm  robot xyz=(nan, nan, nan)mm  tilt=-
21:34:04.253 [INFO ] SAM3: 1 detection(s) for 'box'
21:34:04.255 [DEBUG]   det conf=0.96 sim=0.921 pos=0.42 prox=1.00 -> 0.870
21:34:04.257 [INFO ] SAM3: 'box' score=0.96 @ [563 209 775 619]  (top of 1)  sim=0.921
21:34:04.257 [INFO ] SAM3: mask obtained (score=0.962, area=84145 px)
21:34:04.283 [DEBUG] Grasp point: robust centroid (669, 414)
21:34:04.283 [INFO ] MaskTracker: anchor locked (IoU streak=738, last IoU=0.999)
21:34:04.294 [INFO ] frame=738 state=NEAR      c=(670,413) depth=477.3mm  robot xyz=(nan, nan, nan)mm  tilt=-
21:34:04.540 [INFO ] SAM3: 1 detection(s) for 'box'
21:34:04.542 [DEBUG]   det conf=0.96 sim=0.921 pos=0.42 prox=1.00 -> 0.870
21:34:04.544 [INFO ] SAM3: 'box' score=0.96 @ [563 209 775 619]  (top of 1)  sim=0.921
21:34:04.544 [INFO ] SAM3: mask obtained (score=0.961, area=84181 px)
21:34:04.570 [DEBUG] Grasp point: robust centroid (669, 414)
21:34:04.570 [INFO ] MaskTracker: anchor locked (IoU streak=739, last IoU=0.999)
21:34:04.581 [INFO ] frame=739 state=NEAR      c=(670,413) depth=477.2mm  robot xyz=(nan, nan, nan)mm  tilt=-
21:34:04.825 [INFO ] SAM3: 1 detection(s) for 'box'
21:34:04.828 [DEBUG]   det conf=0.96 sim=0.922 pos=0.42 prox=1.00 -> 0.870
21:34:04.829 [INFO ] SAM3: 'box' score=0.96 @ [563 209 775 619]  (top of 1)  sim=0.922
21:34:04.829 [INFO ] SAM3: mask obtained (score=0.962, area=84165 px)
21:34:04.855 [DEBUG] Grasp point: robust centroid (669, 414)
21:34:04.855 [INFO ] MaskTracker: anchor locked (IoU streak=740, last IoU=0.999)
21:34:04.866 [INFO ] frame=740 state=NEAR      c=(670,413) depth=477.2mm  robot xyz=(nan, nan, nan)mm  tilt=-
21:34:05.113 [INFO ] SAM3: 1 detection(s) for 'box'
21:34:05.115 [DEBUG]   det conf=0.96 sim=0.920 pos=0.42 prox=1.00 -> 0.869
21:34:05.117 [INFO ] SAM3: 'box' score=0.96 @ [563 209 775 619]  (top of 1)  sim=0.920
21:34:05.117 [INFO ] SAM3: mask obtained (score=0.959, area=84155 px)
21:34:05.143 [DEBUG] Grasp point: robust centroid (669, 414)
21:34:05.144 [INFO ] MaskTracker: anchor locked (IoU streak=741, last IoU=0.999)
21:34:05.154 [INFO ] frame=741 state=NEAR      c=(670,413) depth=477.2mm  robot xyz=(nan, nan, nan)mm  tilt=-
21:34:05.394 [INFO ] SAM3: 1 detection(s) for 'box'
21:34:05.396 [DEBUG]   det conf=0.96 sim=0.923 pos=0.42 prox=1.00 -> 0.871
21:34:05.397 [INFO ] SAM3: 'box' score=0.96 @ [563 209 775 619]  (top of 1)  sim=0.923
21:34:05.397 [INFO ] SAM3: mask obtained (score=0.962, area=84149 px)
21:34:05.423 [DEBUG] Grasp point: robust centroid (669, 414)
21:34:05.424 [INFO ] MaskTracker: anchor locked (IoU streak=742, last IoU=0.999)
21:34:05.434 [INFO ] frame=742 state=NEAR      c=(670,413) depth=477.1mm  robot xyz=(nan, nan, nan)mm  tilt=-
21:34:05.677 [INFO ] SAM3: 1 detection(s) for 'box'
21:34:05.679 [DEBUG]   det conf=0.96 sim=0.924 pos=0.42 prox=1.00 -> 0.871
21:34:05.680 [INFO ] SAM3: 'box' score=0.96 @ [563 209 775 619]  (top of 1)  sim=0.924
21:34:05.681 [INFO ] SAM3: mask obtained (score=0.960, area=84177 px)
21:34:05.707 [DEBUG] Grasp point: robust centroid (669, 414)
21:34:05.708 [INFO ] MaskTracker: anchor locked (IoU streak=743, last IoU=0.999)
21:34:05.718 [INFO ] frame=743 state=NEAR      c=(670,413) depth=477.2mm  robot xyz=(nan, nan, nan)mm  tilt=-
21:34:05.959 [INFO ] SAM3: 1 detection(s) for 'box'
21:34:05.962 [DEBUG]   det conf=0.96 sim=0.920 pos=0.42 prox=1.00 -> 0.869
21:34:05.963 [INFO ] SAM3: 'box' score=0.96 @ [563 209 775 619]  (top of 1)  sim=0.920
21:34:05.963 [INFO ] SAM3: mask obtained (score=0.962, area=84139 px)
21:34:05.989 [DEBUG] Grasp point: robust centroid (669, 414)
21:34:05.989 [INFO ] MaskTracker: anchor locked (IoU streak=744, last IoU=0.999)
21:34:06.000 [INFO ] frame=744 state=NEAR      c=(670,413) depth=477.1mm  robot xyz=(nan, nan, nan)mm  tilt=-
21:34:06.238 [INFO ] SAM3: 1 detection(s) for 'box'
21:34:06.240 [DEBUG]   det conf=0.96 sim=0.922 pos=0.42 prox=1.00 -> 0.870
21:34:06.242 [INFO ] SAM3: 'box' score=0.96 @ [563 209 775 619]  (top of 1)  sim=0.922
21:34:06.242 [INFO ] SAM3: mask obtained (score=0.962, area=84170 px)
21:34:06.268 [DEBUG] Grasp point: robust centroid (669, 414)
21:34:06.268 [INFO ] MaskTracker: anchor locked (IoU streak=745, last IoU=0.999)
21:34:06.280 [INFO ] frame=745 state=NEAR      c=(670,413) depth=477.2mm  robot xyz=(nan, nan, nan)mm  tilt=-
21:34:06.523 [INFO ] SAM3: 1 detection(s) for 'box'
21:34:06.525 [DEBUG]   det conf=0.96 sim=0.922 pos=0.42 prox=1.00 -> 0.870
21:34:06.527 [INFO ] SAM3: 'box' score=0.96 @ [563 209 775 619]  (top of 1)  sim=0.922
21:34:06.527 [INFO ] SAM3: mask obtained (score=0.964, area=84160 px)
21:34:06.552 [DEBUG] Grasp point: robust centroid (669, 414)
21:34:06.553 [INFO ] MaskTracker: anchor locked (IoU streak=746, last IoU=0.999)
21:34:06.564 [INFO ] frame=746 state=NEAR      c=(670,413) depth=477.1mm  robot xyz=(nan, nan, nan)mm  tilt=-
21:34:06.810 [INFO ] SAM3: 1 detection(s) for 'box'
21:34:06.812 [DEBUG]   det conf=0.96 sim=0.921 pos=0.42 prox=1.00 -> 0.870
21:34:06.814 [INFO ] SAM3: 'box' score=0.96 @ [563 209 775 619]  (top of 1)  sim=0.921
21:34:06.814 [INFO ] SAM3: mask obtained (score=0.964, area=84192 px)
21:34:06.841 [DEBUG] Grasp point: robust centroid (669, 414)
21:34:06.841 [INFO ] MaskTracker: anchor locked (IoU streak=747, last IoU=0.999)
21:34:06.852 [INFO ] frame=747 state=NEAR      c=(670,413) depth=477.3mm  robot xyz=(nan, nan, nan)mm  tilt=-
21:34:07.099 [INFO ] SAM3: 1 detection(s) for 'box'
21:34:07.101 [DEBUG]   det conf=0.96 sim=0.921 pos=0.42 prox=1.00 -> 0.870
21:34:07.104 [INFO ] SAM3: 'box' score=0.96 @ [563 209 775 619]  (top of 1)  sim=0.921
21:34:07.104 [INFO ] SAM3: mask obtained (score=0.962, area=84167 px)
21:34:07.131 [DEBUG] Grasp point: robust centroid (669, 414)
21:34:07.131 [INFO ] MaskTracker: anchor locked (IoU streak=748, last IoU=0.999)
21:34:07.136 [INFO ] Quit requested via window key.
21:34:07.140 [INFO ] frame=748 state=NEAR      c=(670,413) depth=477.1mm  robot xyz=(nan, nan, nan)mm  tilt=-
21:34:07.937 [INFO ] Results summary written to runs/v2_live_nocup_20260510_213018/results_summary.json
21:34:07.937 [WARNING] GT pose provided but TERMINAL was never reached — no error computed.
21:34:07.942 [INFO ] Done.
