{
  "frame_index": 90,
  "source": "live",
  "detector_used": "gdino",
  "detection_was_skipped": false,
  "candidates": [
    {
      "box_xyxy": [
        431.206787109375,
        505.0321044921875,
        845.5377197265625,
        712.4035034179688
      ],
      "score": 0.38738685846328735,
      "label": "cardboard box package carton"
    },
    {
      "box_xyxy": [
        397.6412353515625,
        480.96954345703125,
        882.3526611328125,
        716.915283203125
      ],
      "score": 0.27157294750213623,
      "label": "cardboard box package carton"
    },
    {
      "box_xyxy": [
        382.416015625,
        462.0009460449219,
        896.2891845703125,
        716.5538940429688
      ],
      "score": 0.26788845658302307,
      "label": "cardboard box package carton"
    }
  ],
  "chosen_box_xyxy": [
    431.206787109375,
    505.0321044921875,
    845.5377197265625,
    712.4035034179688
  ],
  "sam_center_pt": [
    638.3722534179688,
    608.7177734375
  ],
  "sam_score": 0.9941545128822327,
  "similarity": 0.8430846929550171,
  "best_centroid": [
    638,
    613
  ]
}