{
  "mask_np": null,
  "depth_np": null,
  "gdino_box": [
    555.1038818359375,
    244.5383758544922,
    734.3987426757812,
    584.1484375
  ],
  "sam_score": 0.9677066206932068,
  "similarity": 0.9248978495597839,
  "dets_all": [
    [
      [
        555.1038818359375,
        244.5383758544922,
        734.3987426757812,
        584.1484375
      ],
      0.9677066206932068,
      "box"
    ]
  ],
  "detector_used": "sam3",
  "detection_was_skipped": false,
  "state": "FAR",
  "c_A": null,
  "c_B": null,
  "c_C": null,
  "c_D": null,
  "c_fused": null,
  "weights": null,
  "watchdog_alarm": false,
  "plane_normal": null,
  "z_mm": 577.6931762695312,
  "in_frame_fraction": null,
  "best_centroid": [
    644.2901583218922,
    413.09203872021686
  ],
  "tilt_deg": null,
  "roll_deg": null,
  "pitch_deg": null,
  "near_plane_normal": null,
  "near_plane_n_inliers": null,
  "ee_mask": null,
  "ee_masking_applied": false,
  "signal_a_is_6dof": false,
  "c_E": null,
  "sam_center_pt": [
    644.7513427734375,
    414.3434143066406
  ],
  "bbox_at_border": false,
  "source": "live"
}