{
  "mask_np": null,
  "depth_np": null,
  "gdino_box": [
    512.5517578125,
    243.57650756835938,
    748.9569702148438,
    680.3046875
  ],
  "sam_score": 0.980530321598053,
  "similarity": 0.9130631685256958,
  "dets_all": [
    [
      [
        741.1300659179688,
        346.66925048828125,
        1222.1763916015625,
        668.3845825195312
      ],
      0.9672995209693909,
      "box"
    ],
    [
      [
        133.06503295898438,
        489.005615234375,
        506.2107849121094,
        689.2462158203125
      ],
      0.9747770428657532,
      "box"
    ],
    [
      [
        739.27978515625,
        111.02743530273438,
        1133.4580078125,
        368.4453125
      ],
      0.8697295784950256,
      "box"
    ],
    [
      [
        512.5517578125,
        243.57650756835938,
        748.9569702148438,
        680.3046875
      ],
      0.980530321598053,
      "box"
    ],
    [
      [
        131.4944610595703,
        300.3702392578125,
        509.33868408203125,
        493.45074462890625
      ],
      0.9737060070037842,
      "box"
    ],
    [
      [
        742.1387329101562,
        281.06268310546875,
        1122.9189453125,
        368.6580810546875
      ],
      0.7212352752685547,
      "box"
    ]
  ],
  "detector_used": "sam3",
  "detection_was_skipped": false,
  "state": "FAR",
  "c_A": null,
  "c_B": null,
  "c_C": null,
  "c_D": null,
  "c_fused": null,
  "weights": null,
  "watchdog_alarm": false,
  "plane_normal": null,
  "z_mm": 449.02960205078125,
  "in_frame_fraction": null,
  "best_centroid": [
    626.8284513539988,
    462.5338157381953
  ],
  "sam_center_pt": [
    630.75439453125,
    461.94061279296875
  ],
  "bbox_at_border": false,
  "source": "live"
}