{
  "mask_np": null,
  "depth_np": null,
  "gdino_box": [
    543.6520385742188,
    210.55001831054688,
    771.1607666015625,
    644.5576782226562
  ],
  "sam_score": 0.9582086205482483,
  "similarity": 0.9285115003585815,
  "dets_all": [
    [
      [
        543.6520385742188,
        210.55001831054688,
        771.1607666015625,
        644.5576782226562
      ],
      0.9582086205482483,
      "box"
    ]
  ],
  "detector_used": "sam3",
  "detection_was_skipped": false,
  "state": "FAR",
  "c_A": null,
  "c_B": null,
  "c_C": null,
  "c_D": null,
  "c_fused": null,
  "weights": null,
  "watchdog_alarm": false,
  "plane_normal": null,
  "z_mm": 450.3552551269531,
  "in_frame_fraction": null,
  "best_centroid": [
    656.9688265562652,
    426.18609925436203
  ],
  "tilt_deg": null,
  "roll_deg": null,
  "pitch_deg": null,
  "near_plane_normal": null,
  "near_plane_n_inliers": null,
  "ee_mask": null,
  "ee_masking_applied": false,
  "signal_a_is_6dof": false,
  "c_E": null,
  "sam_center_pt": [
    657.4063720703125,
    427.5538330078125
  ],
  "bbox_at_border": false,
  "source": "live"
}