{
  "mask_np": null,
  "depth_np": null,
  "gdino_box": [
    554.0009765625,
    209.73052978515625,
    780.9638671875,
    645.6622314453125
  ],
  "sam_score": 0.963457465171814,
  "similarity": 0.9314711093902588,
  "dets_all": [
    [
      [
        554.0009765625,
        209.73052978515625,
        780.9638671875,
        645.6622314453125
      ],
      0.963457465171814,
      "box"
    ]
  ],
  "detector_used": "sam3",
  "detection_was_skipped": false,
  "state": "FAR",
  "c_A": null,
  "c_B": null,
  "c_C": null,
  "c_D": null,
  "c_fused": null,
  "weights": null,
  "watchdog_alarm": false,
  "plane_normal": null,
  "z_mm": 450.7668762207031,
  "in_frame_fraction": null,
  "best_centroid": [
    667.1380576307364,
    426.02827107790824
  ],
  "tilt_deg": null,
  "roll_deg": null,
  "pitch_deg": null,
  "near_plane_normal": null,
  "near_plane_n_inliers": null,
  "ee_mask": null,
  "ee_masking_applied": false,
  "signal_a_is_6dof": false,
  "c_E": null,
  "sam_center_pt": [
    667.482421875,
    427.6963806152344
  ],
  "bbox_at_border": false,
  "source": "live"
}