{
  "mask_np": null,
  "depth_np": null,
  "gdino_box": [
    555.1121215820312,
    243.53018188476562,
    734.3395385742188,
    583.0933837890625
  ],
  "sam_score": 0.9672377109527588,
  "similarity": 0.9264093637466431,
  "dets_all": [
    [
      [
        555.1121215820312,
        243.53018188476562,
        734.3395385742188,
        583.0933837890625
      ],
      0.9672377109527588,
      "box"
    ]
  ],
  "detector_used": "sam3",
  "detection_was_skipped": false,
  "state": "FAR",
  "c_A": null,
  "c_B": null,
  "c_C": null,
  "c_D": null,
  "c_fused": null,
  "weights": null,
  "watchdog_alarm": false,
  "plane_normal": null,
  "z_mm": 577.894287109375,
  "in_frame_fraction": null,
  "best_centroid": [
    644.364950426161,
    412.3886241085406
  ],
  "tilt_deg": null,
  "roll_deg": null,
  "pitch_deg": null,
  "near_plane_normal": null,
  "near_plane_n_inliers": null,
  "ee_mask": null,
  "ee_masking_applied": false,
  "signal_a_is_6dof": false,
  "c_E": null,
  "sam_center_pt": [
    644.725830078125,
    413.311767578125
  ],
  "bbox_at_border": false,
  "source": "live"
}