{
  "frame_index": 0,
  "source": "live",
  "detector_used": "gdino",
  "detection_was_skipped": false,
  "candidates": [
    {
      "box_xyxy": [
        512.5496826171875,
        251.93057250976562,
        705.1502685546875,
        596.6242065429688
      ],
      "score": 0.3831128776073456,
      "label": "cardboard box package carton"
    },
    {
      "box_xyxy": [
        470.3411865234375,
        229.76046752929688,
        755.0159301757812,
        622.1220703125
      ],
      "score": 0.3160211443901062,
      "label": "cardboard box package carton"
    },
    {
      "box_xyxy": [
        116.26480102539062,
        3.11861515045166,
        1076.083251953125,
        537.5425415039062
      ],
      "score": 0.2672569155693054,
      "label": "parcel"
    }
  ],
  "chosen_box_xyxy": [
    512.5496826171875,
    251.93057250976562,
    705.1502685546875,
    596.6242065429688
  ],
  "sam_center_pt": [
    608.8499755859375,
    424.27740478515625
  ],
  "sam_score": 0.9926663041114807,
  "similarity": 0.6873285174369812,
  "best_centroid": [
    607,
    423
  ],
  "mask_area_px": 58642,
  "frame_shape": [
    720,
    1280,
    3
  ]
}