{
  "frame_index": 30,
  "source": "live",
  "detector_used": "gdino",
  "detection_was_skipped": false,
  "candidates": [
    {
      "box_xyxy": [
        512.7149047851562,
        255.8669891357422,
        706.3233032226562,
        600.63623046875
      ],
      "score": 0.39969369769096375,
      "label": "cardboard box package carton"
    },
    {
      "box_xyxy": [
        471.0855712890625,
        234.64022827148438,
        754.3402099609375,
        624.7673950195312
      ],
      "score": 0.3080192506313324,
      "label": "cardboard box package carton"
    },
    {
      "box_xyxy": [
        116.7352294921875,
        2.6490354537963867,
        1078.1348876953125,
        539.36962890625
      ],
      "score": 0.324494868516922,
      "label": "parcel"
    }
  ],
  "chosen_box_xyxy": [
    512.7149047851562,
    255.8669891357422,
    706.3233032226562,
    600.63623046875
  ],
  "sam_center_pt": [
    609.5191040039062,
    428.2516174316406
  ],
  "sam_score": 0.9925658702850342,
  "similarity": 0.6853970289230347,
  "best_centroid": [
    608,
    427
  ],
  "mask_area_px": 58574,
  "frame_shape": [
    720,
    1280,
    3
  ]
}