{
  "frame_index": 0,
  "source": "live",
  "detector_used": "sam3",
  "detection_was_skipped": false,
  "candidates": [
    {
      "box_xyxy": [
        401.67626953125,
        521.0897827148438,
        791.3375244140625,
        720.4349975585938
      ],
      "score": 0.9516602754592896,
      "label": "box"
    },
    {
      "box_xyxy": [
        388.2817077636719,
        320.3830871582031,
        779.4730224609375,
        531.3665771484375
      ],
      "score": 0.9475794434547424,
      "label": "box"
    }
  ],
  "chosen_box_xyxy": [
    388.2817077636719,
    320.3830871582031,
    779.4730224609375,
    531.3665771484375
  ],
  "sam_center_pt": [
    583.8773803710938,
    425.87481689453125
  ],
  "sam_score": 0.9475794434547424,
  "similarity": 0.9609217643737793,
  "best_centroid": [
    583,
    425
  ]
}