{
  "mask_np": null,
  "depth_np": null,
  "gdino_box": [
    528.3831176757812,
    240.224609375,
    765.2844848632812,
    676.2012329101562
  ],
  "sam_score": 0.9802725911140442,
  "similarity": 0.920768141746521,
  "dets_all": [
    [
      [
        758.9989624023438,
        344.782958984375,
        1238.16943359375,
        664.6793212890625
      ],
      0.9594026207923889,
      "box"
    ],
    [
      [
        150.6791534423828,
        485.643798828125,
        522.6010131835938,
        685.1525268554688
      ],
      0.9718570113182068,
      "box"
    ],
    [
      [
        754.0875244140625,
        107.43168640136719,
        1150.6080322265625,
        364.8508605957031
      ],
      0.9123719930648804,
      "box"
    ],
    [
      [
        528.3831176757812,
        240.224609375,
        765.2844848632812,
        676.2012329101562
      ],
      0.9802725911140442,
      "box"
    ],
    [
      [
        148.64212036132812,
        297.1822814941406,
        525.2631225585938,
        490.1416015625
      ],
      0.9736544489860535,
      "box"
    ]
  ],
  "detector_used": "sam3",
  "detection_was_skipped": false,
  "state": "FAR",
  "c_A": null,
  "c_B": null,
  "c_C": null,
  "c_D": null,
  "c_fused": null,
  "weights": null,
  "watchdog_alarm": false,
  "plane_normal": null,
  "z_mm": 449.4775390625,
  "in_frame_fraction": null,
  "best_centroid": [
    642.5489425219695,
    458.7307635706177
  ],
  "sam_center_pt": [
    646.8338012695312,
    458.2129211425781
  ],
  "bbox_at_border": false,
  "source": "live"
}