{
  "frame_index": 60,
  "source": "live",
  "detector_used": "gdino",
  "detection_was_skipped": false,
  "candidates": [
    {
      "box_xyxy": [
        465.9903564453125,
        486.2124938964844,
        807.4254760742188,
        691.1797485351562
      ],
      "score": 0.3830055296421051,
      "label": "cardboard box package carton"
    },
    {
      "box_xyxy": [
        421.909423828125,
        456.49310302734375,
        860.8939208984375,
        708.0145263671875
      ],
      "score": 0.32821276783943176,
      "label": "cardboard box package carton"
    },
    {
      "box_xyxy": [
        398.2989196777344,
        422.2566833496094,
        887.5372314453125,
        713.0216064453125
      ],
      "score": 0.26821568608283997,
      "label": "package carton"
    }
  ],
  "chosen_box_xyxy": [
    465.9903564453125,
    486.2124938964844,
    807.4254760742188,
    691.1797485351562
  ],
  "sam_center_pt": [
    636.7078857421875,
    588.6961059570312
  ],
  "sam_score": 0.9943892359733582,
  "similarity": 0.9013875126838684,
  "best_centroid": [
    636,
    590
  ],
  "mask_area_px": 66985,
  "frame_shape": [
    720,
    1280,
    3
  ]
}