{
  "mask_np": null,
  "depth_np": null,
  "gdino_box": [
    555.1867065429688,
    244.54173278808594,
    734.3372802734375,
    584.2550048828125
  ],
  "sam_score": 0.9652320146560669,
  "similarity": 0.9247435927391052,
  "dets_all": [
    [
      [
        555.1867065429688,
        244.54173278808594,
        734.3372802734375,
        584.2550048828125
      ],
      0.9652320146560669,
      "box"
    ]
  ],
  "detector_used": "sam3",
  "detection_was_skipped": false,
  "state": "FAR",
  "c_A": null,
  "c_B": null,
  "c_C": null,
  "c_D": null,
  "c_fused": null,
  "weights": null,
  "watchdog_alarm": false,
  "plane_normal": null,
  "z_mm": 578.0147705078125,
  "in_frame_fraction": null,
  "best_centroid": [
    644.3299899176025,
    413.0601988665995
  ],
  "tilt_deg": null,
  "roll_deg": null,
  "pitch_deg": null,
  "near_plane_normal": null,
  "near_plane_n_inliers": null,
  "ee_mask": null,
  "ee_masking_applied": false,
  "signal_a_is_6dof": false,
  "c_E": null,
  "sam_center_pt": [
    644.761962890625,
    414.39837646484375
  ],
  "bbox_at_border": false,
  "source": "live"
}