{
  "frame_index": 60,
  "source": "live",
  "detector_used": "sam3",
  "detection_was_skipped": false,
  "candidates": [
    {
      "box_xyxy": [
        513.1165161132812,
        274.51824951171875,
        735.6015014648438,
        690.4361572265625
      ],
      "score": 0.9494152665138245,
      "label": "box"
    }
  ],
  "chosen_box_xyxy": [
    513.1165161132812,
    274.51824951171875,
    735.6015014648438,
    690.4361572265625
  ],
  "sam_center_pt": [
    624.3590087890625,
    482.4772033691406
  ],
  "sam_score": 0.9494152665138245,
  "similarity": 0.7664437890052795,
  "best_centroid": [
    623,
    481
  ],
  "mask_area_px": 86821,
  "frame_shape": [
    720,
    1280,
    3
  ]
}