{
  "frame_index": 0,
  "source": "live",
  "detector_used": "sam3",
  "detection_was_skipped": false,
  "candidates": [
    {
      "box_xyxy": [
        519.7618408203125,
        253.3687744140625,
        703.2138671875,
        592.5665893554688
      ],
      "score": 0.9577963352203369,
      "label": "box"
    }
  ],
  "chosen_box_xyxy": [
    519.7618408203125,
    253.3687744140625,
    703.2138671875,
    592.5665893554688
  ],
  "sam_center_pt": [
    611.4878540039062,
    422.9676818847656
  ],
  "sam_score": 0.9577963352203369,
  "similarity": 0.7640644907951355,
  "best_centroid": [
    610,
    422
  ],
  "mask_area_px": 57804,
  "frame_shape": [
    720,
    1280,
    3
  ]
}