{
  "frame_index": 0,
  "source": "live",
  "detector_used": "sam3",
  "detection_was_skipped": false,
  "candidates": [
    {
      "box_xyxy": [
        539.9240112304688,
        229.3548583984375,
        775.1748657226562,
        665.0538330078125
      ],
      "score": 0.9338636994361877,
      "label": "box"
    }
  ],
  "chosen_box_xyxy": [
    539.9240112304688,
    229.3548583984375,
    775.1748657226562,
    665.0538330078125
  ],
  "sam_center_pt": [
    657.5494384765625,
    447.204345703125
  ],
  "sam_score": 0.9338636994361877,
  "similarity": 0.9257643222808838,
  "best_centroid": [
    656,
    447
  ],
  "mask_area_px": 94814,
  "frame_shape": [
    720,
    1280,
    3
  ]
}