{
  "frame_index": 60,
  "source": "live",
  "detector_used": "sam3",
  "detection_was_skipped": false,
  "candidates": [
    {
      "box_xyxy": [
        491.66412353515625,
        261.8476257324219,
        793.88916015625,
        720.9021606445312
      ],
      "score": 0.8870844841003418,
      "label": "box"
    }
  ],
  "chosen_box_xyxy": [
    491.66412353515625,
    261.8476257324219,
    793.88916015625,
    720.9021606445312
  ],
  "sam_center_pt": [
    642.776611328125,
    491.3748779296875
  ],
  "sam_score": 0.8870844841003418,
  "similarity": 0.9377695322036743,
  "best_centroid": [
    641,
    492
  ],
  "mask_area_px": 133182,
  "frame_shape": [
    720,
    1280,
    3
  ]
}