{
  "mask_np": null,
  "depth_np": null,
  "gdino_box": [
    528.8798828125,
    197.7918701171875,
    761.468994140625,
    626.9385986328125
  ],
  "sam_score": 0.9815564155578613,
  "similarity": 0.9192442893981934,
  "dets_all": [
    [
      [
        758.1412353515625,
        304.0406799316406,
        1235.4561767578125,
        618.574951171875
      ],
      0.9656449556350708,
      "box"
    ],
    [
      [
        166.33624267578125,
        442.8196716308594,
        525.7706298828125,
        632.1231079101562
      ],
      0.9760028719902039,
      "box"
    ],
    [
      [
        759.0249633789062,
        57.91382598876953,
        1170.52978515625,
        251.07363891601562
      ],
      0.9342097640037537,
      "box"
    ],
    [
      [
        528.8798828125,
        197.7918701171875,
        761.468994140625,
        626.9385986328125
      ],
      0.9815564155578613,
      "box"
    ],
    [
      [
        159.7855224609375,
        255.0428924560547,
        526.4263916015625,
        445.2437438964844
      ],
      0.9768799543380737,
      "box"
    ],
    [
      [
        760.667236328125,
        235.110595703125,
        1150.0810546875,
        325.8246765136719
      ],
      0.9156631231307983,
      "box"
    ]
  ],
  "detector_used": "sam3",
  "detection_was_skipped": false,
  "state": "FAR",
  "c_A": null,
  "c_B": null,
  "c_C": null,
  "c_D": null,
  "c_fused": null,
  "weights": null,
  "watchdog_alarm": false,
  "plane_normal": null,
  "z_mm": 452.9371643066406,
  "in_frame_fraction": null,
  "best_centroid": [
    643.0552240891842,
    411.89089560421843
  ],
  "sam_center_pt": [
    645.1744384765625,
    412.365234375
  ],
  "bbox_at_border": false,
  "source": "live"
}