{
  "frame_index": 0,
  "source": "live",
  "detector_used": "sam3",
  "detection_was_skipped": false,
  "candidates": [
    {
      "box_xyxy": [
        449.4104309082031,
        278.3978576660156,
        624.3271484375,
        606.4573364257812
      ],
      "score": 0.9533314108848572,
      "label": "box"
    }
  ],
  "chosen_box_xyxy": [
    449.4104309082031,
    278.3978576660156,
    624.3271484375,
    606.4573364257812
  ],
  "sam_center_pt": [
    536.8687744140625,
    442.4276123046875
  ],
  "sam_score": 0.9533314108848572,
  "similarity": 0.9054994583129883,
  "best_centroid": [
    535,
    442
  ]
}