{
  "mask_np": null,
  "depth_np": null,
  "gdino_box": [
    512.5494384765625,
    244.08192443847656,
    748.84814453125,
    680.7362060546875
  ],
  "sam_score": 0.9812154173851013,
  "similarity": 0.9170061349868774,
  "dets_all": [
    [
      [
        740.6944580078125,
        353.2685546875,
        1221.5174560546875,
        668.783447265625
      ],
      0.9650766849517822,
      "box"
    ],
    [
      [
        739.3052978515625,
        112.23009490966797,
        1134.3609619140625,
        295.7059020996094
      ],
      0.8594376444816589,
      "box"
    ],
    [
      [
        132.58238220214844,
        489.89642333984375,
        506.4849853515625,
        689.8349609375
      ],
      0.9740294814109802,
      "box"
    ],
    [
      [
        512.5494384765625,
        244.08192443847656,
        748.84814453125,
        680.7362060546875
      ],
      0.9812154173851013,
      "box"
    ],
    [
      [
        131.1917724609375,
        301.0068054199219,
        508.75128173828125,
        493.96905517578125
      ],
      0.9727464914321899,
      "box"
    ],
    [
      [
        743.49072265625,
        281.669677734375,
        1121.760498046875,
        369.04437255859375
      ],
      0.8466136455535889,
      "box"
    ]
  ],
  "detector_used": "sam3",
  "detection_was_skipped": false,
  "state": "FAR",
  "c_A": null,
  "c_B": null,
  "c_C": null,
  "c_D": null,
  "c_fused": null,
  "weights": null,
  "watchdog_alarm": false,
  "plane_normal": null,
  "z_mm": 449.900146484375,
  "in_frame_fraction": null,
  "best_centroid": [
    626.6311294360182,
    463.19723583734776
  ],
  "sam_center_pt": [
    630.6987915039062,
    462.4090576171875
  ],
  "bbox_at_border": false,
  "source": "live"
}